--
-- PostgreSQL database dump
--

-- Dumped from database version 17.5
-- Dumped by pg_dump version 17.5

SET statement_timeout = 0;
SET lock_timeout = 0;
SET idle_in_transaction_session_timeout = 0;
SET transaction_timeout = 0;
SET client_encoding = 'UTF8';
SET standard_conforming_strings = on;
SELECT pg_catalog.set_config('search_path', '', false);
SET check_function_bodies = false;
SET xmloption = content;
SET client_min_messages = warning;
SET row_security = off;

SET default_tablespace = '';

SET default_table_access_method = heap;

--
-- Name: auth_group; Type: TABLE; Schema: public; Owner: estuary
--

CREATE TABLE public.auth_group (
    id integer NOT NULL,
    name character varying(150) NOT NULL
);


ALTER TABLE public.auth_group OWNER TO estuary;

--
-- Name: auth_group_id_seq; Type: SEQUENCE; Schema: public; Owner: estuary
--

ALTER TABLE public.auth_group ALTER COLUMN id ADD GENERATED BY DEFAULT AS IDENTITY (
    SEQUENCE NAME public.auth_group_id_seq
    START WITH 1
    INCREMENT BY 1
    NO MINVALUE
    NO MAXVALUE
    CACHE 1
);


--
-- Name: auth_group_permissions; Type: TABLE; Schema: public; Owner: estuary
--

CREATE TABLE public.auth_group_permissions (
    id bigint NOT NULL,
    group_id integer NOT NULL,
    permission_id integer NOT NULL
);


ALTER TABLE public.auth_group_permissions OWNER TO estuary;

--
-- Name: auth_group_permissions_id_seq; Type: SEQUENCE; Schema: public; Owner: estuary
--

ALTER TABLE public.auth_group_permissions ALTER COLUMN id ADD GENERATED BY DEFAULT AS IDENTITY (
    SEQUENCE NAME public.auth_group_permissions_id_seq
    START WITH 1
    INCREMENT BY 1
    NO MINVALUE
    NO MAXVALUE
    CACHE 1
);


--
-- Name: auth_permission; Type: TABLE; Schema: public; Owner: estuary
--

CREATE TABLE public.auth_permission (
    id integer NOT NULL,
    name character varying(255) NOT NULL,
    content_type_id integer NOT NULL,
    codename character varying(100) NOT NULL
);


ALTER TABLE public.auth_permission OWNER TO estuary;

--
-- Name: auth_permission_id_seq; Type: SEQUENCE; Schema: public; Owner: estuary
--

ALTER TABLE public.auth_permission ALTER COLUMN id ADD GENERATED BY DEFAULT AS IDENTITY (
    SEQUENCE NAME public.auth_permission_id_seq
    START WITH 1
    INCREMENT BY 1
    NO MINVALUE
    NO MAXVALUE
    CACHE 1
);


--
-- Name: bookings_booking; Type: TABLE; Schema: public; Owner: estuary
--

CREATE TABLE public.bookings_booking (
    id bigint NOT NULL,
    created_at timestamp with time zone NOT NULL,
    updated_at timestamp with time zone NOT NULL,
    is_deleted boolean NOT NULL,
    deleted_at timestamp with time zone,
    public_uuid uuid NOT NULL,
    start_time timestamp with time zone NOT NULL,
    end_time timestamp with time zone NOT NULL,
    actual_start_time timestamp with time zone,
    actual_end_time timestamp with time zone,
    timezone character varying(50) NOT NULL,
    status character varying(20) NOT NULL,
    payment_status character varying(20) NOT NULL,
    title character varying(255),
    description text,
    client_notes text,
    practitioner_notes text,
    meeting_url character varying(200),
    meeting_id character varying(100),
    price_charged_cents integer NOT NULL,
    discount_amount_cents integer NOT NULL,
    final_amount_cents integer NOT NULL,
    service_name_snapshot character varying(255) NOT NULL,
    service_description_snapshot text NOT NULL,
    practitioner_name_snapshot character varying(255) NOT NULL,
    service_duration_snapshot integer,
    package_name_snapshot character varying(255) NOT NULL,
    package_contents_snapshot jsonb,
    bundle_name_snapshot character varying(255) NOT NULL,
    bundle_sessions_snapshot integer,
    completed_at timestamp with time zone,
    no_show_at timestamp with time zone,
    canceled_at timestamp with time zone,
    canceled_by character varying(20),
    cancellation_reason text,
    status_changed_at timestamp with time zone NOT NULL,
    confirmed_at timestamp with time zone,
    started_at timestamp with time zone,
    is_package_purchase boolean NOT NULL,
    is_bundle_purchase boolean NOT NULL,
    max_participants integer NOT NULL,
    location_id bigint,
    parent_booking_id bigint,
    payment_transaction_id bigint,
    practitioner_id bigint NOT NULL,
    rescheduled_from_id bigint,
    room_id bigint,
    service_id bigint NOT NULL,
    service_session_id bigint,
    user_id bigint NOT NULL,
    CONSTRAINT booking_non_negative_amount CHECK ((final_amount_cents >= 0)),
    CONSTRAINT booking_valid_time_range CHECK ((start_time < end_time)),
    CONSTRAINT bookings_booking_bundle_sessions_snapshot_check CHECK ((bundle_sessions_snapshot >= 0)),
    CONSTRAINT bookings_booking_max_participants_check CHECK ((max_participants >= 0)),
    CONSTRAINT bookings_booking_service_duration_snapshot_check CHECK ((service_duration_snapshot >= 0))
);


ALTER TABLE public.bookings_booking OWNER TO estuary;

--
-- Name: bookings_booking_id_seq; Type: SEQUENCE; Schema: public; Owner: estuary
--

ALTER TABLE public.bookings_booking ALTER COLUMN id ADD GENERATED BY DEFAULT AS IDENTITY (
    SEQUENCE NAME public.bookings_booking_id_seq
    START WITH 1
    INCREMENT BY 1
    NO MINVALUE
    NO MAXVALUE
    CACHE 1
);


--
-- Name: bookings_bookingnote; Type: TABLE; Schema: public; Owner: estuary
--

CREATE TABLE public.bookings_bookingnote (
    id bigint NOT NULL,
    created_at timestamp with time zone NOT NULL,
    updated_at timestamp with time zone NOT NULL,
    content text NOT NULL,
    is_private boolean NOT NULL,
    author_id bigint NOT NULL,
    booking_id bigint NOT NULL
);


ALTER TABLE public.bookings_bookingnote OWNER TO estuary;

--
-- Name: bookings_bookingnote_id_seq; Type: SEQUENCE; Schema: public; Owner: estuary
--

ALTER TABLE public.bookings_bookingnote ALTER COLUMN id ADD GENERATED BY DEFAULT AS IDENTITY (
    SEQUENCE NAME public.bookings_bookingnote_id_seq
    START WITH 1
    INCREMENT BY 1
    NO MINVALUE
    NO MAXVALUE
    CACHE 1
);


--
-- Name: bookings_bookingreminder; Type: TABLE; Schema: public; Owner: estuary
--

CREATE TABLE public.bookings_bookingreminder (
    id bigint NOT NULL,
    created_at timestamp with time zone NOT NULL,
    updated_at timestamp with time zone NOT NULL,
    reminder_type character varying(20) NOT NULL,
    scheduled_time timestamp with time zone NOT NULL,
    sent_at timestamp with time zone,
    subject character varying(255),
    message text,
    is_sent boolean NOT NULL,
    send_attempts integer NOT NULL,
    last_attempt_at timestamp with time zone,
    error_message text,
    booking_id bigint NOT NULL,
    CONSTRAINT bookings_bookingreminder_send_attempts_check CHECK ((send_attempts >= 0))
);


ALTER TABLE public.bookings_bookingreminder OWNER TO estuary;

--
-- Name: bookings_bookingreminder_id_seq; Type: SEQUENCE; Schema: public; Owner: estuary
--

ALTER TABLE public.bookings_bookingreminder ALTER COLUMN id ADD GENERATED BY DEFAULT AS IDENTITY (
    SEQUENCE NAME public.bookings_bookingreminder_id_seq
    START WITH 1
    INCREMENT BY 1
    NO MINVALUE
    NO MAXVALUE
    CACHE 1
);


--
-- Name: certifications; Type: TABLE; Schema: public; Owner: estuary
--

CREATE TABLE public.certifications (
    id bigint NOT NULL,
    created_at timestamp with time zone NOT NULL,
    updated_at timestamp with time zone NOT NULL,
    certificate text,
    institution text,
    "order" integer NOT NULL,
    issue_date date,
    expiry_date date
);


ALTER TABLE public.certifications OWNER TO estuary;

--
-- Name: TABLE certifications; Type: COMMENT; Schema: public; Owner: estuary
--

COMMENT ON TABLE public.certifications IS 'User certifications';


--
-- Name: certifications_id_seq; Type: SEQUENCE; Schema: public; Owner: estuary
--

ALTER TABLE public.certifications ALTER COLUMN id ADD GENERATED BY DEFAULT AS IDENTITY (
    SEQUENCE NAME public.certifications_id_seq
    START WITH 1
    INCREMENT BY 1
    NO MINVALUE
    NO MAXVALUE
    CACHE 1
);


--
-- Name: common_modality; Type: TABLE; Schema: public; Owner: estuary
--

CREATE TABLE public.common_modality (
    id bigint NOT NULL,
    created_at timestamp with time zone NOT NULL,
    updated_at timestamp with time zone NOT NULL,
    name character varying(100) NOT NULL,
    description text,
    icon character varying(50),
    category character varying(50),
    is_active boolean NOT NULL,
    "order" integer NOT NULL,
    CONSTRAINT common_modality_order_check CHECK (("order" >= 0))
);


ALTER TABLE public.common_modality OWNER TO estuary;

--
-- Name: common_modality_id_seq; Type: SEQUENCE; Schema: public; Owner: estuary
--

ALTER TABLE public.common_modality ALTER COLUMN id ADD GENERATED BY DEFAULT AS IDENTITY (
    SEQUENCE NAME public.common_modality_id_seq
    START WITH 1
    INCREMENT BY 1
    NO MINVALUE
    NO MAXVALUE
    CACHE 1
);


--
-- Name: community_communityfollow; Type: TABLE; Schema: public; Owner: estuary
--

CREATE TABLE public.community_communityfollow (
    id bigint NOT NULL,
    created_at timestamp with time zone NOT NULL,
    updated_at timestamp with time zone NOT NULL,
    practitioner_id bigint NOT NULL,
    user_id bigint NOT NULL
);


ALTER TABLE public.community_communityfollow OWNER TO estuary;

--
-- Name: community_communityfollow_id_seq; Type: SEQUENCE; Schema: public; Owner: estuary
--

ALTER TABLE public.community_communityfollow ALTER COLUMN id ADD GENERATED BY DEFAULT AS IDENTITY (
    SEQUENCE NAME public.community_communityfollow_id_seq
    START WITH 1
    INCREMENT BY 1
    NO MINVALUE
    NO MAXVALUE
    CACHE 1
);


--
-- Name: community_communitytopic; Type: TABLE; Schema: public; Owner: estuary
--

CREATE TABLE public.community_communitytopic (
    id bigint NOT NULL,
    created_at timestamp with time zone NOT NULL,
    updated_at timestamp with time zone NOT NULL,
    name character varying(50) NOT NULL,
    slug character varying(50) NOT NULL,
    description text NOT NULL,
    is_featured boolean NOT NULL,
    post_count integer NOT NULL,
    CONSTRAINT community_communitytopic_post_count_check CHECK ((post_count >= 0))
);


ALTER TABLE public.community_communitytopic OWNER TO estuary;

--
-- Name: community_communitytopic_id_seq; Type: SEQUENCE; Schema: public; Owner: estuary
--

ALTER TABLE public.community_communitytopic ALTER COLUMN id ADD GENERATED BY DEFAULT AS IDENTITY (
    SEQUENCE NAME public.community_communitytopic_id_seq
    START WITH 1
    INCREMENT BY 1
    NO MINVALUE
    NO MAXVALUE
    CACHE 1
);


--
-- Name: community_post; Type: TABLE; Schema: public; Owner: estuary
--

CREATE TABLE public.community_post (
    id bigint NOT NULL,
    created_at timestamp with time zone NOT NULL,
    updated_at timestamp with time zone NOT NULL,
    title character varying(255) NOT NULL,
    content text NOT NULL,
    media_url character varying(200) NOT NULL,
    media_type character varying(20) NOT NULL,
    visibility character varying(20) NOT NULL,
    is_pinned boolean NOT NULL,
    is_featured boolean NOT NULL,
    is_archived boolean NOT NULL,
    like_count integer NOT NULL,
    heart_count integer NOT NULL,
    comment_count integer NOT NULL,
    practitioner_id bigint NOT NULL,
    CONSTRAINT community_post_comment_count_check CHECK ((comment_count >= 0)),
    CONSTRAINT community_post_heart_count_check CHECK ((heart_count >= 0)),
    CONSTRAINT community_post_like_count_check CHECK ((like_count >= 0))
);


ALTER TABLE public.community_post OWNER TO estuary;

--
-- Name: community_post_id_seq; Type: SEQUENCE; Schema: public; Owner: estuary
--

ALTER TABLE public.community_post ALTER COLUMN id ADD GENERATED BY DEFAULT AS IDENTITY (
    SEQUENCE NAME public.community_post_id_seq
    START WITH 1
    INCREMENT BY 1
    NO MINVALUE
    NO MAXVALUE
    CACHE 1
);


--
-- Name: community_post_topics; Type: TABLE; Schema: public; Owner: estuary
--

CREATE TABLE public.community_post_topics (
    id bigint NOT NULL,
    post_id bigint NOT NULL,
    communitytopic_id bigint NOT NULL
);


ALTER TABLE public.community_post_topics OWNER TO estuary;

--
-- Name: community_post_topics_id_seq; Type: SEQUENCE; Schema: public; Owner: estuary
--

ALTER TABLE public.community_post_topics ALTER COLUMN id ADD GENERATED BY DEFAULT AS IDENTITY (
    SEQUENCE NAME public.community_post_topics_id_seq
    START WITH 1
    INCREMENT BY 1
    NO MINVALUE
    NO MAXVALUE
    CACHE 1
);


--
-- Name: community_postcomment; Type: TABLE; Schema: public; Owner: estuary
--

CREATE TABLE public.community_postcomment (
    id bigint NOT NULL,
    created_at timestamp with time zone NOT NULL,
    updated_at timestamp with time zone NOT NULL,
    content text NOT NULL,
    is_hidden boolean NOT NULL,
    parent_comment_id bigint,
    post_id bigint NOT NULL,
    user_id bigint NOT NULL
);


ALTER TABLE public.community_postcomment OWNER TO estuary;

--
-- Name: community_postcomment_id_seq; Type: SEQUENCE; Schema: public; Owner: estuary
--

ALTER TABLE public.community_postcomment ALTER COLUMN id ADD GENERATED BY DEFAULT AS IDENTITY (
    SEQUENCE NAME public.community_postcomment_id_seq
    START WITH 1
    INCREMENT BY 1
    NO MINVALUE
    NO MAXVALUE
    CACHE 1
);


--
-- Name: community_postpurchasevisibility; Type: TABLE; Schema: public; Owner: estuary
--

CREATE TABLE public.community_postpurchasevisibility (
    id bigint NOT NULL,
    created_at timestamp with time zone NOT NULL,
    updated_at timestamp with time zone NOT NULL,
    post_id bigint NOT NULL,
    service_id bigint NOT NULL
);


ALTER TABLE public.community_postpurchasevisibility OWNER TO estuary;

--
-- Name: community_postpurchasevisibility_id_seq; Type: SEQUENCE; Schema: public; Owner: estuary
--

ALTER TABLE public.community_postpurchasevisibility ALTER COLUMN id ADD GENERATED BY DEFAULT AS IDENTITY (
    SEQUENCE NAME public.community_postpurchasevisibility_id_seq
    START WITH 1
    INCREMENT BY 1
    NO MINVALUE
    NO MAXVALUE
    CACHE 1
);


--
-- Name: community_postreaction; Type: TABLE; Schema: public; Owner: estuary
--

CREATE TABLE public.community_postreaction (
    id bigint NOT NULL,
    created_at timestamp with time zone NOT NULL,
    updated_at timestamp with time zone NOT NULL,
    reaction_type character varying(20) NOT NULL,
    post_id bigint NOT NULL,
    user_id bigint NOT NULL
);


ALTER TABLE public.community_postreaction OWNER TO estuary;

--
-- Name: community_postreaction_id_seq; Type: SEQUENCE; Schema: public; Owner: estuary
--

ALTER TABLE public.community_postreaction ALTER COLUMN id ADD GENERATED BY DEFAULT AS IDENTITY (
    SEQUENCE NAME public.community_postreaction_id_seq
    START WITH 1
    INCREMENT BY 1
    NO MINVALUE
    NO MAXVALUE
    CACHE 1
);


--
-- Name: django_admin_log; Type: TABLE; Schema: public; Owner: estuary
--

CREATE TABLE public.django_admin_log (
    id integer NOT NULL,
    action_time timestamp with time zone NOT NULL,
    object_id text,
    object_repr character varying(200) NOT NULL,
    action_flag smallint NOT NULL,
    change_message text NOT NULL,
    content_type_id integer,
    user_id bigint NOT NULL,
    CONSTRAINT django_admin_log_action_flag_check CHECK ((action_flag >= 0))
);


ALTER TABLE public.django_admin_log OWNER TO estuary;

--
-- Name: django_admin_log_id_seq; Type: SEQUENCE; Schema: public; Owner: estuary
--

ALTER TABLE public.django_admin_log ALTER COLUMN id ADD GENERATED BY DEFAULT AS IDENTITY (
    SEQUENCE NAME public.django_admin_log_id_seq
    START WITH 1
    INCREMENT BY 1
    NO MINVALUE
    NO MAXVALUE
    CACHE 1
);


--
-- Name: django_content_type; Type: TABLE; Schema: public; Owner: estuary
--

CREATE TABLE public.django_content_type (
    id integer NOT NULL,
    app_label character varying(100) NOT NULL,
    model character varying(100) NOT NULL
);


ALTER TABLE public.django_content_type OWNER TO estuary;

--
-- Name: django_content_type_id_seq; Type: SEQUENCE; Schema: public; Owner: estuary
--

ALTER TABLE public.django_content_type ALTER COLUMN id ADD GENERATED BY DEFAULT AS IDENTITY (
    SEQUENCE NAME public.django_content_type_id_seq
    START WITH 1
    INCREMENT BY 1
    NO MINVALUE
    NO MAXVALUE
    CACHE 1
);


--
-- Name: django_migrations; Type: TABLE; Schema: public; Owner: estuary
--

CREATE TABLE public.django_migrations (
    id bigint NOT NULL,
    app character varying(255) NOT NULL,
    name character varying(255) NOT NULL,
    applied timestamp with time zone NOT NULL
);


ALTER TABLE public.django_migrations OWNER TO estuary;

--
-- Name: django_migrations_id_seq; Type: SEQUENCE; Schema: public; Owner: estuary
--

ALTER TABLE public.django_migrations ALTER COLUMN id ADD GENERATED BY DEFAULT AS IDENTITY (
    SEQUENCE NAME public.django_migrations_id_seq
    START WITH 1
    INCREMENT BY 1
    NO MINVALUE
    NO MAXVALUE
    CACHE 1
);


--
-- Name: django_session; Type: TABLE; Schema: public; Owner: estuary
--

CREATE TABLE public.django_session (
    session_key character varying(40) NOT NULL,
    session_data text NOT NULL,
    expire_date timestamp with time zone NOT NULL
);


ALTER TABLE public.django_session OWNER TO estuary;

--
-- Name: educations; Type: TABLE; Schema: public; Owner: estuary
--

CREATE TABLE public.educations (
    id bigint NOT NULL,
    created_at timestamp with time zone NOT NULL,
    updated_at timestamp with time zone NOT NULL,
    degree text,
    educational_institute text,
    "order" integer NOT NULL
);


ALTER TABLE public.educations OWNER TO estuary;

--
-- Name: TABLE educations; Type: COMMENT; Schema: public; Owner: estuary
--

COMMENT ON TABLE public.educations IS 'User educations';


--
-- Name: educations_id_seq; Type: SEQUENCE; Schema: public; Owner: estuary
--

ALTER TABLE public.educations ALTER COLUMN id ADD GENERATED BY DEFAULT AS IDENTITY (
    SEQUENCE NAME public.educations_id_seq
    START WITH 1
    INCREMENT BY 1
    NO MINVALUE
    NO MAXVALUE
    CACHE 1
);


--
-- Name: external_service_fees; Type: TABLE; Schema: public; Owner: estuary
--

CREATE TABLE public.external_service_fees (
    id bigint NOT NULL,
    name character varying(100) NOT NULL,
    fee_type character varying(20) NOT NULL,
    amount numeric(10,2) NOT NULL,
    is_active boolean NOT NULL,
    is_practitioner_responsible boolean NOT NULL,
    description text,
    created_at timestamp with time zone NOT NULL,
    updated_at timestamp with time zone NOT NULL,
    service_type_id bigint
);


ALTER TABLE public.external_service_fees OWNER TO estuary;

--
-- Name: external_service_fees_id_seq; Type: SEQUENCE; Schema: public; Owner: estuary
--

ALTER TABLE public.external_service_fees ALTER COLUMN id ADD GENERATED BY DEFAULT AS IDENTITY (
    SEQUENCE NAME public.external_service_fees_id_seq
    START WITH 1
    INCREMENT BY 1
    NO MINVALUE
    NO MAXVALUE
    CACHE 1
);


--
-- Name: financial_reports; Type: TABLE; Schema: public; Owner: estuary
--

CREATE TABLE public.financial_reports (
    id uuid NOT NULL,
    report_type character varying(20) NOT NULL,
    start_date date NOT NULL,
    end_date date NOT NULL,
    total_revenue numeric(12,2) NOT NULL,
    total_payouts numeric(12,2) NOT NULL,
    platform_fees numeric(12,2) NOT NULL,
    tax_collected numeric(12,2) NOT NULL,
    refunds_amount numeric(12,2) NOT NULL,
    net_income numeric(12,2) NOT NULL,
    generated_at timestamp with time zone NOT NULL,
    report_data jsonb
);


ALTER TABLE public.financial_reports OWNER TO estuary;

--
-- Name: locations_city; Type: TABLE; Schema: public; Owner: estuary
--

CREATE TABLE public.locations_city (
    id bigint NOT NULL,
    created_at timestamp with time zone NOT NULL,
    updated_at timestamp with time zone NOT NULL,
    name character varying(100) NOT NULL,
    slug character varying(100) NOT NULL,
    population integer,
    latitude numeric(9,6),
    longitude numeric(9,6),
    metro_area character varying(100),
    is_major boolean NOT NULL,
    is_active boolean NOT NULL,
    service_count integer NOT NULL,
    meta_title character varying(200),
    meta_description text,
    state_id bigint NOT NULL,
    CONSTRAINT locations_city_service_count_check CHECK ((service_count >= 0))
);


ALTER TABLE public.locations_city OWNER TO estuary;

--
-- Name: locations_city_id_seq; Type: SEQUENCE; Schema: public; Owner: estuary
--

ALTER TABLE public.locations_city ALTER COLUMN id ADD GENERATED BY DEFAULT AS IDENTITY (
    SEQUENCE NAME public.locations_city_id_seq
    START WITH 1
    INCREMENT BY 1
    NO MINVALUE
    NO MAXVALUE
    CACHE 1
);


--
-- Name: locations_country; Type: TABLE; Schema: public; Owner: estuary
--

CREATE TABLE public.locations_country (
    id bigint NOT NULL,
    created_at timestamp with time zone NOT NULL,
    updated_at timestamp with time zone NOT NULL,
    name character varying(100) NOT NULL,
    code character varying(2) NOT NULL,
    code_3 character varying(3) NOT NULL,
    numeric_code character varying(3),
    slug character varying(100) NOT NULL,
    phone_code character varying(10),
    currency_code character varying(3),
    is_active boolean NOT NULL
);


ALTER TABLE public.locations_country OWNER TO estuary;

--
-- Name: locations_country_id_seq; Type: SEQUENCE; Schema: public; Owner: estuary
--

ALTER TABLE public.locations_country ALTER COLUMN id ADD GENERATED BY DEFAULT AS IDENTITY (
    SEQUENCE NAME public.locations_country_id_seq
    START WITH 1
    INCREMENT BY 1
    NO MINVALUE
    NO MAXVALUE
    CACHE 1
);


--
-- Name: locations_practitionerlocation; Type: TABLE; Schema: public; Owner: estuary
--

CREATE TABLE public.locations_practitionerlocation (
    id bigint NOT NULL,
    created_at timestamp with time zone NOT NULL,
    updated_at timestamp with time zone NOT NULL,
    name character varying(255),
    address_line1 character varying(255) NOT NULL,
    address_line2 character varying(255),
    postal_code character varying(20) NOT NULL,
    latitude numeric(9,6),
    longitude numeric(9,6),
    is_primary boolean NOT NULL,
    is_virtual boolean NOT NULL,
    is_in_person boolean NOT NULL,
    service_radius_miles numeric(5,1),
    city_id bigint,
    country_id bigint,
    practitioner_id bigint NOT NULL,
    state_id bigint
);


ALTER TABLE public.locations_practitionerlocation OWNER TO estuary;

--
-- Name: locations_practitionerlocation_id_seq; Type: SEQUENCE; Schema: public; Owner: estuary
--

ALTER TABLE public.locations_practitionerlocation ALTER COLUMN id ADD GENERATED BY DEFAULT AS IDENTITY (
    SEQUENCE NAME public.locations_practitionerlocation_id_seq
    START WITH 1
    INCREMENT BY 1
    NO MINVALUE
    NO MAXVALUE
    CACHE 1
);


--
-- Name: locations_state; Type: TABLE; Schema: public; Owner: estuary
--

CREATE TABLE public.locations_state (
    id bigint NOT NULL,
    created_at timestamp with time zone NOT NULL,
    updated_at timestamp with time zone NOT NULL,
    name character varying(100) NOT NULL,
    code character varying(10) NOT NULL,
    slug character varying(100) NOT NULL,
    is_active boolean NOT NULL,
    meta_title character varying(200),
    meta_description text,
    country_id bigint NOT NULL
);


ALTER TABLE public.locations_state OWNER TO estuary;

--
-- Name: locations_state_id_seq; Type: SEQUENCE; Schema: public; Owner: estuary
--

ALTER TABLE public.locations_state ALTER COLUMN id ADD GENERATED BY DEFAULT AS IDENTITY (
    SEQUENCE NAME public.locations_state_id_seq
    START WITH 1
    INCREMENT BY 1
    NO MINVALUE
    NO MAXVALUE
    CACHE 1
);


--
-- Name: locations_zipcode; Type: TABLE; Schema: public; Owner: estuary
--

CREATE TABLE public.locations_zipcode (
    id bigint NOT NULL,
    created_at timestamp with time zone NOT NULL,
    updated_at timestamp with time zone NOT NULL,
    code character varying(20) NOT NULL,
    latitude numeric(9,6),
    longitude numeric(9,6),
    city_id bigint,
    country_id bigint NOT NULL
);


ALTER TABLE public.locations_zipcode OWNER TO estuary;

--
-- Name: locations_zipcode_id_seq; Type: SEQUENCE; Schema: public; Owner: estuary
--

ALTER TABLE public.locations_zipcode ALTER COLUMN id ADD GENERATED BY DEFAULT AS IDENTITY (
    SEQUENCE NAME public.locations_zipcode_id_seq
    START WITH 1
    INCREMENT BY 1
    NO MINVALUE
    NO MAXVALUE
    CACHE 1
);


--
-- Name: media_media; Type: TABLE; Schema: public; Owner: estuary
--

CREATE TABLE public.media_media (
    created_at timestamp with time zone NOT NULL,
    updated_at timestamp with time zone NOT NULL,
    is_deleted boolean NOT NULL,
    deleted_at timestamp with time zone,
    public_uuid uuid NOT NULL,
    id uuid NOT NULL,
    url character varying(500) NOT NULL,
    thumbnail_url character varying(500),
    filename character varying(255) NOT NULL,
    file_size bigint NOT NULL,
    content_type character varying(100) NOT NULL,
    media_type character varying(20) NOT NULL,
    entity_type character varying(50) NOT NULL,
    entity_id uuid NOT NULL,
    storage_key character varying(500) NOT NULL,
    title character varying(255),
    description text,
    alt_text character varying(500),
    status character varying(20) NOT NULL,
    processing_metadata jsonb,
    error_message text,
    width integer,
    height integer,
    duration double precision,
    is_primary boolean NOT NULL,
    display_order integer NOT NULL,
    view_count integer NOT NULL,
    download_count integer NOT NULL,
    processed_at timestamp with time zone,
    uploaded_by_id bigint,
    CONSTRAINT media_media_display_order_check CHECK ((display_order >= 0)),
    CONSTRAINT media_media_download_count_check CHECK ((download_count >= 0)),
    CONSTRAINT media_media_file_size_check CHECK ((file_size >= 0)),
    CONSTRAINT media_media_height_check CHECK ((height >= 0)),
    CONSTRAINT media_media_view_count_check CHECK ((view_count >= 0)),
    CONSTRAINT media_media_width_check CHECK ((width >= 0))
);


ALTER TABLE public.media_media OWNER TO estuary;

--
-- Name: media_mediaprocessingjob; Type: TABLE; Schema: public; Owner: estuary
--

CREATE TABLE public.media_mediaprocessingjob (
    id bigint NOT NULL,
    job_id uuid NOT NULL,
    status character varying(20) NOT NULL,
    operations character varying(50)[] NOT NULL,
    options jsonb NOT NULL,
    progress double precision NOT NULL,
    current_operation character varying(100),
    completed_operations character varying(50)[] NOT NULL,
    error_message text,
    started_at timestamp with time zone,
    completed_at timestamp with time zone,
    created_at timestamp with time zone NOT NULL,
    updated_at timestamp with time zone NOT NULL,
    media_id uuid NOT NULL
);


ALTER TABLE public.media_mediaprocessingjob OWNER TO estuary;

--
-- Name: media_mediaprocessingjob_id_seq; Type: SEQUENCE; Schema: public; Owner: estuary
--

ALTER TABLE public.media_mediaprocessingjob ALTER COLUMN id ADD GENERATED BY DEFAULT AS IDENTITY (
    SEQUENCE NAME public.media_mediaprocessingjob_id_seq
    START WITH 1
    INCREMENT BY 1
    NO MINVALUE
    NO MAXVALUE
    CACHE 1
);


--
-- Name: media_mediaversion; Type: TABLE; Schema: public; Owner: estuary
--

CREATE TABLE public.media_mediaversion (
    id bigint NOT NULL,
    version_type character varying(50) NOT NULL,
    url character varying(500) NOT NULL,
    storage_key character varying(500) NOT NULL,
    width integer,
    height integer,
    file_size bigint NOT NULL,
    format character varying(20) NOT NULL,
    created_at timestamp with time zone NOT NULL,
    media_id uuid NOT NULL,
    CONSTRAINT media_mediaversion_file_size_check CHECK ((file_size >= 0)),
    CONSTRAINT media_mediaversion_height_check CHECK ((height >= 0)),
    CONSTRAINT media_mediaversion_width_check CHECK ((width >= 0))
);


ALTER TABLE public.media_mediaversion OWNER TO estuary;

--
-- Name: media_mediaversion_id_seq; Type: SEQUENCE; Schema: public; Owner: estuary
--

ALTER TABLE public.media_mediaversion ALTER COLUMN id ADD GENERATED BY DEFAULT AS IDENTITY (
    SEQUENCE NAME public.media_mediaversion_id_seq
    START WITH 1
    INCREMENT BY 1
    NO MINVALUE
    NO MAXVALUE
    CACHE 1
);


--
-- Name: messaging_blockeduser; Type: TABLE; Schema: public; Owner: estuary
--

CREATE TABLE public.messaging_blockeduser (
    id bigint NOT NULL,
    created_at timestamp with time zone NOT NULL,
    updated_at timestamp with time zone NOT NULL,
    reason text NOT NULL,
    blocked_id bigint NOT NULL,
    blocker_id bigint NOT NULL
);


ALTER TABLE public.messaging_blockeduser OWNER TO estuary;

--
-- Name: messaging_blockeduser_id_seq; Type: SEQUENCE; Schema: public; Owner: estuary
--

ALTER TABLE public.messaging_blockeduser ALTER COLUMN id ADD GENERATED BY DEFAULT AS IDENTITY (
    SEQUENCE NAME public.messaging_blockeduser_id_seq
    START WITH 1
    INCREMENT BY 1
    NO MINVALUE
    NO MAXVALUE
    CACHE 1
);


--
-- Name: messaging_conversation; Type: TABLE; Schema: public; Owner: estuary
--

CREATE TABLE public.messaging_conversation (
    id bigint NOT NULL,
    created_at timestamp with time zone NOT NULL,
    updated_at timestamp with time zone NOT NULL,
    is_active boolean NOT NULL,
    is_archived boolean NOT NULL,
    title character varying(255) NOT NULL,
    conversation_type character varying(20) NOT NULL,
    related_booking_id bigint,
    related_service_id bigint
);


ALTER TABLE public.messaging_conversation OWNER TO estuary;

--
-- Name: messaging_conversation_id_seq; Type: SEQUENCE; Schema: public; Owner: estuary
--

ALTER TABLE public.messaging_conversation ALTER COLUMN id ADD GENERATED BY DEFAULT AS IDENTITY (
    SEQUENCE NAME public.messaging_conversation_id_seq
    START WITH 1
    INCREMENT BY 1
    NO MINVALUE
    NO MAXVALUE
    CACHE 1
);


--
-- Name: messaging_conversationparticipant; Type: TABLE; Schema: public; Owner: estuary
--

CREATE TABLE public.messaging_conversationparticipant (
    id bigint NOT NULL,
    created_at timestamp with time zone NOT NULL,
    updated_at timestamp with time zone NOT NULL,
    role character varying(20) NOT NULL,
    is_muted boolean NOT NULL,
    muted_until timestamp with time zone,
    is_archived boolean NOT NULL,
    archived_at timestamp with time zone,
    last_read_at timestamp with time zone,
    joined_at timestamp with time zone NOT NULL,
    left_at timestamp with time zone,
    is_active boolean NOT NULL,
    conversation_id bigint NOT NULL,
    user_id bigint NOT NULL,
    last_read_message_id bigint
);


ALTER TABLE public.messaging_conversationparticipant OWNER TO estuary;

--
-- Name: messaging_conversationparticipant_id_seq; Type: SEQUENCE; Schema: public; Owner: estuary
--

ALTER TABLE public.messaging_conversationparticipant ALTER COLUMN id ADD GENERATED BY DEFAULT AS IDENTITY (
    SEQUENCE NAME public.messaging_conversationparticipant_id_seq
    START WITH 1
    INCREMENT BY 1
    NO MINVALUE
    NO MAXVALUE
    CACHE 1
);


--
-- Name: messaging_message; Type: TABLE; Schema: public; Owner: estuary
--

CREATE TABLE public.messaging_message (
    id bigint NOT NULL,
    created_at timestamp with time zone NOT NULL,
    updated_at timestamp with time zone NOT NULL,
    content text NOT NULL,
    message_type character varying(20) NOT NULL,
    attachments jsonb NOT NULL,
    edited_at timestamp with time zone,
    is_edited boolean NOT NULL,
    is_deleted boolean NOT NULL,
    deleted_at timestamp with time zone,
    conversation_id bigint NOT NULL,
    sender_id bigint NOT NULL
);


ALTER TABLE public.messaging_message OWNER TO estuary;

--
-- Name: messaging_message_id_seq; Type: SEQUENCE; Schema: public; Owner: estuary
--

ALTER TABLE public.messaging_message ALTER COLUMN id ADD GENERATED BY DEFAULT AS IDENTITY (
    SEQUENCE NAME public.messaging_message_id_seq
    START WITH 1
    INCREMENT BY 1
    NO MINVALUE
    NO MAXVALUE
    CACHE 1
);


--
-- Name: messaging_messagenotificationpreference; Type: TABLE; Schema: public; Owner: estuary
--

CREATE TABLE public.messaging_messagenotificationpreference (
    id bigint NOT NULL,
    created_at timestamp with time zone NOT NULL,
    updated_at timestamp with time zone NOT NULL,
    email_notifications boolean NOT NULL,
    push_notifications boolean NOT NULL,
    sms_notifications boolean NOT NULL,
    notify_new_message boolean NOT NULL,
    notify_new_conversation boolean NOT NULL,
    notify_mentions boolean NOT NULL,
    quiet_hours_enabled boolean NOT NULL,
    quiet_hours_start time without time zone,
    quiet_hours_end time without time zone,
    quiet_hours_timezone character varying(50) NOT NULL,
    sound_enabled boolean NOT NULL,
    vibration_enabled boolean NOT NULL,
    user_id bigint NOT NULL
);


ALTER TABLE public.messaging_messagenotificationpreference OWNER TO estuary;

--
-- Name: messaging_messagenotificationpreference_id_seq; Type: SEQUENCE; Schema: public; Owner: estuary
--

ALTER TABLE public.messaging_messagenotificationpreference ALTER COLUMN id ADD GENERATED BY DEFAULT AS IDENTITY (
    SEQUENCE NAME public.messaging_messagenotificationpreference_id_seq
    START WITH 1
    INCREMENT BY 1
    NO MINVALUE
    NO MAXVALUE
    CACHE 1
);


--
-- Name: messaging_messagereceipt; Type: TABLE; Schema: public; Owner: estuary
--

CREATE TABLE public.messaging_messagereceipt (
    id bigint NOT NULL,
    created_at timestamp with time zone NOT NULL,
    updated_at timestamp with time zone NOT NULL,
    is_read boolean NOT NULL,
    read_at timestamp with time zone,
    delivered_at timestamp with time zone NOT NULL,
    message_id bigint NOT NULL,
    user_id bigint NOT NULL
);


ALTER TABLE public.messaging_messagereceipt OWNER TO estuary;

--
-- Name: messaging_messagereceipt_id_seq; Type: SEQUENCE; Schema: public; Owner: estuary
--

ALTER TABLE public.messaging_messagereceipt ALTER COLUMN id ADD GENERATED BY DEFAULT AS IDENTITY (
    SEQUENCE NAME public.messaging_messagereceipt_id_seq
    START WITH 1
    INCREMENT BY 1
    NO MINVALUE
    NO MAXVALUE
    CACHE 1
);


--
-- Name: messaging_typingindicator; Type: TABLE; Schema: public; Owner: estuary
--

CREATE TABLE public.messaging_typingindicator (
    id bigint NOT NULL,
    created_at timestamp with time zone NOT NULL,
    updated_at timestamp with time zone NOT NULL,
    is_typing boolean NOT NULL,
    conversation_id bigint NOT NULL,
    user_id bigint NOT NULL
);


ALTER TABLE public.messaging_typingindicator OWNER TO estuary;

--
-- Name: messaging_typingindicator_id_seq; Type: SEQUENCE; Schema: public; Owner: estuary
--

ALTER TABLE public.messaging_typingindicator ALTER COLUMN id ADD GENERATED BY DEFAULT AS IDENTITY (
    SEQUENCE NAME public.messaging_typingindicator_id_seq
    START WITH 1
    INCREMENT BY 1
    NO MINVALUE
    NO MAXVALUE
    CACHE 1
);


--
-- Name: out_of_office; Type: TABLE; Schema: public; Owner: estuary
--

CREATE TABLE public.out_of_office (
    id bigint NOT NULL,
    created_at timestamp with time zone NOT NULL,
    updated_at timestamp with time zone NOT NULL,
    from_date date NOT NULL,
    to_date date NOT NULL,
    title text NOT NULL,
    is_archived boolean NOT NULL,
    practitioner_id bigint NOT NULL
);


ALTER TABLE public.out_of_office OWNER TO estuary;

--
-- Name: out_of_office_id_seq; Type: SEQUENCE; Schema: public; Owner: estuary
--

ALTER TABLE public.out_of_office ALTER COLUMN id ADD GENERATED BY DEFAULT AS IDENTITY (
    SEQUENCE NAME public.out_of_office_id_seq
    START WITH 1
    INCREMENT BY 1
    NO MINVALUE
    NO MAXVALUE
    CACHE 1
);


--
-- Name: package_completion_records; Type: TABLE; Schema: public; Owner: estuary
--

CREATE TABLE public.package_completion_records (
    id bigint NOT NULL,
    status character varying(20) NOT NULL,
    completion_percentage numeric(5,2) NOT NULL,
    total_sessions integer NOT NULL,
    completed_sessions integer NOT NULL,
    payout_processed boolean NOT NULL,
    payout_date timestamp with time zone,
    created_at timestamp with time zone NOT NULL,
    updated_at timestamp with time zone NOT NULL,
    last_payout_percentage numeric(5,2) NOT NULL,
    last_payout_date timestamp with time zone,
    total_paid_credits numeric(10,2) NOT NULL,
    package_booking_id bigint NOT NULL,
    CONSTRAINT package_completion_records_completed_sessions_check CHECK ((completed_sessions >= 0)),
    CONSTRAINT package_completion_records_total_sessions_check CHECK ((total_sessions >= 0))
);


ALTER TABLE public.package_completion_records OWNER TO estuary;

--
-- Name: package_completion_records_id_seq; Type: SEQUENCE; Schema: public; Owner: estuary
--

ALTER TABLE public.package_completion_records ALTER COLUMN id ADD GENERATED BY DEFAULT AS IDENTITY (
    SEQUENCE NAME public.package_completion_records_id_seq
    START WITH 1
    INCREMENT BY 1
    NO MINVALUE
    NO MAXVALUE
    CACHE 1
);


--
-- Name: payments_earningstransaction; Type: TABLE; Schema: public; Owner: estuary
--

CREATE TABLE public.payments_earningstransaction (
    id bigint NOT NULL,
    created_at timestamp with time zone NOT NULL,
    updated_at timestamp with time zone NOT NULL,
    gross_amount_cents integer NOT NULL,
    commission_rate numeric(5,2) NOT NULL,
    commission_amount_cents integer NOT NULL,
    net_amount_cents integer NOT NULL,
    status character varying(20) NOT NULL,
    available_after timestamp with time zone NOT NULL,
    currency character varying(3) NOT NULL,
    description text NOT NULL,
    transaction_type character varying(50) NOT NULL,
    external_fees jsonb,
    metadata jsonb,
    booking_id bigint NOT NULL,
    practitioner_id bigint NOT NULL,
    payout_id bigint
);


ALTER TABLE public.payments_earningstransaction OWNER TO estuary;

--
-- Name: payments_earningstransaction_id_seq; Type: SEQUENCE; Schema: public; Owner: estuary
--

ALTER TABLE public.payments_earningstransaction ALTER COLUMN id ADD GENERATED BY DEFAULT AS IDENTITY (
    SEQUENCE NAME public.payments_earningstransaction_id_seq
    START WITH 1
    INCREMENT BY 1
    NO MINVALUE
    NO MAXVALUE
    CACHE 1
);


--
-- Name: payments_order; Type: TABLE; Schema: public; Owner: estuary
--

CREATE TABLE public.payments_order (
    id bigint NOT NULL,
    created_at timestamp with time zone NOT NULL,
    updated_at timestamp with time zone NOT NULL,
    is_deleted boolean NOT NULL,
    deleted_at timestamp with time zone,
    public_uuid uuid NOT NULL,
    payment_method character varying(20) NOT NULL,
    stripe_payment_intent_id character varying(200) NOT NULL,
    stripe_payment_method_id character varying(200) NOT NULL,
    subtotal_amount_cents integer NOT NULL,
    tax_amount_cents integer NOT NULL,
    credits_applied_cents integer NOT NULL,
    total_amount_cents integer NOT NULL,
    status character varying(20) NOT NULL,
    order_type character varying(20) NOT NULL,
    currency character varying(3) NOT NULL,
    metadata jsonb NOT NULL,
    tax_details jsonb NOT NULL,
    audit_log jsonb NOT NULL,
    practitioner_id bigint,
    service_id bigint,
    user_id bigint NOT NULL,
    CONSTRAINT payments_order_total_amount_positive CHECK ((total_amount_cents >= 0))
);


ALTER TABLE public.payments_order OWNER TO estuary;

--
-- Name: payments_order_id_seq; Type: SEQUENCE; Schema: public; Owner: estuary
--

ALTER TABLE public.payments_order ALTER COLUMN id ADD GENERATED BY DEFAULT AS IDENTITY (
    SEQUENCE NAME public.payments_order_id_seq
    START WITH 1
    INCREMENT BY 1
    NO MINVALUE
    NO MAXVALUE
    CACHE 1
);


--
-- Name: payments_paymentmethod; Type: TABLE; Schema: public; Owner: estuary
--

CREATE TABLE public.payments_paymentmethod (
    id bigint NOT NULL,
    created_at timestamp with time zone NOT NULL,
    updated_at timestamp with time zone NOT NULL,
    stripe_payment_method_id character varying(200) NOT NULL,
    brand character varying(20) NOT NULL,
    last4 character varying(4) NOT NULL,
    exp_month smallint NOT NULL,
    exp_year smallint NOT NULL,
    is_default boolean NOT NULL,
    is_active boolean NOT NULL,
    metadata jsonb NOT NULL,
    user_id bigint NOT NULL,
    CONSTRAINT payments_paymentmethod_exp_month_check CHECK ((exp_month >= 0)),
    CONSTRAINT payments_paymentmethod_exp_year_check CHECK ((exp_year >= 0))
);


ALTER TABLE public.payments_paymentmethod OWNER TO estuary;

--
-- Name: payments_paymentmethod_id_seq; Type: SEQUENCE; Schema: public; Owner: estuary
--

ALTER TABLE public.payments_paymentmethod ALTER COLUMN id ADD GENERATED BY DEFAULT AS IDENTITY (
    SEQUENCE NAME public.payments_paymentmethod_id_seq
    START WITH 1
    INCREMENT BY 1
    NO MINVALUE
    NO MAXVALUE
    CACHE 1
);


--
-- Name: payments_practitionerearnings; Type: TABLE; Schema: public; Owner: estuary
--

CREATE TABLE public.payments_practitionerearnings (
    id bigint NOT NULL,
    created_at timestamp with time zone NOT NULL,
    updated_at timestamp with time zone NOT NULL,
    pending_balance_cents integer NOT NULL,
    available_balance_cents integer NOT NULL,
    lifetime_earnings_cents integer NOT NULL,
    lifetime_payouts_cents integer NOT NULL,
    last_payout_date timestamp with time zone,
    practitioner_id bigint NOT NULL
);


ALTER TABLE public.payments_practitionerearnings OWNER TO estuary;

--
-- Name: payments_practitionerearnings_id_seq; Type: SEQUENCE; Schema: public; Owner: estuary
--

ALTER TABLE public.payments_practitionerearnings ALTER COLUMN id ADD GENERATED BY DEFAULT AS IDENTITY (
    SEQUENCE NAME public.payments_practitionerearnings_id_seq
    START WITH 1
    INCREMENT BY 1
    NO MINVALUE
    NO MAXVALUE
    CACHE 1
);


--
-- Name: payments_practitionerpayout; Type: TABLE; Schema: public; Owner: estuary
--

CREATE TABLE public.payments_practitionerpayout (
    id bigint NOT NULL,
    created_at timestamp with time zone NOT NULL,
    payout_date timestamp with time zone,
    credits_payout_cents integer,
    cash_payout_cents integer,
    commission_collected_cents integer,
    stripe_account_id text,
    stripe_transfer_id text,
    status character varying(20) NOT NULL,
    batch_id uuid,
    currency character varying(3) NOT NULL,
    notes text,
    payment_method character varying(50) NOT NULL,
    error_message text,
    transaction_fee_cents integer,
    updated_at timestamp with time zone NOT NULL,
    practitioner_id bigint,
    processed_by_id bigint
);


ALTER TABLE public.payments_practitionerpayout OWNER TO estuary;

--
-- Name: payments_practitionerpayout_id_seq; Type: SEQUENCE; Schema: public; Owner: estuary
--

ALTER TABLE public.payments_practitionerpayout ALTER COLUMN id ADD GENERATED BY DEFAULT AS IDENTITY (
    SEQUENCE NAME public.payments_practitionerpayout_id_seq
    START WITH 1
    INCREMENT BY 1
    NO MINVALUE
    NO MAXVALUE
    CACHE 1
);


--
-- Name: payments_usercreditbalance; Type: TABLE; Schema: public; Owner: estuary
--

CREATE TABLE public.payments_usercreditbalance (
    id bigint NOT NULL,
    created_at timestamp with time zone NOT NULL,
    updated_at timestamp with time zone NOT NULL,
    balance_cents integer NOT NULL,
    user_id bigint NOT NULL,
    last_transaction_id bigint
);


ALTER TABLE public.payments_usercreditbalance OWNER TO estuary;

--
-- Name: payments_usercreditbalance_id_seq; Type: SEQUENCE; Schema: public; Owner: estuary
--

ALTER TABLE public.payments_usercreditbalance ALTER COLUMN id ADD GENERATED BY DEFAULT AS IDENTITY (
    SEQUENCE NAME public.payments_usercreditbalance_id_seq
    START WITH 1
    INCREMENT BY 1
    NO MINVALUE
    NO MAXVALUE
    CACHE 1
);


--
-- Name: payments_usercredittransaction; Type: TABLE; Schema: public; Owner: estuary
--

CREATE TABLE public.payments_usercredittransaction (
    id bigint NOT NULL,
    created_at timestamp with time zone NOT NULL,
    updated_at timestamp with time zone NOT NULL,
    amount_cents integer NOT NULL,
    transaction_type character varying(20) NOT NULL,
    currency character varying(3) NOT NULL,
    exchange_rate numeric(10,6),
    expires_at timestamp with time zone,
    is_expired boolean NOT NULL,
    description text NOT NULL,
    metadata jsonb NOT NULL,
    booking_id bigint,
    order_id bigint,
    practitioner_id bigint,
    reference_transaction_id bigint,
    service_id bigint,
    user_id bigint NOT NULL,
    CONSTRAINT payments_usercredittransaction_amount_nonzero CHECK ((NOT (amount_cents = 0)))
);


ALTER TABLE public.payments_usercredittransaction OWNER TO estuary;

--
-- Name: payments_usercredittransaction_id_seq; Type: SEQUENCE; Schema: public; Owner: estuary
--

ALTER TABLE public.payments_usercredittransaction ALTER COLUMN id ADD GENERATED BY DEFAULT AS IDENTITY (
    SEQUENCE NAME public.payments_usercredittransaction_id_seq
    START WITH 1
    INCREMENT BY 1
    NO MINVALUE
    NO MAXVALUE
    CACHE 1
);


--
-- Name: practitioner_onboarding_progress; Type: TABLE; Schema: public; Owner: estuary
--

CREATE TABLE public.practitioner_onboarding_progress (
    id uuid NOT NULL,
    status character varying(20) NOT NULL,
    current_step character varying(50) NOT NULL,
    steps_completed jsonb NOT NULL,
    stall_reason text,
    rejection_reason text,
    started_at timestamp with time zone NOT NULL,
    last_updated timestamp with time zone NOT NULL,
    completed_at timestamp with time zone,
    practitioner_id bigint NOT NULL
);


ALTER TABLE public.practitioner_onboarding_progress OWNER TO estuary;

--
-- Name: practitioner_performance; Type: TABLE; Schema: public; Owner: estuary
--

CREATE TABLE public.practitioner_performance (
    id uuid NOT NULL,
    date date NOT NULL,
    profile_views integer NOT NULL,
    service_views integer NOT NULL,
    bookings_received integer NOT NULL,
    bookings_completed integer NOT NULL,
    bookings_cancelled integer NOT NULL,
    total_earnings numeric(10,2) NOT NULL,
    average_rating numeric(3,2),
    reviews_received integer NOT NULL,
    practitioner_id bigint NOT NULL,
    CONSTRAINT practitioner_performance_bookings_cancelled_check CHECK ((bookings_cancelled >= 0)),
    CONSTRAINT practitioner_performance_bookings_completed_check CHECK ((bookings_completed >= 0)),
    CONSTRAINT practitioner_performance_bookings_received_check CHECK ((bookings_received >= 0)),
    CONSTRAINT practitioner_performance_profile_views_check CHECK ((profile_views >= 0)),
    CONSTRAINT practitioner_performance_reviews_received_check CHECK ((reviews_received >= 0)),
    CONSTRAINT practitioner_performance_service_views_check CHECK ((service_views >= 0))
);


ALTER TABLE public.practitioner_performance OWNER TO estuary;

--
-- Name: practitioner_subscriptions; Type: TABLE; Schema: public; Owner: estuary
--

CREATE TABLE public.practitioner_subscriptions (
    id bigint NOT NULL,
    status character varying(20) NOT NULL,
    start_date timestamp with time zone NOT NULL,
    end_date timestamp with time zone,
    is_annual boolean NOT NULL,
    stripe_subscription_id character varying(100),
    auto_renew boolean NOT NULL,
    created_at timestamp with time zone NOT NULL,
    updated_at timestamp with time zone NOT NULL,
    practitioner_id bigint NOT NULL,
    tier_id bigint NOT NULL
);


ALTER TABLE public.practitioner_subscriptions OWNER TO estuary;

--
-- Name: practitioner_subscriptions_id_seq; Type: SEQUENCE; Schema: public; Owner: estuary
--

ALTER TABLE public.practitioner_subscriptions ALTER COLUMN id ADD GENERATED BY DEFAULT AS IDENTITY (
    SEQUENCE NAME public.practitioner_subscriptions_id_seq
    START WITH 1
    INCREMENT BY 1
    NO MINVALUE
    NO MAXVALUE
    CACHE 1
);


--
-- Name: practitioners_clientnote; Type: TABLE; Schema: public; Owner: estuary
--

CREATE TABLE public.practitioners_clientnote (
    id bigint NOT NULL,
    created_at timestamp with time zone NOT NULL,
    updated_at timestamp with time zone NOT NULL,
    content text NOT NULL,
    client_id bigint NOT NULL,
    practitioner_id bigint NOT NULL
);


ALTER TABLE public.practitioners_clientnote OWNER TO estuary;

--
-- Name: practitioners_clientnote_id_seq; Type: SEQUENCE; Schema: public; Owner: estuary
--

ALTER TABLE public.practitioners_clientnote ALTER COLUMN id ADD GENERATED BY DEFAULT AS IDENTITY (
    SEQUENCE NAME public.practitioners_clientnote_id_seq
    START WITH 1
    INCREMENT BY 1
    NO MINVALUE
    NO MAXVALUE
    CACHE 1
);


--
-- Name: practitioners_practitioner; Type: TABLE; Schema: public; Owner: estuary
--

CREATE TABLE public.practitioners_practitioner (
    id bigint NOT NULL,
    created_at timestamp with time zone NOT NULL,
    updated_at timestamp with time zone NOT NULL,
    is_deleted boolean NOT NULL,
    deleted_at timestamp with time zone,
    public_uuid uuid NOT NULL,
    is_verified boolean NOT NULL,
    practitioner_status character varying(20) NOT NULL,
    featured boolean NOT NULL,
    display_name character varying(255),
    professional_title character varying(255),
    bio text,
    quote text,
    profile_image_url character varying(200),
    profile_video_url character varying(200),
    years_of_experience integer,
    buffer_time integer NOT NULL,
    next_available_date timestamp with time zone,
    is_onboarded boolean NOT NULL,
    onboarding_step smallint NOT NULL,
    onboarding_completed_at timestamp with time zone,
    primary_location_id bigint,
    user_id bigint NOT NULL,
    slug character varying(255) NOT NULL,
    CONSTRAINT practitioners_practitioner_buffer_time_check CHECK ((buffer_time >= 0)),
    CONSTRAINT practitioners_practitioner_onboarding_step_check CHECK ((onboarding_step >= 0)),
    CONSTRAINT practitioners_practitioner_years_of_experience_check CHECK ((years_of_experience >= 0))
);


ALTER TABLE public.practitioners_practitioner OWNER TO estuary;

--
-- Name: practitioners_practitioner_certifications; Type: TABLE; Schema: public; Owner: estuary
--

CREATE TABLE public.practitioners_practitioner_certifications (
    id bigint NOT NULL,
    practitioner_id bigint NOT NULL,
    certification_id bigint NOT NULL
);


ALTER TABLE public.practitioners_practitioner_certifications OWNER TO estuary;

--
-- Name: practitioners_practitioner_certifications_id_seq; Type: SEQUENCE; Schema: public; Owner: estuary
--

ALTER TABLE public.practitioners_practitioner_certifications ALTER COLUMN id ADD GENERATED BY DEFAULT AS IDENTITY (
    SEQUENCE NAME public.practitioners_practitioner_certifications_id_seq
    START WITH 1
    INCREMENT BY 1
    NO MINVALUE
    NO MAXVALUE
    CACHE 1
);


--
-- Name: practitioners_practitioner_educations; Type: TABLE; Schema: public; Owner: estuary
--

CREATE TABLE public.practitioners_practitioner_educations (
    id bigint NOT NULL,
    practitioner_id bigint NOT NULL,
    education_id bigint NOT NULL
);


ALTER TABLE public.practitioners_practitioner_educations OWNER TO estuary;

--
-- Name: practitioners_practitioner_educations_id_seq; Type: SEQUENCE; Schema: public; Owner: estuary
--

ALTER TABLE public.practitioners_practitioner_educations ALTER COLUMN id ADD GENERATED BY DEFAULT AS IDENTITY (
    SEQUENCE NAME public.practitioners_practitioner_educations_id_seq
    START WITH 1
    INCREMENT BY 1
    NO MINVALUE
    NO MAXVALUE
    CACHE 1
);


--
-- Name: practitioners_practitioner_id_seq; Type: SEQUENCE; Schema: public; Owner: estuary
--

ALTER TABLE public.practitioners_practitioner ALTER COLUMN id ADD GENERATED BY DEFAULT AS IDENTITY (
    SEQUENCE NAME public.practitioners_practitioner_id_seq
    START WITH 1
    INCREMENT BY 1
    NO MINVALUE
    NO MAXVALUE
    CACHE 1
);


--
-- Name: practitioners_practitioner_modalities; Type: TABLE; Schema: public; Owner: estuary
--

CREATE TABLE public.practitioners_practitioner_modalities (
    id bigint NOT NULL,
    practitioner_id bigint NOT NULL,
    modality_id bigint NOT NULL
);


ALTER TABLE public.practitioners_practitioner_modalities OWNER TO estuary;

--
-- Name: practitioners_practitioner_modalities_id_seq; Type: SEQUENCE; Schema: public; Owner: estuary
--

ALTER TABLE public.practitioners_practitioner_modalities ALTER COLUMN id ADD GENERATED BY DEFAULT AS IDENTITY (
    SEQUENCE NAME public.practitioners_practitioner_modalities_id_seq
    START WITH 1
    INCREMENT BY 1
    NO MINVALUE
    NO MAXVALUE
    CACHE 1
);


--
-- Name: practitioners_practitioner_questions; Type: TABLE; Schema: public; Owner: estuary
--

CREATE TABLE public.practitioners_practitioner_questions (
    id bigint NOT NULL,
    practitioner_id bigint NOT NULL,
    question_id bigint NOT NULL
);


ALTER TABLE public.practitioners_practitioner_questions OWNER TO estuary;

--
-- Name: practitioners_practitioner_questions_id_seq; Type: SEQUENCE; Schema: public; Owner: estuary
--

ALTER TABLE public.practitioners_practitioner_questions ALTER COLUMN id ADD GENERATED BY DEFAULT AS IDENTITY (
    SEQUENCE NAME public.practitioners_practitioner_questions_id_seq
    START WITH 1
    INCREMENT BY 1
    NO MINVALUE
    NO MAXVALUE
    CACHE 1
);


--
-- Name: practitioners_practitioner_specializations; Type: TABLE; Schema: public; Owner: estuary
--

CREATE TABLE public.practitioners_practitioner_specializations (
    id bigint NOT NULL,
    practitioner_id bigint NOT NULL,
    specialize_id bigint NOT NULL
);


ALTER TABLE public.practitioners_practitioner_specializations OWNER TO estuary;

--
-- Name: practitioners_practitioner_specializations_id_seq; Type: SEQUENCE; Schema: public; Owner: estuary
--

ALTER TABLE public.practitioners_practitioner_specializations ALTER COLUMN id ADD GENERATED BY DEFAULT AS IDENTITY (
    SEQUENCE NAME public.practitioners_practitioner_specializations_id_seq
    START WITH 1
    INCREMENT BY 1
    NO MINVALUE
    NO MAXVALUE
    CACHE 1
);


--
-- Name: practitioners_practitioner_styles; Type: TABLE; Schema: public; Owner: estuary
--

CREATE TABLE public.practitioners_practitioner_styles (
    id bigint NOT NULL,
    practitioner_id bigint NOT NULL,
    style_id bigint NOT NULL
);


ALTER TABLE public.practitioners_practitioner_styles OWNER TO estuary;

--
-- Name: practitioners_practitioner_styles_id_seq; Type: SEQUENCE; Schema: public; Owner: estuary
--

ALTER TABLE public.practitioners_practitioner_styles ALTER COLUMN id ADD GENERATED BY DEFAULT AS IDENTITY (
    SEQUENCE NAME public.practitioners_practitioner_styles_id_seq
    START WITH 1
    INCREMENT BY 1
    NO MINVALUE
    NO MAXVALUE
    CACHE 1
);


--
-- Name: practitioners_practitioner_topics; Type: TABLE; Schema: public; Owner: estuary
--

CREATE TABLE public.practitioners_practitioner_topics (
    id bigint NOT NULL,
    practitioner_id bigint NOT NULL,
    topic_id bigint NOT NULL
);


ALTER TABLE public.practitioners_practitioner_topics OWNER TO estuary;

--
-- Name: practitioners_practitioner_topics_id_seq; Type: SEQUENCE; Schema: public; Owner: estuary
--

ALTER TABLE public.practitioners_practitioner_topics ALTER COLUMN id ADD GENERATED BY DEFAULT AS IDENTITY (
    SEQUENCE NAME public.practitioners_practitioner_topics_id_seq
    START WITH 1
    INCREMENT BY 1
    NO MINVALUE
    NO MAXVALUE
    CACHE 1
);


--
-- Name: practitioners_schedule; Type: TABLE; Schema: public; Owner: estuary
--

CREATE TABLE public.practitioners_schedule (
    id bigint NOT NULL,
    created_at timestamp with time zone NOT NULL,
    updated_at timestamp with time zone NOT NULL,
    name character varying(100) NOT NULL,
    is_default boolean NOT NULL,
    timezone character varying(50) NOT NULL,
    description text,
    is_active boolean NOT NULL,
    practitioner_id bigint NOT NULL
);


ALTER TABLE public.practitioners_schedule OWNER TO estuary;

--
-- Name: practitioners_schedule_id_seq; Type: SEQUENCE; Schema: public; Owner: estuary
--

ALTER TABLE public.practitioners_schedule ALTER COLUMN id ADD GENERATED BY DEFAULT AS IDENTITY (
    SEQUENCE NAME public.practitioners_schedule_id_seq
    START WITH 1
    INCREMENT BY 1
    NO MINVALUE
    NO MAXVALUE
    CACHE 1
);


--
-- Name: practitioners_schedulepreference; Type: TABLE; Schema: public; Owner: estuary
--

CREATE TABLE public.practitioners_schedulepreference (
    id bigint NOT NULL,
    created_at timestamp with time zone NOT NULL,
    updated_at timestamp with time zone NOT NULL,
    timezone character varying(50) NOT NULL,
    holidays jsonb,
    respect_holidays boolean NOT NULL,
    advance_booking_min_hours integer NOT NULL,
    advance_booking_max_days integer NOT NULL,
    is_active boolean NOT NULL,
    auto_accept_bookings boolean NOT NULL,
    country_id bigint,
    practitioner_id bigint NOT NULL,
    CONSTRAINT practitioners_schedulepreferenc_advance_booking_min_hours_check CHECK ((advance_booking_min_hours >= 0)),
    CONSTRAINT practitioners_schedulepreference_advance_booking_max_days_check CHECK ((advance_booking_max_days >= 0))
);


ALTER TABLE public.practitioners_schedulepreference OWNER TO estuary;

--
-- Name: practitioners_schedulepreference_id_seq; Type: SEQUENCE; Schema: public; Owner: estuary
--

ALTER TABLE public.practitioners_schedulepreference ALTER COLUMN id ADD GENERATED BY DEFAULT AS IDENTITY (
    SEQUENCE NAME public.practitioners_schedulepreference_id_seq
    START WITH 1
    INCREMENT BY 1
    NO MINVALUE
    NO MAXVALUE
    CACHE 1
);


--
-- Name: practitioners_scheduletimeslot; Type: TABLE; Schema: public; Owner: estuary
--

CREATE TABLE public.practitioners_scheduletimeslot (
    id bigint NOT NULL,
    created_at timestamp with time zone NOT NULL,
    updated_at timestamp with time zone NOT NULL,
    day smallint NOT NULL,
    start_time time without time zone NOT NULL,
    end_time time without time zone NOT NULL,
    is_active boolean NOT NULL,
    schedule_id bigint NOT NULL,
    CONSTRAINT sts_end_time_after_start_time CHECK ((end_time > start_time))
);


ALTER TABLE public.practitioners_scheduletimeslot OWNER TO estuary;

--
-- Name: practitioners_scheduletimeslot_id_seq; Type: SEQUENCE; Schema: public; Owner: estuary
--

ALTER TABLE public.practitioners_scheduletimeslot ALTER COLUMN id ADD GENERATED BY DEFAULT AS IDENTITY (
    SEQUENCE NAME public.practitioners_scheduletimeslot_id_seq
    START WITH 1
    INCREMENT BY 1
    NO MINVALUE
    NO MAXVALUE
    CACHE 1
);


--
-- Name: practitioners_serviceschedule; Type: TABLE; Schema: public; Owner: estuary
--

CREATE TABLE public.practitioners_serviceschedule (
    id bigint NOT NULL,
    created_at timestamp with time zone NOT NULL,
    updated_at timestamp with time zone NOT NULL,
    day smallint NOT NULL,
    start_time time without time zone NOT NULL,
    end_time time without time zone NOT NULL,
    is_active boolean NOT NULL,
    practitioner_id bigint NOT NULL,
    service_id bigint NOT NULL,
    CONSTRAINT ss_end_time_after_start_time CHECK ((end_time > start_time))
);


ALTER TABLE public.practitioners_serviceschedule OWNER TO estuary;

--
-- Name: practitioners_serviceschedule_id_seq; Type: SEQUENCE; Schema: public; Owner: estuary
--

ALTER TABLE public.practitioners_serviceschedule ALTER COLUMN id ADD GENERATED BY DEFAULT AS IDENTITY (
    SEQUENCE NAME public.practitioners_serviceschedule_id_seq
    START WITH 1
    INCREMENT BY 1
    NO MINVALUE
    NO MAXVALUE
    CACHE 1
);


--
-- Name: questions; Type: TABLE; Schema: public; Owner: estuary
--

CREATE TABLE public.questions (
    id bigint NOT NULL,
    created_at timestamp with time zone NOT NULL,
    updated_at timestamp with time zone NOT NULL,
    title text,
    "order" integer NOT NULL
);


ALTER TABLE public.questions OWNER TO estuary;

--
-- Name: questions_id_seq; Type: SEQUENCE; Schema: public; Owner: estuary
--

ALTER TABLE public.questions ALTER COLUMN id ADD GENERATED BY DEFAULT AS IDENTITY (
    SEQUENCE NAME public.questions_id_seq
    START WITH 1
    INCREMENT BY 1
    NO MINVALUE
    NO MAXVALUE
    CACHE 1
);


--
-- Name: reviews_review; Type: TABLE; Schema: public; Owner: estuary
--

CREATE TABLE public.reviews_review (
    id bigint NOT NULL,
    created_at timestamp with time zone NOT NULL,
    updated_at timestamp with time zone NOT NULL,
    is_deleted boolean NOT NULL,
    deleted_at timestamp with time zone,
    public_uuid uuid NOT NULL,
    rating numeric(3,2) NOT NULL,
    comment text NOT NULL,
    is_anonymous boolean NOT NULL,
    is_verified boolean NOT NULL,
    is_published boolean NOT NULL,
    helpful_votes integer NOT NULL,
    unhelpful_votes integer NOT NULL,
    reported_count integer NOT NULL,
    booking_id bigint,
    practitioner_id bigint NOT NULL,
    service_id bigint,
    user_id bigint NOT NULL,
    response_text text NOT NULL,
    response_date timestamp with time zone,
    CONSTRAINT reviews_review_helpful_votes_check CHECK ((helpful_votes >= 0)),
    CONSTRAINT reviews_review_rating_range CHECK (((rating >= (0)::numeric) AND (rating <= (5)::numeric))),
    CONSTRAINT reviews_review_reported_count_check CHECK ((reported_count >= 0)),
    CONSTRAINT reviews_review_unhelpful_votes_check CHECK ((unhelpful_votes >= 0))
);


ALTER TABLE public.reviews_review OWNER TO estuary;

--
-- Name: reviews_review_id_seq; Type: SEQUENCE; Schema: public; Owner: estuary
--

ALTER TABLE public.reviews_review ALTER COLUMN id ADD GENERATED BY DEFAULT AS IDENTITY (
    SEQUENCE NAME public.reviews_review_id_seq
    START WITH 1
    INCREMENT BY 1
    NO MINVALUE
    NO MAXVALUE
    CACHE 1
);


--
-- Name: reviews_reviewanswer; Type: TABLE; Schema: public; Owner: estuary
--

CREATE TABLE public.reviews_reviewanswer (
    id bigint NOT NULL,
    created_at timestamp with time zone NOT NULL,
    updated_at timestamp with time zone NOT NULL,
    rating_answer integer,
    text_answer text NOT NULL,
    boolean_answer boolean,
    review_id bigint NOT NULL,
    question_id bigint NOT NULL
);


ALTER TABLE public.reviews_reviewanswer OWNER TO estuary;

--
-- Name: reviews_reviewanswer_id_seq; Type: SEQUENCE; Schema: public; Owner: estuary
--

ALTER TABLE public.reviews_reviewanswer ALTER COLUMN id ADD GENERATED BY DEFAULT AS IDENTITY (
    SEQUENCE NAME public.reviews_reviewanswer_id_seq
    START WITH 1
    INCREMENT BY 1
    NO MINVALUE
    NO MAXVALUE
    CACHE 1
);


--
-- Name: reviews_reviewquestion; Type: TABLE; Schema: public; Owner: estuary
--

CREATE TABLE public.reviews_reviewquestion (
    id bigint NOT NULL,
    created_at timestamp with time zone NOT NULL,
    updated_at timestamp with time zone NOT NULL,
    question character varying(255) NOT NULL,
    description text NOT NULL,
    is_required boolean NOT NULL,
    question_type character varying(20) NOT NULL,
    "order" integer NOT NULL,
    is_active boolean NOT NULL,
    applies_to character varying(20) NOT NULL,
    CONSTRAINT reviews_reviewquestion_order_check CHECK (("order" >= 0))
);


ALTER TABLE public.reviews_reviewquestion OWNER TO estuary;

--
-- Name: reviews_reviewquestion_id_seq; Type: SEQUENCE; Schema: public; Owner: estuary
--

ALTER TABLE public.reviews_reviewquestion ALTER COLUMN id ADD GENERATED BY DEFAULT AS IDENTITY (
    SEQUENCE NAME public.reviews_reviewquestion_id_seq
    START WITH 1
    INCREMENT BY 1
    NO MINVALUE
    NO MAXVALUE
    CACHE 1
);


--
-- Name: reviews_reviewreport; Type: TABLE; Schema: public; Owner: estuary
--

CREATE TABLE public.reviews_reviewreport (
    id bigint NOT NULL,
    created_at timestamp with time zone NOT NULL,
    updated_at timestamp with time zone NOT NULL,
    reason character varying(20) NOT NULL,
    details text NOT NULL,
    is_resolved boolean NOT NULL,
    resolved_at timestamp with time zone,
    resolution_notes text NOT NULL,
    resolved_by_id bigint,
    review_id bigint NOT NULL,
    user_id bigint NOT NULL
);


ALTER TABLE public.reviews_reviewreport OWNER TO estuary;

--
-- Name: reviews_reviewreport_id_seq; Type: SEQUENCE; Schema: public; Owner: estuary
--

ALTER TABLE public.reviews_reviewreport ALTER COLUMN id ADD GENERATED BY DEFAULT AS IDENTITY (
    SEQUENCE NAME public.reviews_reviewreport_id_seq
    START WITH 1
    INCREMENT BY 1
    NO MINVALUE
    NO MAXVALUE
    CACHE 1
);


--
-- Name: reviews_reviewvote; Type: TABLE; Schema: public; Owner: estuary
--

CREATE TABLE public.reviews_reviewvote (
    id bigint NOT NULL,
    created_at timestamp with time zone NOT NULL,
    updated_at timestamp with time zone NOT NULL,
    is_helpful boolean NOT NULL,
    review_id bigint NOT NULL,
    user_id bigint NOT NULL
);


ALTER TABLE public.reviews_reviewvote OWNER TO estuary;

--
-- Name: reviews_reviewvote_id_seq; Type: SEQUENCE; Schema: public; Owner: estuary
--

ALTER TABLE public.reviews_reviewvote ALTER COLUMN id ADD GENERATED BY DEFAULT AS IDENTITY (
    SEQUENCE NAME public.reviews_reviewvote_id_seq
    START WITH 1
    INCREMENT BY 1
    NO MINVALUE
    NO MAXVALUE
    CACHE 1
);


--
-- Name: rooms_room; Type: TABLE; Schema: public; Owner: estuary
--

CREATE TABLE public.rooms_room (
    id bigint NOT NULL,
    created_at timestamp with time zone NOT NULL,
    updated_at timestamp with time zone NOT NULL,
    is_deleted boolean NOT NULL,
    deleted_at timestamp with time zone,
    public_uuid uuid NOT NULL,
    name character varying(255) NOT NULL,
    room_type character varying(20) NOT NULL,
    status character varying(20) NOT NULL,
    livekit_room_sid character varying(100),
    livekit_room_name character varying(255) NOT NULL,
    empty_timeout integer NOT NULL,
    max_participants integer NOT NULL,
    recording_enabled boolean NOT NULL,
    recording_status character varying(20) NOT NULL,
    recording_id character varying(100) NOT NULL,
    sip_enabled boolean NOT NULL,
    dial_in_number character varying(20) NOT NULL,
    dial_in_pin character varying(10) NOT NULL,
    scheduled_start timestamp with time zone,
    scheduled_end timestamp with time zone,
    actual_start timestamp with time zone,
    actual_end timestamp with time zone,
    current_participants integer NOT NULL,
    peak_participants integer NOT NULL,
    metadata jsonb NOT NULL,
    total_duration_seconds integer NOT NULL,
    total_participants integer NOT NULL,
    booking_id bigint,
    service_session_id bigint,
    template_id bigint
);


ALTER TABLE public.rooms_room OWNER TO estuary;

--
-- Name: rooms_room_id_seq; Type: SEQUENCE; Schema: public; Owner: estuary
--

ALTER TABLE public.rooms_room ALTER COLUMN id ADD GENERATED BY DEFAULT AS IDENTITY (
    SEQUENCE NAME public.rooms_room_id_seq
    START WITH 1
    INCREMENT BY 1
    NO MINVALUE
    NO MAXVALUE
    CACHE 1
);


--
-- Name: rooms_roombookingrelation; Type: TABLE; Schema: public; Owner: estuary
--

CREATE TABLE public.rooms_roombookingrelation (
    id bigint NOT NULL,
    created_at timestamp with time zone NOT NULL,
    updated_at timestamp with time zone NOT NULL,
    booking_id bigint NOT NULL,
    room_id bigint NOT NULL
);


ALTER TABLE public.rooms_roombookingrelation OWNER TO estuary;

--
-- Name: rooms_roombookingrelation_id_seq; Type: SEQUENCE; Schema: public; Owner: estuary
--

ALTER TABLE public.rooms_roombookingrelation ALTER COLUMN id ADD GENERATED BY DEFAULT AS IDENTITY (
    SEQUENCE NAME public.rooms_roombookingrelation_id_seq
    START WITH 1
    INCREMENT BY 1
    NO MINVALUE
    NO MAXVALUE
    CACHE 1
);


--
-- Name: rooms_roomparticipant; Type: TABLE; Schema: public; Owner: estuary
--

CREATE TABLE public.rooms_roomparticipant (
    id bigint NOT NULL,
    created_at timestamp with time zone NOT NULL,
    updated_at timestamp with time zone NOT NULL,
    identity character varying(255) NOT NULL,
    participant_sid character varying(100) NOT NULL,
    role character varying(20) NOT NULL,
    permissions jsonb NOT NULL,
    joined_at timestamp with time zone NOT NULL,
    left_at timestamp with time zone,
    duration_seconds integer NOT NULL,
    connection_quality character varying(20) NOT NULL,
    ip_address inet,
    user_agent text NOT NULL,
    is_presenter boolean NOT NULL,
    is_recording_participant boolean NOT NULL,
    is_dial_in boolean NOT NULL,
    messages_sent integer NOT NULL,
    video_enabled_duration integer NOT NULL,
    audio_enabled_duration integer NOT NULL,
    screen_share_duration integer NOT NULL,
    room_id bigint NOT NULL,
    user_id bigint NOT NULL
);


ALTER TABLE public.rooms_roomparticipant OWNER TO estuary;

--
-- Name: rooms_roomparticipant_id_seq; Type: SEQUENCE; Schema: public; Owner: estuary
--

ALTER TABLE public.rooms_roomparticipant ALTER COLUMN id ADD GENERATED BY DEFAULT AS IDENTITY (
    SEQUENCE NAME public.rooms_roomparticipant_id_seq
    START WITH 1
    INCREMENT BY 1
    NO MINVALUE
    NO MAXVALUE
    CACHE 1
);


--
-- Name: rooms_roomrecording; Type: TABLE; Schema: public; Owner: estuary
--

CREATE TABLE public.rooms_roomrecording (
    id bigint NOT NULL,
    created_at timestamp with time zone NOT NULL,
    updated_at timestamp with time zone NOT NULL,
    recording_id character varying(100) NOT NULL,
    egress_id character varying(100) NOT NULL,
    status character varying(20) NOT NULL,
    started_at timestamp with time zone NOT NULL,
    ended_at timestamp with time zone,
    duration_seconds integer NOT NULL,
    file_url character varying(200) NOT NULL,
    file_size_bytes bigint NOT NULL,
    file_format character varying(10) NOT NULL,
    storage_provider character varying(20) NOT NULL,
    storage_bucket character varying(100) NOT NULL,
    storage_key character varying(500) NOT NULL,
    is_processed boolean NOT NULL,
    processed_at timestamp with time zone,
    thumbnail_url character varying(200) NOT NULL,
    is_public boolean NOT NULL,
    access_expires_at timestamp with time zone,
    metadata jsonb NOT NULL,
    room_id bigint NOT NULL
);


ALTER TABLE public.rooms_roomrecording OWNER TO estuary;

--
-- Name: rooms_roomrecording_id_seq; Type: SEQUENCE; Schema: public; Owner: estuary
--

ALTER TABLE public.rooms_roomrecording ALTER COLUMN id ADD GENERATED BY DEFAULT AS IDENTITY (
    SEQUENCE NAME public.rooms_roomrecording_id_seq
    START WITH 1
    INCREMENT BY 1
    NO MINVALUE
    NO MAXVALUE
    CACHE 1
);


--
-- Name: rooms_roomtemplate; Type: TABLE; Schema: public; Owner: estuary
--

CREATE TABLE public.rooms_roomtemplate (
    id bigint NOT NULL,
    created_at timestamp with time zone NOT NULL,
    updated_at timestamp with time zone NOT NULL,
    name character varying(100) NOT NULL,
    description text NOT NULL,
    room_type character varying(20) NOT NULL,
    empty_timeout integer NOT NULL,
    max_participants integer NOT NULL,
    video_codec character varying(10) NOT NULL,
    audio_codec character varying(10) NOT NULL,
    recording_enabled boolean NOT NULL,
    recording_audio_only boolean NOT NULL,
    recording_output_format character varying(10) NOT NULL,
    streaming_enabled boolean NOT NULL,
    rtmp_outputs jsonb NOT NULL,
    sip_enabled boolean NOT NULL,
    sip_trunk_id character varying(100) NOT NULL,
    sip_dispatch_rule_id character varying(100) NOT NULL,
    webhook_url character varying(200) NOT NULL,
    default_permissions jsonb NOT NULL,
    is_default boolean NOT NULL,
    is_active boolean NOT NULL
);


ALTER TABLE public.rooms_roomtemplate OWNER TO estuary;

--
-- Name: rooms_roomtemplate_id_seq; Type: SEQUENCE; Schema: public; Owner: estuary
--

ALTER TABLE public.rooms_roomtemplate ALTER COLUMN id ADD GENERATED BY DEFAULT AS IDENTITY (
    SEQUENCE NAME public.rooms_roomtemplate_id_seq
    START WITH 1
    INCREMENT BY 1
    NO MINVALUE
    NO MAXVALUE
    CACHE 1
);


--
-- Name: rooms_roomtoken; Type: TABLE; Schema: public; Owner: estuary
--

CREATE TABLE public.rooms_roomtoken (
    id bigint NOT NULL,
    created_at timestamp with time zone NOT NULL,
    updated_at timestamp with time zone NOT NULL,
    token text NOT NULL,
    identity character varying(255) NOT NULL,
    role character varying(20) NOT NULL,
    expires_at timestamp with time zone NOT NULL,
    is_used boolean NOT NULL,
    used_at timestamp with time zone,
    is_revoked boolean NOT NULL,
    revoked_at timestamp with time zone,
    permissions jsonb NOT NULL,
    ip_address inet,
    user_agent text NOT NULL,
    participant_id bigint,
    room_id bigint NOT NULL,
    user_id bigint NOT NULL
);


ALTER TABLE public.rooms_roomtoken OWNER TO estuary;

--
-- Name: rooms_roomtoken_id_seq; Type: SEQUENCE; Schema: public; Owner: estuary
--

ALTER TABLE public.rooms_roomtoken ALTER COLUMN id ADD GENERATED BY DEFAULT AS IDENTITY (
    SEQUENCE NAME public.rooms_roomtoken_id_seq
    START WITH 1
    INCREMENT BY 1
    NO MINVALUE
    NO MAXVALUE
    CACHE 1
);


--
-- Name: rooms_videotoken; Type: TABLE; Schema: public; Owner: estuary
--

CREATE TABLE public.rooms_videotoken (
    id bigint NOT NULL,
    created_at timestamp with time zone NOT NULL,
    updated_at timestamp with time zone NOT NULL,
    token text NOT NULL,
    role character varying(20) NOT NULL,
    permissions jsonb NOT NULL,
    expires_at timestamp with time zone NOT NULL,
    is_used boolean NOT NULL,
    is_revoked boolean NOT NULL,
    booking_id bigint,
    room_id bigint NOT NULL,
    user_id bigint NOT NULL
);


ALTER TABLE public.rooms_videotoken OWNER TO estuary;

--
-- Name: rooms_videotoken_id_seq; Type: SEQUENCE; Schema: public; Owner: estuary
--

ALTER TABLE public.rooms_videotoken ALTER COLUMN id ADD GENERATED BY DEFAULT AS IDENTITY (
    SEQUENCE NAME public.rooms_videotoken_id_seq
    START WITH 1
    INCREMENT BY 1
    NO MINVALUE
    NO MAXVALUE
    CACHE 1
);


--
-- Name: schedule_availabilities; Type: TABLE; Schema: public; Owner: estuary
--

CREATE TABLE public.schedule_availabilities (
    id bigint NOT NULL,
    created_at timestamp with time zone NOT NULL,
    updated_at timestamp with time zone NOT NULL,
    start_time time without time zone NOT NULL,
    end_time time without time zone NOT NULL,
    date date NOT NULL,
    day smallint NOT NULL,
    is_active boolean NOT NULL,
    practitioner_id bigint NOT NULL,
    service_schedule_id bigint NOT NULL,
    CONSTRAINT sa_end_time_after_start_time CHECK ((end_time > start_time))
);


ALTER TABLE public.schedule_availabilities OWNER TO estuary;

--
-- Name: schedule_availabilities_id_seq; Type: SEQUENCE; Schema: public; Owner: estuary
--

ALTER TABLE public.schedule_availabilities ALTER COLUMN id ADD GENERATED BY DEFAULT AS IDENTITY (
    SEQUENCE NAME public.schedule_availabilities_id_seq
    START WITH 1
    INCREMENT BY 1
    NO MINVALUE
    NO MAXVALUE
    CACHE 1
);


--
-- Name: search_analytics; Type: TABLE; Schema: public; Owner: estuary
--

CREATE TABLE public.search_analytics (
    id uuid NOT NULL,
    query_text character varying(255) NOT NULL,
    filters_applied jsonb,
    results_count integer NOT NULL,
    clicked_results integer NOT NULL,
    conversion boolean NOT NULL,
    search_date timestamp with time zone NOT NULL,
    session_id character varying(100),
    user_id bigint,
    CONSTRAINT search_analytics_clicked_results_check CHECK ((clicked_results >= 0)),
    CONSTRAINT search_analytics_results_count_check CHECK ((results_count >= 0))
);


ALTER TABLE public.search_analytics OWNER TO estuary;

--
-- Name: search_logs; Type: TABLE; Schema: public; Owner: estuary
--

CREATE TABLE public.search_logs (
    id uuid NOT NULL,
    session_id character varying(100),
    query character varying(255) NOT NULL,
    search_type character varying(20) NOT NULL,
    filters jsonb,
    location jsonb,
    result_count integer NOT NULL,
    clicked_position integer,
    created_at timestamp with time zone NOT NULL,
    ip_address inet,
    user_agent text,
    user_id bigint,
    CONSTRAINT search_logs_clicked_position_check CHECK ((clicked_position >= 0)),
    CONSTRAINT search_logs_result_count_check CHECK ((result_count >= 0))
);


ALTER TABLE public.search_logs OWNER TO estuary;

--
-- Name: service_analytics; Type: TABLE; Schema: public; Owner: estuary
--

CREATE TABLE public.service_analytics (
    id uuid NOT NULL,
    date date NOT NULL,
    views integer NOT NULL,
    bookings integer NOT NULL,
    cancellations integer NOT NULL,
    total_revenue numeric(10,2) NOT NULL,
    average_rating numeric(3,2),
    service_id bigint NOT NULL,
    CONSTRAINT service_analytics_bookings_check CHECK ((bookings >= 0)),
    CONSTRAINT service_analytics_cancellations_check CHECK ((cancellations >= 0)),
    CONSTRAINT service_analytics_views_check CHECK ((views >= 0))
);


ALTER TABLE public.service_analytics OWNER TO estuary;

--
-- Name: service_benefits; Type: TABLE; Schema: public; Owner: estuary
--

CREATE TABLE public.service_benefits (
    id bigint NOT NULL,
    title character varying(255) NOT NULL,
    description text,
    icon character varying(50),
    "order" integer NOT NULL,
    created_at timestamp with time zone NOT NULL,
    updated_at timestamp with time zone NOT NULL,
    service_id bigint,
    session_id bigint,
    CONSTRAINT service_benefits_order_check CHECK (("order" >= 0)),
    CONSTRAINT service_or_session_required CHECK (((service_id IS NOT NULL) OR (session_id IS NOT NULL)))
);


ALTER TABLE public.service_benefits OWNER TO estuary;

--
-- Name: service_benefits_id_seq; Type: SEQUENCE; Schema: public; Owner: estuary
--

ALTER TABLE public.service_benefits ALTER COLUMN id ADD GENERATED BY DEFAULT AS IDENTITY (
    SEQUENCE NAME public.service_benefits_id_seq
    START WITH 1
    INCREMENT BY 1
    NO MINVALUE
    NO MAXVALUE
    CACHE 1
);


--
-- Name: service_relationships; Type: TABLE; Schema: public; Owner: estuary
--

CREATE TABLE public.service_relationships (
    id bigint NOT NULL,
    quantity smallint NOT NULL,
    "order" smallint NOT NULL,
    discount_percentage numeric(5,2) NOT NULL,
    is_required boolean NOT NULL,
    description_override text,
    created_at timestamp with time zone NOT NULL,
    updated_at timestamp with time zone NOT NULL,
    child_service_id bigint,
    parent_service_id bigint
);


ALTER TABLE public.service_relationships OWNER TO estuary;

--
-- Name: service_relationships_id_seq; Type: SEQUENCE; Schema: public; Owner: estuary
--

ALTER TABLE public.service_relationships ALTER COLUMN id ADD GENERATED BY DEFAULT AS IDENTITY (
    SEQUENCE NAME public.service_relationships_id_seq
    START WITH 1
    INCREMENT BY 1
    NO MINVALUE
    NO MAXVALUE
    CACHE 1
);


--
-- Name: service_sessions; Type: TABLE; Schema: public; Owner: estuary
--

CREATE TABLE public.service_sessions (
    id bigint NOT NULL,
    title character varying(255),
    description text,
    start_time timestamp with time zone NOT NULL,
    end_time timestamp with time zone NOT NULL,
    duration integer,
    max_participants integer,
    current_participants integer NOT NULL,
    sequence_number integer NOT NULL,
    price_cents integer,
    status character varying(20) NOT NULL,
    created_at timestamp with time zone NOT NULL,
    updated_at timestamp with time zone NOT NULL,
    agenda text,
    what_youll_learn text,
    address_id bigint,
    room_id bigint,
    service_id bigint NOT NULL,
    CONSTRAINT service_sessions_duration_check CHECK ((duration >= 0)),
    CONSTRAINT service_sessions_sequence_number_check CHECK ((sequence_number >= 0))
);


ALTER TABLE public.service_sessions OWNER TO estuary;

--
-- Name: service_sessions_id_seq; Type: SEQUENCE; Schema: public; Owner: estuary
--

ALTER TABLE public.service_sessions ALTER COLUMN id ADD GENERATED BY DEFAULT AS IDENTITY (
    SEQUENCE NAME public.service_sessions_id_seq
    START WITH 1
    INCREMENT BY 1
    NO MINVALUE
    NO MAXVALUE
    CACHE 1
);


--
-- Name: service_type_commissions; Type: TABLE; Schema: public; Owner: estuary
--

CREATE TABLE public.service_type_commissions (
    id bigint NOT NULL,
    base_rate numeric(5,2) NOT NULL,
    description text,
    is_active boolean NOT NULL,
    created_at timestamp with time zone NOT NULL,
    updated_at timestamp with time zone NOT NULL,
    service_type_id bigint NOT NULL
);


ALTER TABLE public.service_type_commissions OWNER TO estuary;

--
-- Name: service_type_commissions_id_seq; Type: SEQUENCE; Schema: public; Owner: estuary
--

ALTER TABLE public.service_type_commissions ALTER COLUMN id ADD GENERATED BY DEFAULT AS IDENTITY (
    SEQUENCE NAME public.service_type_commissions_id_seq
    START WITH 1
    INCREMENT BY 1
    NO MINVALUE
    NO MAXVALUE
    CACHE 1
);


--
-- Name: service_views; Type: TABLE; Schema: public; Owner: estuary
--

CREATE TABLE public.service_views (
    id uuid NOT NULL,
    session_id character varying(100),
    viewed_at timestamp with time zone NOT NULL,
    referrer character varying(255),
    search_query character varying(255),
    duration_seconds integer,
    service_id bigint NOT NULL,
    user_id bigint,
    CONSTRAINT service_views_duration_seconds_check CHECK ((duration_seconds >= 0))
);


ALTER TABLE public.service_views OWNER TO estuary;

--
-- Name: services_practitionerservicecategory; Type: TABLE; Schema: public; Owner: estuary
--

CREATE TABLE public.services_practitionerservicecategory (
    id bigint NOT NULL,
    created_at timestamp with time zone NOT NULL,
    updated_at timestamp with time zone NOT NULL,
    name character varying(100) NOT NULL,
    slug character varying(100) NOT NULL,
    description text,
    icon character varying(50),
    is_active boolean NOT NULL,
    "order" integer NOT NULL,
    color character varying(7),
    practitioner_id bigint NOT NULL,
    CONSTRAINT services_practitionerservicecategory_order_check CHECK (("order" >= 0))
);


ALTER TABLE public.services_practitionerservicecategory OWNER TO estuary;

--
-- Name: services_practitionerservicecategory_id_seq; Type: SEQUENCE; Schema: public; Owner: estuary
--

ALTER TABLE public.services_practitionerservicecategory ALTER COLUMN id ADD GENERATED BY DEFAULT AS IDENTITY (
    SEQUENCE NAME public.services_practitionerservicecategory_id_seq
    START WITH 1
    INCREMENT BY 1
    NO MINVALUE
    NO MAXVALUE
    CACHE 1
);


--
-- Name: services_service; Type: TABLE; Schema: public; Owner: estuary
--

CREATE TABLE public.services_service (
    id bigint NOT NULL,
    created_at timestamp with time zone NOT NULL,
    updated_at timestamp with time zone NOT NULL,
    is_deleted boolean NOT NULL,
    deleted_at timestamp with time zone,
    public_uuid uuid NOT NULL,
    name character varying(255) NOT NULL,
    description text,
    short_description character varying(500),
    price_cents integer NOT NULL,
    duration_minutes integer NOT NULL,
    max_participants integer NOT NULL,
    min_participants integer NOT NULL,
    experience_level character varying(20) NOT NULL,
    age_min integer,
    age_max integer,
    location_type character varying(20) NOT NULL,
    what_youll_learn text,
    prerequisites text,
    includes jsonb,
    tags jsonb,
    is_active boolean NOT NULL,
    is_featured boolean NOT NULL,
    is_public boolean NOT NULL,
    status character varying(20) NOT NULL,
    published_at timestamp with time zone,
    validity_days integer NOT NULL,
    is_transferable boolean NOT NULL,
    is_shareable boolean NOT NULL,
    sessions_included integer,
    bonus_sessions integer NOT NULL,
    max_per_customer integer,
    available_from timestamp with time zone,
    available_until timestamp with time zone,
    highlight_text character varying(50),
    terms_conditions text,
    address_id bigint,
    primary_practitioner_id bigint NOT NULL,
    category_id bigint,
    service_type_id bigint NOT NULL,
    practitioner_category_id bigint,
    image character varying(100),
    schedule_id bigint,
    slug character varying(255) NOT NULL,
    CONSTRAINT services_service_age_max_check CHECK ((age_max >= 0)),
    CONSTRAINT services_service_age_min_check CHECK ((age_min >= 0)),
    CONSTRAINT services_service_bonus_sessions_check CHECK ((bonus_sessions >= 0)),
    CONSTRAINT services_service_duration_minutes_check CHECK ((duration_minutes >= 0)),
    CONSTRAINT services_service_max_participants_check CHECK ((max_participants >= 0)),
    CONSTRAINT services_service_max_per_customer_check CHECK ((max_per_customer >= 0)),
    CONSTRAINT services_service_min_participants_check CHECK ((min_participants >= 0)),
    CONSTRAINT services_service_sessions_included_check CHECK ((sessions_included >= 0)),
    CONSTRAINT services_service_validity_days_check CHECK ((validity_days >= 0))
);


ALTER TABLE public.services_service OWNER TO estuary;

--
-- Name: services_service_id_seq; Type: SEQUENCE; Schema: public; Owner: estuary
--

ALTER TABLE public.services_service ALTER COLUMN id ADD GENERATED BY DEFAULT AS IDENTITY (
    SEQUENCE NAME public.services_service_id_seq
    START WITH 1
    INCREMENT BY 1
    NO MINVALUE
    NO MAXVALUE
    CACHE 1
);


--
-- Name: services_service_languages; Type: TABLE; Schema: public; Owner: estuary
--

CREATE TABLE public.services_service_languages (
    id bigint NOT NULL,
    service_id bigint NOT NULL,
    language_id bigint NOT NULL
);


ALTER TABLE public.services_service_languages OWNER TO estuary;

--
-- Name: services_service_languages_id_seq; Type: SEQUENCE; Schema: public; Owner: estuary
--

ALTER TABLE public.services_service_languages ALTER COLUMN id ADD GENERATED BY DEFAULT AS IDENTITY (
    SEQUENCE NAME public.services_service_languages_id_seq
    START WITH 1
    INCREMENT BY 1
    NO MINVALUE
    NO MAXVALUE
    CACHE 1
);


--
-- Name: services_servicecategory; Type: TABLE; Schema: public; Owner: estuary
--

CREATE TABLE public.services_servicecategory (
    id bigint NOT NULL,
    created_at timestamp with time zone NOT NULL,
    updated_at timestamp with time zone NOT NULL,
    name character varying(100) NOT NULL,
    slug character varying(100) NOT NULL,
    description text,
    icon character varying(50),
    is_active boolean NOT NULL,
    is_featured boolean NOT NULL,
    "order" integer NOT NULL,
    CONSTRAINT services_servicecategory_order_check CHECK (("order" >= 0))
);


ALTER TABLE public.services_servicecategory OWNER TO estuary;

--
-- Name: services_servicecategory_id_seq; Type: SEQUENCE; Schema: public; Owner: estuary
--

ALTER TABLE public.services_servicecategory ALTER COLUMN id ADD GENERATED BY DEFAULT AS IDENTITY (
    SEQUENCE NAME public.services_servicecategory_id_seq
    START WITH 1
    INCREMENT BY 1
    NO MINVALUE
    NO MAXVALUE
    CACHE 1
);


--
-- Name: services_servicepractitioner; Type: TABLE; Schema: public; Owner: estuary
--

CREATE TABLE public.services_servicepractitioner (
    id bigint NOT NULL,
    is_primary boolean NOT NULL,
    role character varying(100),
    revenue_share_percentage numeric(5,2) NOT NULL,
    created_at timestamp with time zone NOT NULL,
    updated_at timestamp with time zone NOT NULL,
    practitioner_id bigint NOT NULL,
    service_id bigint NOT NULL
);


ALTER TABLE public.services_servicepractitioner OWNER TO estuary;

--
-- Name: services_servicepractitioner_id_seq; Type: SEQUENCE; Schema: public; Owner: estuary
--

ALTER TABLE public.services_servicepractitioner ALTER COLUMN id ADD GENERATED BY DEFAULT AS IDENTITY (
    SEQUENCE NAME public.services_servicepractitioner_id_seq
    START WITH 1
    INCREMENT BY 1
    NO MINVALUE
    NO MAXVALUE
    CACHE 1
);


--
-- Name: services_serviceresource; Type: TABLE; Schema: public; Owner: estuary
--

CREATE TABLE public.services_serviceresource (
    id bigint NOT NULL,
    created_at timestamp with time zone NOT NULL,
    updated_at timestamp with time zone NOT NULL,
    title character varying(255) NOT NULL,
    description text,
    resource_type character varying(20) NOT NULL,
    attachment_level character varying(20) NOT NULL,
    content text,
    file_url character varying(200),
    external_url character varying(200),
    file_name character varying(255),
    file_size integer,
    file_type character varying(50),
    duration_seconds integer,
    access_level character varying(20) NOT NULL,
    is_downloadable boolean NOT NULL,
    available_from timestamp with time zone,
    available_until timestamp with time zone,
    "order" integer NOT NULL,
    is_featured boolean NOT NULL,
    tags jsonb,
    personal_note text,
    view_count integer NOT NULL,
    download_count integer NOT NULL,
    booking_id bigint,
    service_id bigint,
    uploaded_by_id bigint,
    service_session_id bigint,
    CONSTRAINT resource_parent_matches_level CHECK (((((attachment_level)::text = 'service'::text) AND (booking_id IS NULL) AND (service_id IS NOT NULL) AND (service_session_id IS NULL)) OR (((attachment_level)::text = 'session'::text) AND (booking_id IS NULL) AND (service_id IS NULL) AND (service_session_id IS NOT NULL)) OR (((attachment_level)::text = 'booking'::text) AND (booking_id IS NOT NULL) AND (service_id IS NULL) AND (service_session_id IS NULL)))),
    CONSTRAINT services_serviceresource_download_count_check CHECK ((download_count >= 0)),
    CONSTRAINT services_serviceresource_order_check CHECK (("order" >= 0)),
    CONSTRAINT services_serviceresource_view_count_check CHECK ((view_count >= 0))
);


ALTER TABLE public.services_serviceresource OWNER TO estuary;

--
-- Name: services_serviceresource_id_seq; Type: SEQUENCE; Schema: public; Owner: estuary
--

ALTER TABLE public.services_serviceresource ALTER COLUMN id ADD GENERATED BY DEFAULT AS IDENTITY (
    SEQUENCE NAME public.services_serviceresource_id_seq
    START WITH 1
    INCREMENT BY 1
    NO MINVALUE
    NO MAXVALUE
    CACHE 1
);


--
-- Name: services_serviceresourceaccess; Type: TABLE; Schema: public; Owner: estuary
--

CREATE TABLE public.services_serviceresourceaccess (
    id bigint NOT NULL,
    created_at timestamp with time zone NOT NULL,
    updated_at timestamp with time zone NOT NULL,
    accessed_at timestamp with time zone NOT NULL,
    action character varying(20) NOT NULL,
    resource_id bigint NOT NULL,
    user_id bigint NOT NULL
);


ALTER TABLE public.services_serviceresourceaccess OWNER TO estuary;

--
-- Name: services_serviceresourceaccess_id_seq; Type: SEQUENCE; Schema: public; Owner: estuary
--

ALTER TABLE public.services_serviceresourceaccess ALTER COLUMN id ADD GENERATED BY DEFAULT AS IDENTITY (
    SEQUENCE NAME public.services_serviceresourceaccess_id_seq
    START WITH 1
    INCREMENT BY 1
    NO MINVALUE
    NO MAXVALUE
    CACHE 1
);


--
-- Name: services_servicetype; Type: TABLE; Schema: public; Owner: estuary
--

CREATE TABLE public.services_servicetype (
    id bigint NOT NULL,
    created_at timestamp with time zone NOT NULL,
    updated_at timestamp with time zone NOT NULL,
    name character varying(50) NOT NULL,
    code character varying(20) NOT NULL,
    description text,
    is_active boolean NOT NULL,
    "order" integer NOT NULL,
    category_id bigint,
    CONSTRAINT services_servicetype_order_check CHECK (("order" >= 0))
);


ALTER TABLE public.services_servicetype OWNER TO estuary;

--
-- Name: services_servicetype_id_seq; Type: SEQUENCE; Schema: public; Owner: estuary
--

ALTER TABLE public.services_servicetype ALTER COLUMN id ADD GENERATED BY DEFAULT AS IDENTITY (
    SEQUENCE NAME public.services_servicetype_id_seq
    START WITH 1
    INCREMENT BY 1
    NO MINVALUE
    NO MAXVALUE
    CACHE 1
);


--
-- Name: session_agenda_items; Type: TABLE; Schema: public; Owner: estuary
--

CREATE TABLE public.session_agenda_items (
    id bigint NOT NULL,
    title character varying(255) NOT NULL,
    description text,
    start_time timestamp with time zone,
    end_time timestamp with time zone,
    "order" integer NOT NULL,
    service_id bigint,
    session_id bigint,
    CONSTRAINT agenda_item_exactly_one_parent CHECK ((((service_id IS NOT NULL) AND (session_id IS NULL)) OR ((service_id IS NULL) AND (session_id IS NOT NULL)))),
    CONSTRAINT session_agenda_items_order_check CHECK (("order" >= 0))
);


ALTER TABLE public.session_agenda_items OWNER TO estuary;

--
-- Name: session_agenda_items_id_seq; Type: SEQUENCE; Schema: public; Owner: estuary
--

ALTER TABLE public.session_agenda_items ALTER COLUMN id ADD GENERATED BY DEFAULT AS IDENTITY (
    SEQUENCE NAME public.session_agenda_items_id_seq
    START WITH 1
    INCREMENT BY 1
    NO MINVALUE
    NO MAXVALUE
    CACHE 1
);


--
-- Name: session_participants; Type: TABLE; Schema: public; Owner: estuary
--

CREATE TABLE public.session_participants (
    id bigint NOT NULL,
    attendance_status character varying(20) NOT NULL,
    check_in_time timestamp with time zone,
    check_out_time timestamp with time zone,
    booking_id bigint NOT NULL,
    session_id bigint NOT NULL,
    user_id bigint NOT NULL
);


ALTER TABLE public.session_participants OWNER TO estuary;

--
-- Name: session_participants_id_seq; Type: SEQUENCE; Schema: public; Owner: estuary
--

ALTER TABLE public.session_participants ALTER COLUMN id ADD GENERATED BY DEFAULT AS IDENTITY (
    SEQUENCE NAME public.session_participants_id_seq
    START WITH 1
    INCREMENT BY 1
    NO MINVALUE
    NO MAXVALUE
    CACHE 1
);


--
-- Name: specializations; Type: TABLE; Schema: public; Owner: estuary
--

CREATE TABLE public.specializations (
    id bigint NOT NULL,
    content text
);


ALTER TABLE public.specializations OWNER TO estuary;

--
-- Name: TABLE specializations; Type: COMMENT; Schema: public; Owner: estuary
--

COMMENT ON TABLE public.specializations IS 'Specialize base data';


--
-- Name: specializations_id_seq; Type: SEQUENCE; Schema: public; Owner: estuary
--

ALTER TABLE public.specializations ALTER COLUMN id ADD GENERATED BY DEFAULT AS IDENTITY (
    SEQUENCE NAME public.specializations_id_seq
    START WITH 1
    INCREMENT BY 1
    NO MINVALUE
    NO MAXVALUE
    CACHE 1
);


--
-- Name: streams_livestream; Type: TABLE; Schema: public; Owner: estuary
--

CREATE TABLE public.streams_livestream (
    id bigint NOT NULL,
    created_at timestamp with time zone NOT NULL,
    updated_at timestamp with time zone NOT NULL,
    is_deleted boolean NOT NULL,
    deleted_at timestamp with time zone,
    public_uuid uuid NOT NULL,
    title character varying(255) NOT NULL,
    description text,
    status character varying(20) NOT NULL,
    tier_level character varying(20) NOT NULL,
    is_public boolean NOT NULL,
    scheduled_start timestamp with time zone NOT NULL,
    scheduled_end timestamp with time zone NOT NULL,
    actual_start timestamp with time zone,
    actual_end timestamp with time zone,
    allow_chat boolean NOT NULL,
    allow_reactions boolean NOT NULL,
    record_stream boolean NOT NULL,
    current_viewers integer NOT NULL,
    peak_viewers integer NOT NULL,
    total_viewers integer NOT NULL,
    unique_viewers integer NOT NULL,
    chat_message_count integer NOT NULL,
    reaction_count integer NOT NULL,
    thumbnail_url character varying(200),
    tags jsonb NOT NULL,
    practitioner_id bigint NOT NULL,
    room_id bigint,
    stream_id bigint NOT NULL
);


ALTER TABLE public.streams_livestream OWNER TO estuary;

--
-- Name: streams_livestream_id_seq; Type: SEQUENCE; Schema: public; Owner: estuary
--

ALTER TABLE public.streams_livestream ALTER COLUMN id ADD GENERATED BY DEFAULT AS IDENTITY (
    SEQUENCE NAME public.streams_livestream_id_seq
    START WITH 1
    INCREMENT BY 1
    NO MINVALUE
    NO MAXVALUE
    CACHE 1
);


--
-- Name: streams_livestreamanalytics; Type: TABLE; Schema: public; Owner: estuary
--

CREATE TABLE public.streams_livestreamanalytics (
    id bigint NOT NULL,
    created_at timestamp with time zone NOT NULL,
    updated_at timestamp with time zone NOT NULL,
    total_viewers integer NOT NULL,
    unique_viewers integer NOT NULL,
    peak_concurrent_viewers integer NOT NULL,
    average_view_duration_seconds integer NOT NULL,
    total_chat_messages integer NOT NULL,
    total_reactions integer NOT NULL,
    unique_chatters integer NOT NULL,
    free_tier_viewers integer NOT NULL,
    entry_tier_viewers integer NOT NULL,
    premium_tier_viewers integer NOT NULL,
    non_subscriber_viewers integer NOT NULL,
    viewer_countries jsonb NOT NULL,
    viewer_devices jsonb NOT NULL,
    tips_received_cents integer NOT NULL,
    computed_at timestamp with time zone,
    live_stream_id bigint NOT NULL
);


ALTER TABLE public.streams_livestreamanalytics OWNER TO estuary;

--
-- Name: streams_livestreamanalytics_id_seq; Type: SEQUENCE; Schema: public; Owner: estuary
--

ALTER TABLE public.streams_livestreamanalytics ALTER COLUMN id ADD GENERATED BY DEFAULT AS IDENTITY (
    SEQUENCE NAME public.streams_livestreamanalytics_id_seq
    START WITH 1
    INCREMENT BY 1
    NO MINVALUE
    NO MAXVALUE
    CACHE 1
);


--
-- Name: streams_livestreamviewer; Type: TABLE; Schema: public; Owner: estuary
--

CREATE TABLE public.streams_livestreamviewer (
    id bigint NOT NULL,
    created_at timestamp with time zone NOT NULL,
    updated_at timestamp with time zone NOT NULL,
    joined_at timestamp with time zone NOT NULL,
    left_at timestamp with time zone,
    duration_seconds integer NOT NULL,
    chat_messages_sent integer NOT NULL,
    reactions_sent integer NOT NULL,
    ip_address inet,
    user_agent text NOT NULL,
    live_stream_id bigint NOT NULL,
    user_id bigint NOT NULL
);


ALTER TABLE public.streams_livestreamviewer OWNER TO estuary;

--
-- Name: streams_livestreamviewer_id_seq; Type: SEQUENCE; Schema: public; Owner: estuary
--

ALTER TABLE public.streams_livestreamviewer ALTER COLUMN id ADD GENERATED BY DEFAULT AS IDENTITY (
    SEQUENCE NAME public.streams_livestreamviewer_id_seq
    START WITH 1
    INCREMENT BY 1
    NO MINVALUE
    NO MAXVALUE
    CACHE 1
);


--
-- Name: streams_stream; Type: TABLE; Schema: public; Owner: estuary
--

CREATE TABLE public.streams_stream (
    id bigint NOT NULL,
    created_at timestamp with time zone NOT NULL,
    updated_at timestamp with time zone NOT NULL,
    is_deleted boolean NOT NULL,
    deleted_at timestamp with time zone,
    public_uuid uuid NOT NULL,
    title character varying(255) NOT NULL,
    tagline character varying(255),
    description text NOT NULL,
    about text,
    cover_image_url character varying(200),
    profile_image_url character varying(200),
    intro_video_url character varying(200),
    tags jsonb NOT NULL,
    free_tier_name character varying(50) NOT NULL,
    entry_tier_name character varying(50) NOT NULL,
    premium_tier_name character varying(50) NOT NULL,
    entry_tier_price_cents integer NOT NULL,
    premium_tier_price_cents integer NOT NULL,
    free_tier_description text,
    entry_tier_description text,
    premium_tier_description text,
    free_tier_perks jsonb NOT NULL,
    entry_tier_perks jsonb NOT NULL,
    premium_tier_perks jsonb NOT NULL,
    is_active boolean NOT NULL,
    is_featured boolean NOT NULL,
    allow_comments boolean NOT NULL,
    allow_dms boolean NOT NULL,
    allow_tips boolean NOT NULL,
    preview_post_count integer NOT NULL,
    watermark_media boolean NOT NULL,
    subscriber_count integer NOT NULL,
    free_subscriber_count integer NOT NULL,
    paid_subscriber_count integer NOT NULL,
    post_count integer NOT NULL,
    total_revenue_cents bigint NOT NULL,
    commission_rate numeric(5,2) NOT NULL,
    launched_at timestamp with time zone,
    practitioner_id bigint NOT NULL,
    CONSTRAINT streams_stream_free_subscriber_count_check CHECK ((free_subscriber_count >= 0)),
    CONSTRAINT streams_stream_paid_subscriber_count_check CHECK ((paid_subscriber_count >= 0)),
    CONSTRAINT streams_stream_post_count_check CHECK ((post_count >= 0)),
    CONSTRAINT streams_stream_preview_post_count_check CHECK ((preview_post_count >= 0)),
    CONSTRAINT streams_stream_subscriber_count_check CHECK ((subscriber_count >= 0))
);


ALTER TABLE public.streams_stream OWNER TO estuary;

--
-- Name: streams_stream_categories; Type: TABLE; Schema: public; Owner: estuary
--

CREATE TABLE public.streams_stream_categories (
    id bigint NOT NULL,
    stream_id bigint NOT NULL,
    streamcategory_id bigint NOT NULL
);


ALTER TABLE public.streams_stream_categories OWNER TO estuary;

--
-- Name: streams_stream_categories_id_seq; Type: SEQUENCE; Schema: public; Owner: estuary
--

ALTER TABLE public.streams_stream_categories ALTER COLUMN id ADD GENERATED BY DEFAULT AS IDENTITY (
    SEQUENCE NAME public.streams_stream_categories_id_seq
    START WITH 1
    INCREMENT BY 1
    NO MINVALUE
    NO MAXVALUE
    CACHE 1
);


--
-- Name: streams_stream_id_seq; Type: SEQUENCE; Schema: public; Owner: estuary
--

ALTER TABLE public.streams_stream ALTER COLUMN id ADD GENERATED BY DEFAULT AS IDENTITY (
    SEQUENCE NAME public.streams_stream_id_seq
    START WITH 1
    INCREMENT BY 1
    NO MINVALUE
    NO MAXVALUE
    CACHE 1
);


--
-- Name: streams_streamanalytics; Type: TABLE; Schema: public; Owner: estuary
--

CREATE TABLE public.streams_streamanalytics (
    id bigint NOT NULL,
    created_at timestamp with time zone NOT NULL,
    updated_at timestamp with time zone NOT NULL,
    date date NOT NULL,
    total_subscribers integer NOT NULL,
    free_subscribers integer NOT NULL,
    entry_subscribers integer NOT NULL,
    premium_subscribers integer NOT NULL,
    new_subscribers integer NOT NULL,
    churned_subscribers integer NOT NULL,
    upgraded_subscribers integer NOT NULL,
    downgraded_subscribers integer NOT NULL,
    posts_published integer NOT NULL,
    total_views integer NOT NULL,
    unique_viewers integer NOT NULL,
    total_likes integer NOT NULL,
    total_comments integer NOT NULL,
    subscription_revenue_cents integer NOT NULL,
    tips_revenue_cents integer NOT NULL,
    total_revenue_cents integer NOT NULL,
    commission_paid_cents integer NOT NULL,
    net_revenue_cents integer NOT NULL,
    stream_id bigint NOT NULL
);


ALTER TABLE public.streams_streamanalytics OWNER TO estuary;

--
-- Name: streams_streamanalytics_id_seq; Type: SEQUENCE; Schema: public; Owner: estuary
--

ALTER TABLE public.streams_streamanalytics ALTER COLUMN id ADD GENERATED BY DEFAULT AS IDENTITY (
    SEQUENCE NAME public.streams_streamanalytics_id_seq
    START WITH 1
    INCREMENT BY 1
    NO MINVALUE
    NO MAXVALUE
    CACHE 1
);


--
-- Name: streams_streamcategory; Type: TABLE; Schema: public; Owner: estuary
--

CREATE TABLE public.streams_streamcategory (
    id bigint NOT NULL,
    created_at timestamp with time zone NOT NULL,
    updated_at timestamp with time zone NOT NULL,
    name character varying(100) NOT NULL,
    slug character varying(100) NOT NULL,
    description text,
    icon character varying(50),
    is_active boolean NOT NULL,
    "order" integer NOT NULL,
    CONSTRAINT streams_streamcategory_order_check CHECK (("order" >= 0))
);


ALTER TABLE public.streams_streamcategory OWNER TO estuary;

--
-- Name: streams_streamcategory_id_seq; Type: SEQUENCE; Schema: public; Owner: estuary
--

ALTER TABLE public.streams_streamcategory ALTER COLUMN id ADD GENERATED BY DEFAULT AS IDENTITY (
    SEQUENCE NAME public.streams_streamcategory_id_seq
    START WITH 1
    INCREMENT BY 1
    NO MINVALUE
    NO MAXVALUE
    CACHE 1
);


--
-- Name: streams_streampost; Type: TABLE; Schema: public; Owner: estuary
--

CREATE TABLE public.streams_streampost (
    id bigint NOT NULL,
    created_at timestamp with time zone NOT NULL,
    updated_at timestamp with time zone NOT NULL,
    is_deleted boolean NOT NULL,
    deleted_at timestamp with time zone,
    public_uuid uuid NOT NULL,
    title character varying(255),
    content text NOT NULL,
    post_type character varying(20) NOT NULL,
    tier_level character varying(20) NOT NULL,
    teaser_text character varying(500),
    blur_preview boolean NOT NULL,
    is_published boolean NOT NULL,
    published_at timestamp with time zone NOT NULL,
    is_pinned boolean NOT NULL,
    expires_at timestamp with time zone,
    view_count integer NOT NULL,
    unique_view_count integer NOT NULL,
    like_count integer NOT NULL,
    comment_count integer NOT NULL,
    share_count integer NOT NULL,
    allow_comments boolean NOT NULL,
    allow_tips boolean NOT NULL,
    poll_options jsonb,
    poll_ends_at timestamp with time zone,
    poll_allows_multiple boolean NOT NULL,
    tags jsonb NOT NULL,
    stream_id bigint NOT NULL,
    CONSTRAINT streams_streampost_comment_count_check CHECK ((comment_count >= 0)),
    CONSTRAINT streams_streampost_like_count_check CHECK ((like_count >= 0)),
    CONSTRAINT streams_streampost_share_count_check CHECK ((share_count >= 0)),
    CONSTRAINT streams_streampost_unique_view_count_check CHECK ((unique_view_count >= 0)),
    CONSTRAINT streams_streampost_view_count_check CHECK ((view_count >= 0))
);


ALTER TABLE public.streams_streampost OWNER TO estuary;

--
-- Name: streams_streampost_id_seq; Type: SEQUENCE; Schema: public; Owner: estuary
--

ALTER TABLE public.streams_streampost ALTER COLUMN id ADD GENERATED BY DEFAULT AS IDENTITY (
    SEQUENCE NAME public.streams_streampost_id_seq
    START WITH 1
    INCREMENT BY 1
    NO MINVALUE
    NO MAXVALUE
    CACHE 1
);


--
-- Name: streams_streampostcomment; Type: TABLE; Schema: public; Owner: estuary
--

CREATE TABLE public.streams_streampostcomment (
    id bigint NOT NULL,
    created_at timestamp with time zone NOT NULL,
    updated_at timestamp with time zone NOT NULL,
    content text NOT NULL,
    is_pinned boolean NOT NULL,
    is_hidden boolean NOT NULL,
    is_reported boolean NOT NULL,
    like_count integer NOT NULL,
    parent_comment_id bigint,
    post_id bigint NOT NULL,
    user_id bigint NOT NULL,
    CONSTRAINT streams_streampostcomment_like_count_check CHECK ((like_count >= 0))
);


ALTER TABLE public.streams_streampostcomment OWNER TO estuary;

--
-- Name: streams_streampostcomment_id_seq; Type: SEQUENCE; Schema: public; Owner: estuary
--

ALTER TABLE public.streams_streampostcomment ALTER COLUMN id ADD GENERATED BY DEFAULT AS IDENTITY (
    SEQUENCE NAME public.streams_streampostcomment_id_seq
    START WITH 1
    INCREMENT BY 1
    NO MINVALUE
    NO MAXVALUE
    CACHE 1
);


--
-- Name: streams_streampostlike; Type: TABLE; Schema: public; Owner: estuary
--

CREATE TABLE public.streams_streampostlike (
    id bigint NOT NULL,
    created_at timestamp with time zone NOT NULL,
    updated_at timestamp with time zone NOT NULL,
    post_id bigint NOT NULL,
    user_id bigint NOT NULL
);


ALTER TABLE public.streams_streampostlike OWNER TO estuary;

--
-- Name: streams_streampostlike_id_seq; Type: SEQUENCE; Schema: public; Owner: estuary
--

ALTER TABLE public.streams_streampostlike ALTER COLUMN id ADD GENERATED BY DEFAULT AS IDENTITY (
    SEQUENCE NAME public.streams_streampostlike_id_seq
    START WITH 1
    INCREMENT BY 1
    NO MINVALUE
    NO MAXVALUE
    CACHE 1
);


--
-- Name: streams_streampostmedia; Type: TABLE; Schema: public; Owner: estuary
--

CREATE TABLE public.streams_streampostmedia (
    id bigint NOT NULL,
    created_at timestamp with time zone NOT NULL,
    updated_at timestamp with time zone NOT NULL,
    media_type character varying(20) NOT NULL,
    media_url character varying(200) NOT NULL,
    thumbnail_url character varying(200),
    filename character varying(255),
    file_size integer,
    duration_seconds integer,
    width integer,
    height integer,
    "order" integer NOT NULL,
    caption text,
    alt_text character varying(255),
    is_processed boolean NOT NULL,
    processing_error text,
    post_id bigint NOT NULL,
    CONSTRAINT streams_streampostmedia_order_check CHECK (("order" >= 0))
);


ALTER TABLE public.streams_streampostmedia OWNER TO estuary;

--
-- Name: streams_streampostmedia_id_seq; Type: SEQUENCE; Schema: public; Owner: estuary
--

ALTER TABLE public.streams_streampostmedia ALTER COLUMN id ADD GENERATED BY DEFAULT AS IDENTITY (
    SEQUENCE NAME public.streams_streampostmedia_id_seq
    START WITH 1
    INCREMENT BY 1
    NO MINVALUE
    NO MAXVALUE
    CACHE 1
);


--
-- Name: streams_streampostview; Type: TABLE; Schema: public; Owner: estuary
--

CREATE TABLE public.streams_streampostview (
    id bigint NOT NULL,
    created_at timestamp with time zone NOT NULL,
    updated_at timestamp with time zone NOT NULL,
    ip_address inet,
    user_agent text,
    referrer character varying(200),
    duration_seconds integer NOT NULL,
    post_id bigint NOT NULL,
    user_id bigint
);


ALTER TABLE public.streams_streampostview OWNER TO estuary;

--
-- Name: streams_streampostview_id_seq; Type: SEQUENCE; Schema: public; Owner: estuary
--

ALTER TABLE public.streams_streampostview ALTER COLUMN id ADD GENERATED BY DEFAULT AS IDENTITY (
    SEQUENCE NAME public.streams_streampostview_id_seq
    START WITH 1
    INCREMENT BY 1
    NO MINVALUE
    NO MAXVALUE
    CACHE 1
);


--
-- Name: streams_streamschedule; Type: TABLE; Schema: public; Owner: estuary
--

CREATE TABLE public.streams_streamschedule (
    id bigint NOT NULL,
    created_at timestamp with time zone NOT NULL,
    updated_at timestamp with time zone NOT NULL,
    title character varying(255) NOT NULL,
    description text,
    recurrence_rule character varying(500) NOT NULL,
    duration_minutes integer NOT NULL,
    tier_level character varying(20) NOT NULL,
    is_active boolean NOT NULL,
    auto_create_days_ahead integer NOT NULL,
    next_occurrence timestamp with time zone,
    stream_id bigint NOT NULL
);


ALTER TABLE public.streams_streamschedule OWNER TO estuary;

--
-- Name: streams_streamschedule_id_seq; Type: SEQUENCE; Schema: public; Owner: estuary
--

ALTER TABLE public.streams_streamschedule ALTER COLUMN id ADD GENERATED BY DEFAULT AS IDENTITY (
    SEQUENCE NAME public.streams_streamschedule_id_seq
    START WITH 1
    INCREMENT BY 1
    NO MINVALUE
    NO MAXVALUE
    CACHE 1
);


--
-- Name: streams_streamsubscription; Type: TABLE; Schema: public; Owner: estuary
--

CREATE TABLE public.streams_streamsubscription (
    id bigint NOT NULL,
    created_at timestamp with time zone NOT NULL,
    updated_at timestamp with time zone NOT NULL,
    tier character varying(20) NOT NULL,
    status character varying(20) NOT NULL,
    started_at timestamp with time zone NOT NULL,
    current_period_start timestamp with time zone NOT NULL,
    current_period_end timestamp with time zone NOT NULL,
    canceled_at timestamp with time zone,
    ends_at timestamp with time zone,
    stripe_subscription_id character varying(255),
    stripe_customer_id character varying(255),
    previous_tier character varying(20),
    tier_changed_at timestamp with time zone,
    last_viewed_at timestamp with time zone,
    total_tips_cents integer NOT NULL,
    notify_new_posts boolean NOT NULL,
    notify_live_streams boolean NOT NULL,
    stream_id bigint NOT NULL,
    user_id bigint NOT NULL
);


ALTER TABLE public.streams_streamsubscription OWNER TO estuary;

--
-- Name: streams_streamsubscription_id_seq; Type: SEQUENCE; Schema: public; Owner: estuary
--

ALTER TABLE public.streams_streamsubscription ALTER COLUMN id ADD GENERATED BY DEFAULT AS IDENTITY (
    SEQUENCE NAME public.streams_streamsubscription_id_seq
    START WITH 1
    INCREMENT BY 1
    NO MINVALUE
    NO MAXVALUE
    CACHE 1
);


--
-- Name: streams_streamtip; Type: TABLE; Schema: public; Owner: estuary
--

CREATE TABLE public.streams_streamtip (
    id bigint NOT NULL,
    created_at timestamp with time zone NOT NULL,
    updated_at timestamp with time zone NOT NULL,
    is_deleted boolean NOT NULL,
    deleted_at timestamp with time zone,
    public_uuid uuid NOT NULL,
    amount_cents integer NOT NULL,
    message text,
    is_anonymous boolean NOT NULL,
    stripe_payment_intent_id character varying(255) NOT NULL,
    status character varying(20) NOT NULL,
    commission_rate numeric(5,2) NOT NULL,
    commission_amount_cents integer NOT NULL,
    net_amount_cents integer NOT NULL,
    post_id bigint,
    stream_id bigint NOT NULL,
    user_id bigint NOT NULL
);


ALTER TABLE public.streams_streamtip OWNER TO estuary;

--
-- Name: streams_streamtip_id_seq; Type: SEQUENCE; Schema: public; Owner: estuary
--

ALTER TABLE public.streams_streamtip ALTER COLUMN id ADD GENERATED BY DEFAULT AS IDENTITY (
    SEQUENCE NAME public.streams_streamtip_id_seq
    START WITH 1
    INCREMENT BY 1
    NO MINVALUE
    NO MAXVALUE
    CACHE 1
);


--
-- Name: styles; Type: TABLE; Schema: public; Owner: estuary
--

CREATE TABLE public.styles (
    id bigint NOT NULL,
    content text
);


ALTER TABLE public.styles OWNER TO estuary;

--
-- Name: TABLE styles; Type: COMMENT; Schema: public; Owner: estuary
--

COMMENT ON TABLE public.styles IS 'Style base data';


--
-- Name: styles_id_seq; Type: SEQUENCE; Schema: public; Owner: estuary
--

ALTER TABLE public.styles ALTER COLUMN id ADD GENERATED BY DEFAULT AS IDENTITY (
    SEQUENCE NAME public.styles_id_seq
    START WITH 1
    INCREMENT BY 1
    NO MINVALUE
    NO MAXVALUE
    CACHE 1
);


--
-- Name: subscription_tiers; Type: TABLE; Schema: public; Owner: estuary
--

CREATE TABLE public.subscription_tiers (
    id bigint NOT NULL,
    created_at timestamp with time zone NOT NULL,
    updated_at timestamp with time zone NOT NULL,
    name character varying(100) NOT NULL,
    description text NOT NULL,
    monthly_price numeric(10,2) NOT NULL,
    annual_price numeric(10,2),
    features jsonb NOT NULL,
    is_active boolean NOT NULL,
    "order" integer NOT NULL,
    stripe_product_id character varying(255),
    stripe_monthly_price_id character varying(255),
    stripe_annual_price_id character varying(255),
    CONSTRAINT subscription_tiers_order_check CHECK (("order" >= 0))
);


ALTER TABLE public.subscription_tiers OWNER TO estuary;

--
-- Name: subscription_tiers_id_seq; Type: SEQUENCE; Schema: public; Owner: estuary
--

ALTER TABLE public.subscription_tiers ALTER COLUMN id ADD GENERATED BY DEFAULT AS IDENTITY (
    SEQUENCE NAME public.subscription_tiers_id_seq
    START WITH 1
    INCREMENT BY 1
    NO MINVALUE
    NO MAXVALUE
    CACHE 1
);


--
-- Name: tier_commission_adjustments; Type: TABLE; Schema: public; Owner: estuary
--

CREATE TABLE public.tier_commission_adjustments (
    id bigint NOT NULL,
    adjustment_percentage numeric(5,2) NOT NULL,
    is_active boolean NOT NULL,
    created_at timestamp with time zone NOT NULL,
    updated_at timestamp with time zone NOT NULL,
    service_type_commission_id bigint NOT NULL,
    tier_id bigint NOT NULL
);


ALTER TABLE public.tier_commission_adjustments OWNER TO estuary;

--
-- Name: tier_commission_adjustments_id_seq; Type: SEQUENCE; Schema: public; Owner: estuary
--

ALTER TABLE public.tier_commission_adjustments ALTER COLUMN id ADD GENERATED BY DEFAULT AS IDENTITY (
    SEQUENCE NAME public.tier_commission_adjustments_id_seq
    START WITH 1
    INCREMENT BY 1
    NO MINVALUE
    NO MAXVALUE
    CACHE 1
);


--
-- Name: token_blacklist_blacklistedtoken; Type: TABLE; Schema: public; Owner: estuary
--

CREATE TABLE public.token_blacklist_blacklistedtoken (
    id bigint NOT NULL,
    blacklisted_at timestamp with time zone NOT NULL,
    token_id bigint NOT NULL
);


ALTER TABLE public.token_blacklist_blacklistedtoken OWNER TO estuary;

--
-- Name: token_blacklist_blacklistedtoken_id_seq; Type: SEQUENCE; Schema: public; Owner: estuary
--

ALTER TABLE public.token_blacklist_blacklistedtoken ALTER COLUMN id ADD GENERATED BY DEFAULT AS IDENTITY (
    SEQUENCE NAME public.token_blacklist_blacklistedtoken_id_seq
    START WITH 1
    INCREMENT BY 1
    NO MINVALUE
    NO MAXVALUE
    CACHE 1
);


--
-- Name: token_blacklist_outstandingtoken; Type: TABLE; Schema: public; Owner: estuary
--

CREATE TABLE public.token_blacklist_outstandingtoken (
    id bigint NOT NULL,
    token text NOT NULL,
    created_at timestamp with time zone,
    expires_at timestamp with time zone NOT NULL,
    user_id bigint,
    jti character varying(255) NOT NULL
);


ALTER TABLE public.token_blacklist_outstandingtoken OWNER TO estuary;

--
-- Name: token_blacklist_outstandingtoken_id_seq; Type: SEQUENCE; Schema: public; Owner: estuary
--

ALTER TABLE public.token_blacklist_outstandingtoken ALTER COLUMN id ADD GENERATED BY DEFAULT AS IDENTITY (
    SEQUENCE NAME public.token_blacklist_outstandingtoken_id_seq
    START WITH 1
    INCREMENT BY 1
    NO MINVALUE
    NO MAXVALUE
    CACHE 1
);


--
-- Name: topics; Type: TABLE; Schema: public; Owner: estuary
--

CREATE TABLE public.topics (
    id bigint NOT NULL,
    content text
);


ALTER TABLE public.topics OWNER TO estuary;

--
-- Name: TABLE topics; Type: COMMENT; Schema: public; Owner: estuary
--

COMMENT ON TABLE public.topics IS 'Topic base data';


--
-- Name: topics_id_seq; Type: SEQUENCE; Schema: public; Owner: estuary
--

ALTER TABLE public.topics ALTER COLUMN id ADD GENERATED BY DEFAULT AS IDENTITY (
    SEQUENCE NAME public.topics_id_seq
    START WITH 1
    INCREMENT BY 1
    NO MINVALUE
    NO MAXVALUE
    CACHE 1
);


--
-- Name: user_engagement; Type: TABLE; Schema: public; Owner: estuary
--

CREATE TABLE public.user_engagement (
    id uuid NOT NULL,
    date date NOT NULL,
    logins integer NOT NULL,
    session_duration_seconds integer NOT NULL,
    pages_viewed integer NOT NULL,
    searches_performed integer NOT NULL,
    bookings_viewed integer NOT NULL,
    practitioners_viewed integer NOT NULL,
    services_viewed integer NOT NULL,
    user_id bigint NOT NULL,
    CONSTRAINT user_engagement_bookings_viewed_check CHECK ((bookings_viewed >= 0)),
    CONSTRAINT user_engagement_logins_check CHECK ((logins >= 0)),
    CONSTRAINT user_engagement_pages_viewed_check CHECK ((pages_viewed >= 0)),
    CONSTRAINT user_engagement_practitioners_viewed_check CHECK ((practitioners_viewed >= 0)),
    CONSTRAINT user_engagement_searches_performed_check CHECK ((searches_performed >= 0)),
    CONSTRAINT user_engagement_services_viewed_check CHECK ((services_viewed >= 0)),
    CONSTRAINT user_engagement_session_duration_seconds_check CHECK ((session_duration_seconds >= 0))
);


ALTER TABLE public.user_engagement OWNER TO estuary;

--
-- Name: users_user; Type: TABLE; Schema: public; Owner: estuary
--

CREATE TABLE public.users_user (
    id bigint NOT NULL,
    password character varying(128) NOT NULL,
    last_login timestamp with time zone,
    is_superuser boolean NOT NULL,
    is_staff boolean NOT NULL,
    is_active boolean NOT NULL,
    date_joined timestamp with time zone NOT NULL,
    email character varying(254) NOT NULL,
    uuid uuid NOT NULL,
    first_name character varying(150) NOT NULL,
    last_name character varying(150) NOT NULL,
    phone_number character varying(17),
    phone_number_verified boolean NOT NULL,
    timezone character varying(50) NOT NULL,
    is_practitioner boolean NOT NULL,
    account_status character varying(20) NOT NULL,
    last_login_ip inet,
    last_active timestamp with time zone,
    created_at timestamp with time zone NOT NULL,
    updated_at timestamp with time zone NOT NULL
);


ALTER TABLE public.users_user OWNER TO estuary;

--
-- Name: users_user_groups; Type: TABLE; Schema: public; Owner: estuary
--

CREATE TABLE public.users_user_groups (
    id bigint NOT NULL,
    user_id bigint NOT NULL,
    group_id integer NOT NULL
);


ALTER TABLE public.users_user_groups OWNER TO estuary;

--
-- Name: users_user_groups_id_seq; Type: SEQUENCE; Schema: public; Owner: estuary
--

ALTER TABLE public.users_user_groups ALTER COLUMN id ADD GENERATED BY DEFAULT AS IDENTITY (
    SEQUENCE NAME public.users_user_groups_id_seq
    START WITH 1
    INCREMENT BY 1
    NO MINVALUE
    NO MAXVALUE
    CACHE 1
);


--
-- Name: users_user_id_seq; Type: SEQUENCE; Schema: public; Owner: estuary
--

ALTER TABLE public.users_user ALTER COLUMN id ADD GENERATED BY DEFAULT AS IDENTITY (
    SEQUENCE NAME public.users_user_id_seq
    START WITH 1
    INCREMENT BY 1
    NO MINVALUE
    NO MAXVALUE
    CACHE 1
);


--
-- Name: users_user_user_permissions; Type: TABLE; Schema: public; Owner: estuary
--

CREATE TABLE public.users_user_user_permissions (
    id bigint NOT NULL,
    user_id bigint NOT NULL,
    permission_id integer NOT NULL
);


ALTER TABLE public.users_user_user_permissions OWNER TO estuary;

--
-- Name: users_user_user_permissions_id_seq; Type: SEQUENCE; Schema: public; Owner: estuary
--

ALTER TABLE public.users_user_user_permissions ALTER COLUMN id ADD GENERATED BY DEFAULT AS IDENTITY (
    SEQUENCE NAME public.users_user_user_permissions_id_seq
    START WITH 1
    INCREMENT BY 1
    NO MINVALUE
    NO MAXVALUE
    CACHE 1
);


--
-- Name: users_userfavoritepractitioner; Type: TABLE; Schema: public; Owner: estuary
--

CREATE TABLE public.users_userfavoritepractitioner (
    id bigint NOT NULL,
    created_at timestamp with time zone NOT NULL,
    updated_at timestamp with time zone NOT NULL,
    practitioner_id bigint NOT NULL,
    user_id bigint NOT NULL
);


ALTER TABLE public.users_userfavoritepractitioner OWNER TO estuary;

--
-- Name: users_userfavoritepractitioner_id_seq; Type: SEQUENCE; Schema: public; Owner: estuary
--

ALTER TABLE public.users_userfavoritepractitioner ALTER COLUMN id ADD GENERATED BY DEFAULT AS IDENTITY (
    SEQUENCE NAME public.users_userfavoritepractitioner_id_seq
    START WITH 1
    INCREMENT BY 1
    NO MINVALUE
    NO MAXVALUE
    CACHE 1
);


--
-- Name: users_userfavoriteservice; Type: TABLE; Schema: public; Owner: estuary
--

CREATE TABLE public.users_userfavoriteservice (
    id bigint NOT NULL,
    created_at timestamp with time zone NOT NULL,
    updated_at timestamp with time zone NOT NULL,
    service_id bigint NOT NULL,
    user_id bigint NOT NULL
);


ALTER TABLE public.users_userfavoriteservice OWNER TO estuary;

--
-- Name: users_userfavoriteservice_id_seq; Type: SEQUENCE; Schema: public; Owner: estuary
--

ALTER TABLE public.users_userfavoriteservice ALTER COLUMN id ADD GENERATED BY DEFAULT AS IDENTITY (
    SEQUENCE NAME public.users_userfavoriteservice_id_seq
    START WITH 1
    INCREMENT BY 1
    NO MINVALUE
    NO MAXVALUE
    CACHE 1
);


--
-- Name: users_userpaymentprofile; Type: TABLE; Schema: public; Owner: estuary
--

CREATE TABLE public.users_userpaymentprofile (
    id bigint NOT NULL,
    created_at timestamp with time zone NOT NULL,
    updated_at timestamp with time zone NOT NULL,
    stripe_customer_id character varying(255),
    stripe_account_id character varying(255),
    billing_address jsonb,
    default_currency character varying(3) NOT NULL,
    user_id bigint NOT NULL
);


ALTER TABLE public.users_userpaymentprofile OWNER TO estuary;

--
-- Name: users_userpaymentprofile_id_seq; Type: SEQUENCE; Schema: public; Owner: estuary
--

ALTER TABLE public.users_userpaymentprofile ALTER COLUMN id ADD GENERATED BY DEFAULT AS IDENTITY (
    SEQUENCE NAME public.users_userpaymentprofile_id_seq
    START WITH 1
    INCREMENT BY 1
    NO MINVALUE
    NO MAXVALUE
    CACHE 1
);


--
-- Name: users_userprofile; Type: TABLE; Schema: public; Owner: estuary
--

CREATE TABLE public.users_userprofile (
    id bigint NOT NULL,
    created_at timestamp with time zone NOT NULL,
    updated_at timestamp with time zone NOT NULL,
    display_name character varying(255),
    bio text,
    avatar_url character varying(200),
    gender character varying(20),
    birthdate date,
    phone_verification_token character varying(6),
    address_id bigint,
    user_id bigint NOT NULL
);


ALTER TABLE public.users_userprofile OWNER TO estuary;

--
-- Name: users_userprofile_id_seq; Type: SEQUENCE; Schema: public; Owner: estuary
--

ALTER TABLE public.users_userprofile ALTER COLUMN id ADD GENERATED BY DEFAULT AS IDENTITY (
    SEQUENCE NAME public.users_userprofile_id_seq
    START WITH 1
    INCREMENT BY 1
    NO MINVALUE
    NO MAXVALUE
    CACHE 1
);


--
-- Name: users_usersociallinks; Type: TABLE; Schema: public; Owner: estuary
--

CREATE TABLE public.users_usersociallinks (
    id bigint NOT NULL,
    created_at timestamp with time zone NOT NULL,
    updated_at timestamp with time zone NOT NULL,
    instagram character varying(200),
    twitter character varying(200),
    linkedin character varying(200),
    youtube character varying(200),
    tiktok character varying(200),
    facebook character varying(200),
    website character varying(200),
    user_id bigint NOT NULL
);


ALTER TABLE public.users_usersociallinks OWNER TO estuary;

--
-- Name: users_usersociallinks_id_seq; Type: SEQUENCE; Schema: public; Owner: estuary
--

ALTER TABLE public.users_usersociallinks ALTER COLUMN id ADD GENERATED BY DEFAULT AS IDENTITY (
    SEQUENCE NAME public.users_usersociallinks_id_seq
    START WITH 1
    INCREMENT BY 1
    NO MINVALUE
    NO MAXVALUE
    CACHE 1
);


--
-- Name: utils_address; Type: TABLE; Schema: public; Owner: estuary
--

CREATE TABLE public.utils_address (
    id bigint NOT NULL,
    created_at timestamp with time zone NOT NULL,
    updated_at timestamp with time zone NOT NULL,
    name character varying(255) NOT NULL,
    address_line_1 character varying(255) NOT NULL,
    address_line_2 character varying(255),
    city character varying(100) NOT NULL,
    state_province character varying(100) NOT NULL,
    state_province_code character varying(10),
    postal_code character varying(20) NOT NULL,
    country_code character varying(2) NOT NULL,
    city_slug character varying(100) NOT NULL,
    state_slug character varying(100) NOT NULL,
    metro_area character varying(100),
    latitude numeric(9,6),
    longitude numeric(9,6),
    timezone character varying(50) NOT NULL,
    is_verified boolean NOT NULL,
    location_type character varying(20) NOT NULL,
    active_service_count integer NOT NULL,
    country_id bigint,
    CONSTRAINT utils_address_active_service_count_check CHECK ((active_service_count >= 0))
);


ALTER TABLE public.utils_address OWNER TO estuary;

--
-- Name: utils_address_id_seq; Type: SEQUENCE; Schema: public; Owner: estuary
--

ALTER TABLE public.utils_address ALTER COLUMN id ADD GENERATED BY DEFAULT AS IDENTITY (
    SEQUENCE NAME public.utils_address_id_seq
    START WITH 1
    INCREMENT BY 1
    NO MINVALUE
    NO MAXVALUE
    CACHE 1
);


--
-- Name: utils_holiday; Type: TABLE; Schema: public; Owner: estuary
--

CREATE TABLE public.utils_holiday (
    id bigint NOT NULL,
    created_at timestamp with time zone NOT NULL,
    updated_at timestamp with time zone NOT NULL,
    name character varying(255) NOT NULL,
    date date NOT NULL,
    is_recurring boolean NOT NULL,
    is_business_day boolean NOT NULL,
    country_id bigint NOT NULL
);


ALTER TABLE public.utils_holiday OWNER TO estuary;

--
-- Name: utils_holiday_id_seq; Type: SEQUENCE; Schema: public; Owner: estuary
--

ALTER TABLE public.utils_holiday ALTER COLUMN id ADD GENERATED BY DEFAULT AS IDENTITY (
    SEQUENCE NAME public.utils_holiday_id_seq
    START WITH 1
    INCREMENT BY 1
    NO MINVALUE
    NO MAXVALUE
    CACHE 1
);


--
-- Name: utils_language; Type: TABLE; Schema: public; Owner: estuary
--

CREATE TABLE public.utils_language (
    id bigint NOT NULL,
    created_at timestamp with time zone NOT NULL,
    updated_at timestamp with time zone NOT NULL,
    name character varying(100) NOT NULL,
    native_name character varying(100),
    code character varying(10) NOT NULL,
    code_3 character varying(3),
    is_rtl boolean NOT NULL,
    is_active boolean NOT NULL,
    "order" integer NOT NULL,
    CONSTRAINT utils_language_order_check CHECK (("order" >= 0))
);


ALTER TABLE public.utils_language OWNER TO estuary;

--
-- Name: utils_language_id_seq; Type: SEQUENCE; Schema: public; Owner: estuary
--

ALTER TABLE public.utils_language ALTER COLUMN id ADD GENERATED BY DEFAULT AS IDENTITY (
    SEQUENCE NAME public.utils_language_id_seq
    START WITH 1
    INCREMENT BY 1
    NO MINVALUE
    NO MAXVALUE
    CACHE 1
);


--
-- Name: verification_documents; Type: TABLE; Schema: public; Owner: estuary
--

CREATE TABLE public.verification_documents (
    id uuid NOT NULL,
    document_type character varying(50) NOT NULL,
    document_url character varying(200) NOT NULL,
    status character varying(20) NOT NULL,
    rejection_reason text,
    notes text,
    expires_at timestamp with time zone,
    created_at timestamp with time zone NOT NULL,
    updated_at timestamp with time zone NOT NULL,
    practitioner_id bigint NOT NULL
);


ALTER TABLE public.verification_documents OWNER TO estuary;

--
-- Name: waitlists; Type: TABLE; Schema: public; Owner: estuary
--

CREATE TABLE public.waitlists (
    id uuid NOT NULL,
    joined_at timestamp with time zone NOT NULL,
    "position" integer NOT NULL,
    status character varying(20) NOT NULL,
    notified_at timestamp with time zone,
    notification_count integer NOT NULL,
    last_notification timestamp with time zone,
    notes text,
    service_id bigint,
    service_session_id bigint,
    user_id bigint NOT NULL,
    CONSTRAINT waitlists_notification_count_check CHECK ((notification_count >= 0)),
    CONSTRAINT waitlists_position_check CHECK (("position" >= 0))
);


ALTER TABLE public.waitlists OWNER TO estuary;

--
-- Data for Name: auth_group; Type: TABLE DATA; Schema: public; Owner: estuary
--

COPY public.auth_group (id, name) FROM stdin;
\.


--
-- Data for Name: auth_group_permissions; Type: TABLE DATA; Schema: public; Owner: estuary
--

COPY public.auth_group_permissions (id, group_id, permission_id) FROM stdin;
\.


--
-- Data for Name: auth_permission; Type: TABLE DATA; Schema: public; Owner: estuary
--

COPY public.auth_permission (id, name, content_type_id, codename) FROM stdin;
1	Can add log entry	1	add_logentry
2	Can change log entry	1	change_logentry
3	Can delete log entry	1	delete_logentry
4	Can view log entry	1	view_logentry
5	Can add permission	2	add_permission
6	Can change permission	2	change_permission
7	Can delete permission	2	delete_permission
8	Can view permission	2	view_permission
9	Can add group	3	add_group
10	Can change group	3	change_group
11	Can delete group	3	delete_group
12	Can view group	3	view_group
13	Can add content type	4	add_contenttype
14	Can change content type	4	change_contenttype
15	Can delete content type	4	delete_contenttype
16	Can view content type	4	view_contenttype
17	Can add session	5	add_session
18	Can change session	5	change_session
19	Can delete session	5	delete_session
20	Can view session	5	view_session
21	Can add user	6	add_user
22	Can change user	6	change_user
23	Can delete user	6	delete_user
24	Can view user	6	view_user
25	Can add user favorite practitioner	7	add_userfavoritepractitioner
26	Can change user favorite practitioner	7	change_userfavoritepractitioner
27	Can delete user favorite practitioner	7	delete_userfavoritepractitioner
28	Can view user favorite practitioner	7	view_userfavoritepractitioner
29	Can add user payment profile	8	add_userpaymentprofile
30	Can change user payment profile	8	change_userpaymentprofile
31	Can delete user payment profile	8	delete_userpaymentprofile
32	Can view user payment profile	8	view_userpaymentprofile
33	Can add user profile	9	add_userprofile
34	Can change user profile	9	change_userprofile
35	Can delete user profile	9	delete_userprofile
36	Can view user profile	9	view_userprofile
37	Can add user social links	10	add_usersociallinks
38	Can change user social links	10	change_usersociallinks
39	Can delete user social links	10	delete_usersociallinks
40	Can view user social links	10	view_usersociallinks
41	Can add practitioner performance	11	add_practitionerperformance
42	Can change practitioner performance	11	change_practitionerperformance
43	Can delete practitioner performance	11	delete_practitionerperformance
44	Can view practitioner performance	11	view_practitionerperformance
45	Can add search analytics	12	add_searchanalytics
46	Can change search analytics	12	change_searchanalytics
47	Can delete search analytics	12	delete_searchanalytics
48	Can view search analytics	12	view_searchanalytics
49	Can add search log	13	add_searchlog
50	Can change search log	13	change_searchlog
51	Can delete search log	13	delete_searchlog
52	Can view search log	13	view_searchlog
53	Can add service analytics	14	add_serviceanalytics
54	Can change service analytics	14	change_serviceanalytics
55	Can delete service analytics	14	delete_serviceanalytics
56	Can view service analytics	14	view_serviceanalytics
57	Can add service view	15	add_serviceview
58	Can change service view	15	change_serviceview
59	Can delete service view	15	delete_serviceview
60	Can view service view	15	view_serviceview
61	Can add user engagement	16	add_userengagement
62	Can change user engagement	16	change_userengagement
63	Can delete user engagement	16	delete_userengagement
64	Can view user engagement	16	view_userengagement
65	Can add financial report	17	add_financialreport
66	Can change financial report	17	change_financialreport
67	Can delete financial report	17	delete_financialreport
68	Can view financial report	17	view_financialreport
69	Can add Booking	18	add_booking
70	Can change Booking	18	change_booking
71	Can delete Booking	18	delete_booking
72	Can view Booking	18	view_booking
73	Can add Booking Note	19	add_bookingnote
74	Can change Booking Note	19	change_bookingnote
75	Can delete Booking Note	19	delete_bookingnote
76	Can view Booking Note	19	view_bookingnote
77	Can add Booking Reminder	20	add_bookingreminder
78	Can change Booking Reminder	20	change_bookingreminder
79	Can delete Booking Reminder	20	delete_bookingreminder
80	Can view Booking Reminder	20	view_bookingreminder
81	Can add Modality	21	add_modality
82	Can change Modality	21	change_modality
83	Can delete Modality	21	delete_modality
84	Can view Modality	21	view_modality
85	Can add Community Follow	22	add_communityfollow
86	Can change Community Follow	22	change_communityfollow
87	Can delete Community Follow	22	delete_communityfollow
88	Can view Community Follow	22	view_communityfollow
89	Can add Topic	23	add_communitytopic
90	Can change Topic	23	change_communitytopic
91	Can delete Topic	23	delete_communitytopic
92	Can view Topic	23	view_communitytopic
93	Can add Post	24	add_post
94	Can change Post	24	change_post
95	Can delete Post	24	delete_post
96	Can view Post	24	view_post
97	Can add Comment	25	add_postcomment
98	Can change Comment	25	change_postcomment
99	Can delete Comment	25	delete_postcomment
100	Can view Comment	25	view_postcomment
101	Can add Post Purchase Visibility	26	add_postpurchasevisibility
102	Can change Post Purchase Visibility	26	change_postpurchasevisibility
103	Can delete Post Purchase Visibility	26	delete_postpurchasevisibility
104	Can view Post Purchase Visibility	26	view_postpurchasevisibility
105	Can add Reaction	27	add_postreaction
106	Can change Reaction	27	change_postreaction
107	Can delete Reaction	27	delete_postreaction
108	Can view Reaction	27	view_postreaction
109	Can add city	28	add_city
110	Can change city	28	change_city
111	Can delete city	28	delete_city
112	Can view city	28	view_city
113	Can add state	29	add_state
114	Can change state	29	change_state
115	Can delete state	29	delete_state
116	Can view state	29	view_state
117	Can add Postal Code	30	add_zipcode
118	Can change Postal Code	30	change_zipcode
119	Can delete Postal Code	30	delete_zipcode
120	Can view Postal Code	30	view_zipcode
121	Can add Country	31	add_country
122	Can change Country	31	change_country
123	Can delete Country	31	delete_country
124	Can view Country	31	view_country
125	Can add practitioner location	32	add_practitionerlocation
126	Can change practitioner location	32	change_practitionerlocation
127	Can delete practitioner location	32	delete_practitionerlocation
128	Can view practitioner location	32	view_practitionerlocation
129	Can add Media	33	add_media
130	Can change Media	33	change_media
131	Can delete Media	33	delete_media
132	Can view Media	33	view_media
133	Can add Media Version	34	add_mediaversion
134	Can change Media Version	34	change_mediaversion
135	Can delete Media Version	34	delete_mediaversion
136	Can view Media Version	34	view_mediaversion
137	Can add Media Processing Job	35	add_mediaprocessingjob
138	Can change Media Processing Job	35	change_mediaprocessingjob
139	Can delete Media Processing Job	35	delete_mediaprocessingjob
140	Can view Media Processing Job	35	view_mediaprocessingjob
141	Can add blocked user	36	add_blockeduser
142	Can change blocked user	36	change_blockeduser
143	Can delete blocked user	36	delete_blockeduser
144	Can view blocked user	36	view_blockeduser
145	Can add conversation	37	add_conversation
146	Can change conversation	37	change_conversation
147	Can delete conversation	37	delete_conversation
148	Can view conversation	37	view_conversation
149	Can add conversation participant	38	add_conversationparticipant
150	Can change conversation participant	38	change_conversationparticipant
151	Can delete conversation participant	38	delete_conversationparticipant
152	Can view conversation participant	38	view_conversationparticipant
153	Can add message	39	add_message
154	Can change message	39	change_message
155	Can delete message	39	delete_message
156	Can view message	39	view_message
157	Can add message notification preference	40	add_messagenotificationpreference
158	Can change message notification preference	40	change_messagenotificationpreference
159	Can delete message notification preference	40	delete_messagenotificationpreference
160	Can view message notification preference	40	view_messagenotificationpreference
161	Can add message receipt	41	add_messagereceipt
162	Can change message receipt	41	change_messagereceipt
163	Can delete message receipt	41	delete_messagereceipt
164	Can view message receipt	41	view_messagereceipt
165	Can add typing indicator	42	add_typingindicator
166	Can change typing indicator	42	change_typingindicator
167	Can delete typing indicator	42	delete_typingindicator
168	Can view typing indicator	42	view_typingindicator
169	Can add notification	43	add_notification
170	Can change notification	43	change_notification
171	Can delete notification	43	delete_notification
172	Can view notification	43	view_notification
173	Can add notification template	44	add_notificationtemplate
174	Can change notification template	44	change_notificationtemplate
175	Can delete notification template	44	delete_notificationtemplate
176	Can view notification template	44	view_notificationtemplate
177	Can add notification setting	45	add_notificationsetting
178	Can change notification setting	45	change_notificationsetting
179	Can delete notification setting	45	delete_notificationsetting
180	Can view notification setting	45	view_notificationsetting
181	Can add external service fee	46	add_externalservicefee
182	Can change external service fee	46	change_externalservicefee
183	Can delete external service fee	46	delete_externalservicefee
184	Can view external service fee	46	view_externalservicefee
185	Can add order	47	add_order
186	Can change order	47	change_order
187	Can delete order	47	delete_order
188	Can view order	47	view_order
189	Can add package completion record	48	add_packagecompletionrecord
190	Can change package completion record	48	change_packagecompletionrecord
277	Can add style	70	add_style
191	Can delete package completion record	48	delete_packagecompletionrecord
192	Can view package completion record	48	view_packagecompletionrecord
193	Can add payment method	49	add_paymentmethod
194	Can change payment method	49	change_paymentmethod
195	Can delete payment method	49	delete_paymentmethod
196	Can view payment method	49	view_paymentmethod
197	Can add practitioner earnings	50	add_practitionerearnings
198	Can change practitioner earnings	50	change_practitionerearnings
199	Can delete practitioner earnings	50	delete_practitionerearnings
200	Can view practitioner earnings	50	view_practitionerearnings
201	Can add practitioner payout	51	add_practitionerpayout
202	Can change practitioner payout	51	change_practitionerpayout
203	Can delete practitioner payout	51	delete_practitionerpayout
204	Can view practitioner payout	51	view_practitionerpayout
205	Can add practitioner subscription	52	add_practitionersubscription
206	Can change practitioner subscription	52	change_practitionersubscription
207	Can delete practitioner subscription	52	delete_practitionersubscription
208	Can view practitioner subscription	52	view_practitionersubscription
209	Can add service type commission	53	add_servicetypecommission
210	Can change service type commission	53	change_servicetypecommission
211	Can delete service type commission	53	delete_servicetypecommission
212	Can view service type commission	53	view_servicetypecommission
213	Can add subscription tier	54	add_subscriptiontier
214	Can change subscription tier	54	change_subscriptiontier
215	Can delete subscription tier	54	delete_subscriptiontier
216	Can view subscription tier	54	view_subscriptiontier
217	Can add tier commission adjustment	55	add_tiercommissionadjustment
218	Can change tier commission adjustment	55	change_tiercommissionadjustment
219	Can delete tier commission adjustment	55	delete_tiercommissionadjustment
220	Can view tier commission adjustment	55	view_tiercommissionadjustment
221	Can add user credit balance	56	add_usercreditbalance
222	Can change user credit balance	56	change_usercreditbalance
223	Can delete user credit balance	56	delete_usercreditbalance
224	Can view user credit balance	56	view_usercreditbalance
225	Can add user credit transaction	57	add_usercredittransaction
226	Can change user credit transaction	57	change_usercredittransaction
227	Can delete user credit transaction	57	delete_usercredittransaction
228	Can view user credit transaction	57	view_usercredittransaction
229	Can add earnings transaction	58	add_earningstransaction
230	Can change earnings transaction	58	change_earningstransaction
231	Can delete earnings transaction	58	delete_earningstransaction
232	Can view earnings transaction	58	view_earningstransaction
233	Can add certification	59	add_certification
234	Can change certification	59	change_certification
235	Can delete certification	59	delete_certification
236	Can view certification	59	view_certification
237	Can add education	60	add_education
238	Can change education	60	change_education
239	Can delete education	60	delete_education
240	Can view education	60	view_education
241	Can add out of office	61	add_outofoffice
242	Can change out of office	61	change_outofoffice
243	Can delete out of office	61	delete_outofoffice
244	Can view out of office	61	view_outofoffice
245	Can add Practitioner Onboarding Progress	62	add_practitioneronboardingprogress
246	Can change Practitioner Onboarding Progress	62	change_practitioneronboardingprogress
247	Can delete Practitioner Onboarding Progress	62	delete_practitioneronboardingprogress
248	Can view Practitioner Onboarding Progress	62	view_practitioneronboardingprogress
249	Can add question	63	add_question
250	Can change question	63	change_question
251	Can delete question	63	delete_question
252	Can view question	63	view_question
253	Can add schedule	64	add_schedule
254	Can change schedule	64	change_schedule
255	Can delete schedule	64	delete_schedule
256	Can view schedule	64	view_schedule
257	Can add schedule availability	65	add_scheduleavailability
258	Can change schedule availability	65	change_scheduleavailability
259	Can delete schedule availability	65	delete_scheduleavailability
260	Can view schedule availability	65	view_scheduleavailability
261	Can add schedule preference	66	add_schedulepreference
262	Can change schedule preference	66	change_schedulepreference
263	Can delete schedule preference	66	delete_schedulepreference
264	Can view schedule preference	66	view_schedulepreference
265	Can add schedule time slot	67	add_scheduletimeslot
266	Can change schedule time slot	67	change_scheduletimeslot
267	Can delete schedule time slot	67	delete_scheduletimeslot
268	Can view schedule time slot	67	view_scheduletimeslot
269	Can add service schedule	68	add_serviceschedule
270	Can change service schedule	68	change_serviceschedule
271	Can delete service schedule	68	delete_serviceschedule
272	Can view service schedule	68	view_serviceschedule
273	Can add specialize	69	add_specialize
274	Can change specialize	69	change_specialize
275	Can delete specialize	69	delete_specialize
276	Can view specialize	69	view_specialize
278	Can change style	70	change_style
279	Can delete style	70	delete_style
280	Can view style	70	view_style
281	Can add topic	71	add_topic
282	Can change topic	71	change_topic
283	Can delete topic	71	delete_topic
284	Can view topic	71	view_topic
285	Can add Verification Document	72	add_verificationdocument
286	Can change Verification Document	72	change_verificationdocument
287	Can delete Verification Document	72	delete_verificationdocument
288	Can view Verification Document	72	view_verificationdocument
289	Can add Practitioner	73	add_practitioner
290	Can change Practitioner	73	change_practitioner
291	Can delete Practitioner	73	delete_practitioner
292	Can view Practitioner	73	view_practitioner
293	Can add referral program	74	add_referralprogram
294	Can change referral program	74	change_referralprogram
295	Can delete referral program	74	delete_referralprogram
296	Can view referral program	74	view_referralprogram
297	Can add referral	75	add_referral
298	Can change referral	75	change_referral
299	Can delete referral	75	delete_referral
300	Can view referral	75	view_referral
301	Can add referral campaign	76	add_referralcampaign
302	Can change referral campaign	76	change_referralcampaign
303	Can delete referral campaign	76	delete_referralcampaign
304	Can view referral campaign	76	view_referralcampaign
305	Can add review answer	77	add_reviewanswer
306	Can change review answer	77	change_reviewanswer
307	Can delete review answer	77	delete_reviewanswer
308	Can view review answer	77	view_reviewanswer
309	Can add review question	78	add_reviewquestion
310	Can change review question	78	change_reviewquestion
311	Can delete review question	78	delete_reviewquestion
312	Can view review question	78	view_reviewquestion
313	Can add review report	79	add_reviewreport
314	Can change review report	79	change_reviewreport
315	Can delete review report	79	delete_reviewreport
316	Can view review report	79	view_reviewreport
317	Can add review vote	80	add_reviewvote
318	Can change review vote	80	change_reviewvote
319	Can delete review vote	80	delete_reviewvote
320	Can view review vote	80	view_reviewvote
321	Can add review	81	add_review
322	Can change review	81	change_review
323	Can delete review	81	delete_review
324	Can view review	81	view_review
325	Can add room booking relation	82	add_roombookingrelation
326	Can change room booking relation	82	change_roombookingrelation
327	Can delete room booking relation	82	delete_roombookingrelation
328	Can view room booking relation	82	view_roombookingrelation
329	Can add room participant	83	add_roomparticipant
330	Can change room participant	83	change_roomparticipant
331	Can delete room participant	83	delete_roomparticipant
332	Can view room participant	83	view_roomparticipant
333	Can add room recording	84	add_roomrecording
334	Can change room recording	84	change_roomrecording
335	Can delete room recording	84	delete_roomrecording
336	Can view room recording	84	view_roomrecording
337	Can add room template	85	add_roomtemplate
338	Can change room template	85	change_roomtemplate
339	Can delete room template	85	delete_roomtemplate
340	Can view room template	85	view_roomtemplate
341	Can add room token	86	add_roomtoken
342	Can change room token	86	change_roomtoken
343	Can delete room token	86	delete_roomtoken
344	Can view room token	86	view_roomtoken
345	Can add video token	87	add_videotoken
346	Can change video token	87	change_videotoken
347	Can delete video token	87	delete_videotoken
348	Can view video token	87	view_videotoken
349	Can add room	88	add_room
350	Can change room	88	change_room
351	Can delete room	88	delete_room
352	Can view room	88	view_room
353	Can add service session	89	add_servicesession
354	Can change service session	89	change_servicesession
355	Can delete service session	89	delete_servicesession
356	Can view service session	89	view_servicesession
357	Can add Service Type	90	add_servicetype
358	Can change Service Type	90	change_servicetype
359	Can delete Service Type	90	delete_servicetype
360	Can view Service Type	90	view_servicetype
361	Can add session agenda item	91	add_sessionagendaitem
362	Can change session agenda item	91	change_sessionagendaitem
363	Can delete session agenda item	91	delete_sessionagendaitem
364	Can view session agenda item	91	view_sessionagendaitem
365	Can add session participant	92	add_sessionparticipant
366	Can change session participant	92	change_sessionparticipant
367	Can delete session participant	92	delete_sessionparticipant
368	Can view session participant	92	view_sessionparticipant
369	Can add waitlist	93	add_waitlist
370	Can change waitlist	93	change_waitlist
371	Can delete waitlist	93	delete_waitlist
372	Can view waitlist	93	view_waitlist
373	Can add service	94	add_service
374	Can change service	94	change_service
375	Can delete service	94	delete_service
376	Can view service	94	view_service
377	Can add service benefit	95	add_servicebenefit
378	Can change service benefit	95	change_servicebenefit
379	Can delete service benefit	95	delete_servicebenefit
380	Can view service benefit	95	view_servicebenefit
381	Can add Service Category	96	add_servicecategory
382	Can change Service Category	96	change_servicecategory
383	Can delete Service Category	96	delete_servicecategory
384	Can view Service Category	96	view_servicecategory
385	Can add service practitioner	97	add_servicepractitioner
386	Can change service practitioner	97	change_servicepractitioner
387	Can delete service practitioner	97	delete_servicepractitioner
388	Can view service practitioner	97	view_servicepractitioner
389	Can add service relationship	98	add_servicerelationship
390	Can change service relationship	98	change_servicerelationship
391	Can delete service relationship	98	delete_servicerelationship
392	Can view service relationship	98	view_servicerelationship
393	Can add service resource	99	add_serviceresource
394	Can change service resource	99	change_serviceresource
395	Can delete service resource	99	delete_serviceresource
396	Can view service resource	99	view_serviceresource
397	Can add service resource access	100	add_serviceresourceaccess
398	Can change service resource access	100	change_serviceresourceaccess
399	Can delete service resource access	100	delete_serviceresourceaccess
400	Can view service resource access	100	view_serviceresourceaccess
401	Can add Stream Category	101	add_streamcategory
402	Can change Stream Category	101	change_streamcategory
403	Can delete Stream Category	101	delete_streamcategory
404	Can view Stream Category	101	view_streamcategory
405	Can add stream post like	102	add_streampostlike
406	Can change stream post like	102	change_streampostlike
407	Can delete stream post like	102	delete_streampostlike
408	Can view stream post like	102	view_streampostlike
409	Can add stream post media	103	add_streampostmedia
410	Can change stream post media	103	change_streampostmedia
411	Can delete stream post media	103	delete_streampostmedia
412	Can view stream post media	103	view_streampostmedia
413	Can add stream post view	104	add_streampostview
414	Can change stream post view	104	change_streampostview
415	Can delete stream post view	104	delete_streampostview
416	Can view stream post view	104	view_streampostview
417	Can add Stream Subscription	105	add_streamsubscription
418	Can change Stream Subscription	105	change_streamsubscription
419	Can delete Stream Subscription	105	delete_streamsubscription
420	Can view Stream Subscription	105	view_streamsubscription
421	Can add stream tip	106	add_streamtip
422	Can change stream tip	106	change_streamtip
423	Can delete stream tip	106	delete_streamtip
424	Can view stream tip	106	view_streamtip
425	Can add Stream	107	add_stream
426	Can change Stream	107	change_stream
427	Can delete Stream	107	delete_stream
428	Can view Stream	107	view_stream
429	Can add stream analytics	108	add_streamanalytics
430	Can change stream analytics	108	change_streamanalytics
431	Can delete stream analytics	108	delete_streamanalytics
432	Can view stream analytics	108	view_streamanalytics
433	Can add Stream Post	109	add_streampost
434	Can change Stream Post	109	change_streampost
435	Can delete Stream Post	109	delete_streampost
436	Can view Stream Post	109	view_streampost
437	Can add stream post comment	110	add_streampostcomment
438	Can change stream post comment	110	change_streampostcomment
439	Can delete stream post comment	110	delete_streampostcomment
440	Can view stream post comment	110	view_streampostcomment
441	Can add Language	111	add_language
442	Can change Language	111	change_language
443	Can delete Language	111	delete_language
444	Can view Language	111	view_language
445	Can add Address	112	add_address
446	Can change Address	112	change_address
447	Can delete Address	112	delete_address
448	Can view Address	112	view_address
449	Can add Holiday	113	add_holiday
450	Can change Holiday	113	change_holiday
451	Can delete Holiday	113	delete_holiday
452	Can view Holiday	113	view_holiday
453	Can add Practitioner Service Category	114	add_practitionerservicecategory
454	Can change Practitioner Service Category	114	change_practitionerservicecategory
455	Can delete Practitioner Service Category	114	delete_practitionerservicecategory
456	Can view Practitioner Service Category	114	view_practitionerservicecategory
457	Can add blacklisted token	115	add_blacklistedtoken
458	Can change blacklisted token	115	change_blacklistedtoken
459	Can delete blacklisted token	115	delete_blacklistedtoken
460	Can view blacklisted token	115	view_blacklistedtoken
461	Can add outstanding token	116	add_outstandingtoken
462	Can change outstanding token	116	change_outstandingtoken
463	Can delete outstanding token	116	delete_outstandingtoken
464	Can view outstanding token	116	view_outstandingtoken
465	Can add live stream	117	add_livestream
466	Can change live stream	117	change_livestream
467	Can delete live stream	117	delete_livestream
468	Can view live stream	117	view_livestream
469	Can add live stream analytics	118	add_livestreamanalytics
470	Can change live stream analytics	118	change_livestreamanalytics
471	Can delete live stream analytics	118	delete_livestreamanalytics
472	Can view live stream analytics	118	view_livestreamanalytics
473	Can add live stream viewer	119	add_livestreamviewer
474	Can change live stream viewer	119	change_livestreamviewer
475	Can delete live stream viewer	119	delete_livestreamviewer
476	Can view live stream viewer	119	view_livestreamviewer
477	Can add stream schedule	120	add_streamschedule
478	Can change stream schedule	120	change_streamschedule
479	Can delete stream schedule	120	delete_streamschedule
480	Can view stream schedule	120	view_streamschedule
481	Can add user favorite service	121	add_userfavoriteservice
482	Can change user favorite service	121	change_userfavoriteservice
483	Can delete user favorite service	121	delete_userfavoriteservice
484	Can view user favorite service	121	view_userfavoriteservice
485	Can add Client Note	122	add_clientnote
486	Can change Client Note	122	change_clientnote
487	Can delete Client Note	122	delete_clientnote
488	Can view Client Note	122	view_clientnote
489	Can view own client notes	122	view_own_client_notes
\.


--
-- Data for Name: bookings_booking; Type: TABLE DATA; Schema: public; Owner: estuary
--

COPY public.bookings_booking (id, created_at, updated_at, is_deleted, deleted_at, public_uuid, start_time, end_time, actual_start_time, actual_end_time, timezone, status, payment_status, title, description, client_notes, practitioner_notes, meeting_url, meeting_id, price_charged_cents, discount_amount_cents, final_amount_cents, service_name_snapshot, service_description_snapshot, practitioner_name_snapshot, service_duration_snapshot, package_name_snapshot, package_contents_snapshot, bundle_name_snapshot, bundle_sessions_snapshot, completed_at, no_show_at, canceled_at, canceled_by, cancellation_reason, status_changed_at, confirmed_at, started_at, is_package_purchase, is_bundle_purchase, max_participants, location_id, parent_booking_id, payment_transaction_id, practitioner_id, rescheduled_from_id, room_id, service_id, service_session_id, user_id) FROM stdin;
1	2025-06-10 19:37:48.302302+00	2025-06-10 19:37:48.30231+00	f	\N	1b87c2c0-cf8e-4136-addd-187756735e07	2025-06-11 10:00:00+00	2025-06-11 11:00:00+00	\N	\N	UTC	pending_payment	unpaid	\N	\N	Test booking from integration test	\N	\N	\N	7500	0	7500				\N		\N		\N	\N	\N	\N	\N	\N	2025-06-10 19:37:48.302354+00	\N	\N	f	f	1	\N	\N	\N	24	\N	\N	21	\N	43
2	2025-06-10 19:38:34.190766+00	2025-06-10 19:38:34.190778+00	f	\N	bd96fd15-be70-4785-b182-119f08b388f9	2025-06-11 10:00:00+00	2025-06-11 11:00:00+00	\N	\N	UTC	pending_payment	unpaid	\N	\N	Test booking from integration test	\N	\N	\N	7500	0	7500				\N		\N		\N	\N	\N	\N	\N	\N	2025-06-10 19:38:34.190843+00	\N	\N	f	f	1	\N	\N	\N	25	\N	\N	22	\N	45
3	2025-06-10 19:40:55.941998+00	2025-06-10 19:40:55.942004+00	f	\N	f6652791-2ca2-4cca-b3ef-cf65328794a0	2025-06-11 10:00:00+00	2025-06-11 11:00:00+00	\N	\N	UTC	pending_payment	unpaid	\N	\N	Test booking from integration test	\N	\N	\N	7500	0	7500				\N		\N		\N	\N	\N	\N	\N	\N	2025-06-10 19:40:55.94204+00	\N	\N	f	f	1	\N	\N	\N	26	\N	\N	23	\N	47
4	2025-06-10 19:41:34.065895+00	2025-06-10 19:41:34.065906+00	f	\N	b9a0d580-bd06-4b17-8d53-60edf6844c82	2025-06-11 10:00:00+00	2025-06-11 11:00:00+00	\N	\N	UTC	pending_payment	unpaid	\N	\N	Test booking from integration test	\N	\N	\N	7500	0	7500				\N		\N		\N	\N	\N	\N	\N	\N	2025-06-10 19:41:34.065983+00	\N	\N	f	f	1	\N	\N	\N	27	\N	\N	24	\N	49
5	2025-06-20 05:40:59.891497+00	2025-06-20 05:40:59.891503+00	f	\N	a87bfc0a-cfcd-4daf-855d-d95d0bc3f8da	2025-06-20 05:40:59.889369+00	2025-06-20 06:40:59.889371+00	\N	\N	UTC	confirmed	paid	\N	\N		\N	\N	\N	9961964	0	9961964	string	string	string string	2147483647		\N		\N	\N	\N	\N	\N	\N	2025-06-20 05:40:59.891543+00	2025-06-20 05:40:59.889376+00	\N	f	f	1	\N	\N	\N	5	\N	\N	27	\N	9
6	2025-06-20 05:42:32.706366+00	2025-06-20 05:42:32.706371+00	f	\N	21c52ef7-6666-4d34-aac0-a958c81d399b	2025-06-20 05:42:32.70429+00	2025-06-20 06:42:32.704293+00	\N	\N	UTC	confirmed	paid	\N	\N		\N	\N	\N	9961964	0	9961964	string	string	string string	2147483647		\N		\N	\N	\N	\N	\N	\N	2025-06-20 05:42:32.706415+00	2025-06-20 05:42:32.704299+00	\N	f	f	1	\N	\N	\N	5	\N	\N	27	\N	9
7	2025-06-20 05:44:56.944311+00	2025-06-20 05:44:56.944321+00	f	\N	3f491203-d114-4614-9956-141a68382d12	2025-06-20 05:44:56.939192+00	2025-06-20 06:44:56.939196+00	\N	\N	UTC	confirmed	paid	\N	\N		\N	\N	\N	9961964	0	9961964	string	string	string string	2147483647		\N		\N	\N	\N	\N	\N	\N	2025-06-20 05:44:56.944363+00	2025-06-20 05:44:56.939204+00	\N	f	f	1	\N	\N	\N	5	\N	\N	27	\N	9
8	2025-06-20 05:45:27.337271+00	2025-06-20 05:45:27.337278+00	f	\N	0c87dcca-aa64-4e92-9f1a-e74b34805027	2025-06-20 05:45:27.335432+00	2025-06-20 06:45:27.335434+00	\N	\N	UTC	confirmed	paid	\N	\N		\N	\N	\N	9961964	0	9961964	string	string	string string	2147483647		\N		\N	\N	\N	\N	\N	\N	2025-06-20 05:45:27.337329+00	2025-06-20 05:45:27.33544+00	\N	f	f	1	\N	\N	\N	5	\N	\N	27	\N	9
9	2025-06-20 05:45:36.99554+00	2025-06-20 05:45:36.995554+00	f	\N	36b83fa5-c944-481b-b943-1cdcefacea4f	2025-06-20 05:45:36.99358+00	2025-06-20 06:45:36.993584+00	\N	\N	UTC	confirmed	paid	\N	\N		\N	\N	\N	9961964	0	9961964	string	string	string string	2147483647		\N		\N	\N	\N	\N	\N	\N	2025-06-20 05:45:36.995641+00	2025-06-20 05:45:36.993591+00	\N	f	f	1	\N	\N	\N	5	\N	\N	27	\N	9
10	2025-06-20 05:46:02.35066+00	2025-06-20 05:46:02.350665+00	f	\N	d8fedc8a-e885-4439-806d-f6bb9fe72486	2025-06-20 05:46:02.349028+00	2025-06-20 06:46:02.34903+00	\N	\N	UTC	confirmed	paid	\N	\N		\N	\N	\N	9961964	0	9961964	string	string	string string	2147483647		\N		\N	\N	\N	\N	\N	\N	2025-06-20 05:46:02.3507+00	2025-06-20 05:46:02.34904+00	\N	f	f	1	\N	\N	\N	5	\N	\N	27	\N	9
11	2025-06-20 05:47:26.772769+00	2025-06-20 05:47:26.772788+00	f	\N	a67a5e1b-d5eb-4d77-b1e3-51689ddd5944	2025-06-20 05:47:26.769548+00	2025-06-20 06:47:26.769556+00	\N	\N	UTC	confirmed	paid	\N	\N		\N	\N	\N	400	0	400	ewfef	wefwef	string string	60		\N		\N	\N	\N	\N	\N	\N	2025-06-20 05:47:26.772862+00	2025-06-20 05:47:26.769567+00	\N	f	f	1	\N	\N	\N	5	\N	\N	30	\N	9
12	2025-06-20 05:48:34.611857+00	2025-06-20 05:48:34.611895+00	f	\N	8e069948-1fc3-449a-994e-eb6cbde007e5	2025-06-20 05:48:34.609688+00	2025-06-20 06:48:34.609689+00	\N	\N	UTC	confirmed	paid	\N	\N		\N	\N	\N	9961964	0	9961964	string	string	string string	2147483647		\N		\N	\N	\N	\N	\N	\N	2025-06-20 05:48:34.611943+00	2025-06-20 05:48:34.6097+00	\N	f	f	1	\N	\N	\N	5	\N	\N	27	\N	9
13	2025-06-20 05:50:01.309435+00	2025-06-20 05:50:01.309442+00	f	\N	9f7aee02-1fd1-4c18-a9ae-63bb53f63d4f	2025-06-20 05:50:01.307259+00	2025-06-20 06:50:01.307262+00	\N	\N	UTC	confirmed	paid	\N	\N		\N	\N	\N	60000	0	60000	6-Week Fitness Transformation	Professional 6-week fitness transformation service	John Doe	90		\N		\N	\N	\N	\N	\N	\N	2025-06-20 05:50:01.309477+00	2025-06-20 05:50:01.307269+00	\N	f	f	1	\N	\N	\N	3	\N	\N	7	\N	9
14	2025-06-20 05:50:54.201835+00	2025-06-20 05:50:54.201844+00	f	\N	2428a6f3-427c-4978-9c99-4d0cdf94c90c	2025-06-20 05:50:54.1997+00	2025-06-20 06:50:54.199701+00	\N	\N	UTC	confirmed	paid	\N	\N		\N	\N	\N	9961964	0	9961964	string	string	string string	2147483647		\N		\N	\N	\N	\N	\N	\N	2025-06-20 05:50:54.201881+00	2025-06-20 05:50:54.199707+00	\N	f	f	1	\N	\N	\N	5	\N	\N	26	\N	9
15	2025-06-20 05:52:23.790057+00	2025-06-20 05:52:23.790065+00	f	\N	0626b4f8-ce58-4935-8c07-d938192a43cd	2025-06-20 05:52:23.786916+00	2025-06-20 06:52:23.786919+00	\N	\N	UTC	confirmed	paid	\N	\N		\N	\N	\N	4997	0	4997	test	wefwefewfwef	string string	60		\N		\N	\N	\N	\N	\N	\N	2025-06-20 05:52:23.790129+00	2025-06-20 05:52:23.786931+00	\N	f	f	1	\N	\N	\N	5	\N	\N	45	\N	9
16	2025-06-20 06:04:15.986349+00	2025-06-20 06:04:15.98636+00	f	\N	294b78aa-e5ae-4b75-b03a-b9bb3be44a0e	2025-06-20 06:04:15.98349+00	2025-06-20 07:04:15.983501+00	\N	\N	UTC	confirmed	paid	\N	\N		\N	\N	\N	9961964	0	9961964	string	string	string string	2147483647		\N		\N	\N	\N	\N	\N	\N	2025-06-20 06:04:15.986398+00	2025-06-20 06:04:15.983512+00	\N	f	f	1	\N	\N	\N	5	\N	\N	27	\N	9
17	2025-06-20 17:13:46.226144+00	2025-06-20 17:13:46.226151+00	f	\N	46bab8c0-a54e-4106-b25c-e4477ddd4543	2001-04-22 18:00:00+00	2001-04-22 19:00:00+00	\N	\N	America/Los_Angeles	confirmed	paid	\N	\N		\N	\N	\N	9961964	0	9961964	string	string	string string	2147483647		\N		\N	\N	\N	\N	\N	\N	2025-06-20 17:13:46.226192+00	2025-06-20 17:13:46.22522+00	\N	f	f	1	\N	\N	\N	5	\N	\N	27	\N	9
18	2025-06-20 17:32:41.894322+00	2025-06-20 17:32:41.90631+00	f	\N	4ffb0d0b-a137-4f03-aa6b-a39db8ec4d1b	2025-06-20 17:32:41.892899+00	2025-06-20 18:32:41.892903+00	\N	\N	UTC	confirmed	paid	\N	\N		\N	\N	\N	400	0	400	ewfef	wefwef	string string	60		\N		\N	\N	\N	\N	\N	\N	2025-06-20 17:32:41.906328+00	\N	\N	f	f	1	\N	\N	\N	5	\N	\N	30	\N	9
19	2025-06-20 17:51:15.502197+00	2025-06-20 17:51:15.508247+00	f	\N	f63f492f-fc7e-48db-a84a-3f7569e1d1c4	2025-06-20 17:51:15.501432+00	2025-06-20 18:51:15.501435+00	\N	\N	UTC	confirmed	paid	\N	\N		\N	\N	\N	60000	0	60000	6-Week Fitness Transformation	Professional 6-week fitness transformation service	John Doe	90		\N		\N	\N	\N	\N	\N	\N	2025-06-20 17:51:15.508257+00	\N	\N	f	f	20	\N	\N	\N	3	\N	\N	7	\N	9
20	2025-06-20 19:21:27.56939+00	2025-06-20 19:21:27.577133+00	f	\N	85d327f6-5eae-4e4d-b87b-a272285c5af9	2025-06-20 19:21:27.568241+00	2025-06-20 20:21:27.568243+00	\N	\N	UTC	confirmed	paid	\N	\N		\N	\N	\N	400	0	400	ewfef	wefwef	string string	60		\N		\N	\N	\N	\N	\N	\N	2025-06-20 19:21:27.577144+00	\N	\N	f	f	1	\N	\N	\N	5	\N	\N	30	\N	9
21	2025-06-20 19:49:56.424405+00	2025-06-20 19:49:56.424412+00	f	\N	83c7cda1-65c2-4024-ac6e-b109e3d7afe3	2025-06-21 16:00:00+00	2025-06-21 17:00:00+00	\N	\N	UTC	confirmed	paid	\N	\N		\N	\N	\N	500	0	500	eewfewfw	efrweewfwefewwefewfe	string string	60		\N		\N	\N	\N	\N	\N	\N	2025-06-20 19:49:56.424471+00	2025-06-20 19:49:56.423198+00	\N	f	f	1	\N	\N	\N	5	\N	\N	44	10	9
22	2025-06-20 20:34:43.247631+00	2025-06-20 20:34:43.255863+00	f	\N	8f3b6449-ada1-42da-9722-b8130208ac67	2025-06-20 20:34:43.246442+00	2025-06-20 21:34:43.246444+00	\N	\N	UTC	confirmed	paid	\N	\N		\N	\N	\N	60000	0	60000	6-Week Fitness Transformation	Professional 6-week fitness transformation service	John Doe	90		\N		\N	\N	\N	\N	\N	\N	2025-06-20 20:34:43.255876+00	\N	\N	f	f	20	\N	\N	\N	3	\N	\N	7	\N	9
23	2025-06-20 20:35:50.821938+00	2025-06-20 20:35:50.826374+00	f	\N	d97146e4-081e-463a-8449-c944c30d4e60	2025-06-20 20:35:50.821287+00	2025-06-20 21:35:50.821288+00	\N	\N	UTC	confirmed	paid	\N	\N		\N	\N	\N	400	0	400	ewfef	wefwef	string string	60		\N		\N	\N	\N	\N	\N	\N	2025-06-20 20:35:50.826383+00	\N	\N	f	f	1	\N	\N	\N	5	\N	\N	30	\N	9
24	2025-06-20 20:42:53.10689+00	2025-06-20 20:42:53.113545+00	f	\N	48109522-53fb-4916-b914-8d6ae4e914ff	2025-06-20 20:42:53.105983+00	2025-06-20 21:42:53.105985+00	\N	\N	UTC	confirmed	paid	\N	\N		\N	\N	\N	400	0	400	ewfef	wefwef	string string	60		\N		\N	\N	\N	\N	\N	\N	2025-06-20 20:42:53.113554+00	\N	\N	f	f	1	\N	\N	\N	5	\N	\N	30	\N	9
25	2025-06-20 23:33:13.477966+00	2025-06-20 23:33:13.488997+00	f	\N	e6488eab-fad8-4066-8db2-84dfe7cb3833	2025-06-20 23:33:13.475887+00	2025-06-21 00:33:13.47589+00	\N	\N	UTC	confirmed	paid	\N	\N		\N	\N	\N	400	0	400	ewfef	wefwef	string string	60		\N		\N	\N	\N	\N	\N	\N	2025-06-20 23:33:13.48901+00	\N	\N	f	f	1	\N	\N	\N	5	\N	\N	30	\N	9
26	2025-06-20 23:34:05.702456+00	2025-06-20 23:34:05.702463+00	f	\N	4ffc4507-7cd2-475a-a6af-586df47ca7c0	2025-07-04 16:00:00+00	2025-07-04 17:00:00+00	\N	\N	UTC	confirmed	paid	\N	\N		\N	\N	\N	500	0	500	eewfewfw	efrweewfwefewwefewfe	string string	60		\N		\N	\N	\N	\N	\N	\N	2025-06-20 23:34:05.70252+00	2025-06-20 23:34:05.701305+00	\N	f	f	1	\N	\N	\N	5	\N	\N	44	12	9
27	2025-06-20 23:36:11.383349+00	2025-06-20 23:36:11.383359+00	f	\N	646fb565-80ae-485e-993b-46c1af038587	2025-07-04 16:00:00+00	2025-07-04 17:00:00+00	\N	\N	UTC	confirmed	paid	\N	\N		\N	\N	\N	500	0	500	eewfewfw	efrweewfwefewwefewfe	string string	60		\N		\N	\N	\N	\N	\N	\N	2025-06-20 23:36:11.383429+00	2025-06-20 23:36:11.382147+00	\N	f	f	1	\N	\N	\N	5	\N	\N	44	12	9
28	2025-06-21 00:26:27.760532+00	2025-06-21 00:26:27.760731+00	f	\N	10e926c9-53af-43ad-b9e9-565383900df3	2025-06-28 16:00:00+00	2025-06-28 17:00:00+00	\N	\N	UTC	confirmed	paid	\N	\N		\N	\N	\N	500	0	500	eewfewfw	efrweewfwefewwefewfe	string string	60		\N		\N	\N	\N	\N	\N	\N	2025-06-21 00:26:27.76084+00	2025-06-21 00:26:27.60299+00	\N	f	f	1	\N	\N	\N	5	\N	\N	44	11	9
29	2025-06-21 00:28:19.324231+00	2025-06-21 00:28:19.324246+00	f	\N	4cc807fe-38d0-4aac-a56d-10196bca1a18	2025-06-21 16:00:00+00	2025-06-21 17:00:00+00	\N	\N	UTC	confirmed	paid	\N	\N		\N	\N	\N	500	0	500	eewfewfw	efrweewfwefewwefewfe	string string	60		\N		\N	\N	\N	\N	\N	\N	2025-06-21 00:28:19.324347+00	2025-06-21 00:28:19.322875+00	\N	f	f	1	\N	\N	\N	5	\N	\N	44	10	9
\.


--
-- Data for Name: bookings_bookingnote; Type: TABLE DATA; Schema: public; Owner: estuary
--

COPY public.bookings_bookingnote (id, created_at, updated_at, content, is_private, author_id, booking_id) FROM stdin;
\.


--
-- Data for Name: bookings_bookingreminder; Type: TABLE DATA; Schema: public; Owner: estuary
--

COPY public.bookings_bookingreminder (id, created_at, updated_at, reminder_type, scheduled_time, sent_at, subject, message, is_sent, send_attempts, last_attempt_at, error_message, booking_id) FROM stdin;
\.


--
-- Data for Name: certifications; Type: TABLE DATA; Schema: public; Owner: estuary
--

COPY public.certifications (id, created_at, updated_at, certificate, institution, "order", issue_date, expiry_date) FROM stdin;
1	2025-06-10 04:38:29.593936+00	2025-06-10 04:38:29.593943+00	Certified Wellness Coach	International Wellness Institute	0	2022-06-11	\N
2	2025-06-10 04:38:29.600177+00	2025-06-10 04:38:29.60019+00	Mindfulness-Based Stress Reduction	Center for Mindfulness	0	2023-06-11	\N
3	2025-06-20 00:39:18.478438+00	2025-06-20 00:39:18.47846+00	k	k	1	\N	\N
4	2025-06-20 00:49:03.476861+00	2025-06-20 00:49:03.476875+00	k	kl	2	\N	\N
\.


--
-- Data for Name: common_modality; Type: TABLE DATA; Schema: public; Owner: estuary
--

COPY public.common_modality (id, created_at, updated_at, name, description, icon, category, is_active, "order") FROM stdin;
1	2025-06-21 03:13:35.550038+00	2025-06-21 03:13:35.550049+00	Yoga	\N	\N	\N	t	0
2	2025-06-21 03:13:35.565346+00	2025-06-21 03:13:35.56536+00	Massage Therapy	\N	\N	\N	t	0
3	2025-06-21 03:13:35.566431+00	2025-06-21 03:13:35.566437+00	Acupuncture	\N	\N	\N	t	0
4	2025-06-21 03:13:35.567229+00	2025-06-21 03:13:35.567234+00	Counseling & Therapy	\N	\N	\N	t	0
5	2025-06-21 03:13:35.568077+00	2025-06-21 03:13:35.568082+00	Nutrition Coaching	\N	\N	\N	t	0
6	2025-06-21 03:13:35.568744+00	2025-06-21 03:13:35.568748+00	Life Coaching	\N	\N	\N	t	0
7	2025-06-21 03:13:35.569353+00	2025-06-21 03:13:35.569357+00	Meditation & Breathwork	\N	\N	\N	t	0
8	2025-06-21 03:13:35.570122+00	2025-06-21 03:13:35.570125+00	Energy Healing	\N	\N	\N	t	0
9	2025-06-21 03:13:35.570759+00	2025-06-21 03:13:35.570763+00	Physical Therapy	\N	\N	\N	t	0
10	2025-06-21 03:13:35.571342+00	2025-06-21 03:13:35.571345+00	Chiropractic Care	\N	\N	\N	t	0
\.


--
-- Data for Name: community_communityfollow; Type: TABLE DATA; Schema: public; Owner: estuary
--

COPY public.community_communityfollow (id, created_at, updated_at, practitioner_id, user_id) FROM stdin;
\.


--
-- Data for Name: community_communitytopic; Type: TABLE DATA; Schema: public; Owner: estuary
--

COPY public.community_communitytopic (id, created_at, updated_at, name, slug, description, is_featured, post_count) FROM stdin;
\.


--
-- Data for Name: community_post; Type: TABLE DATA; Schema: public; Owner: estuary
--

COPY public.community_post (id, created_at, updated_at, title, content, media_url, media_type, visibility, is_pinned, is_featured, is_archived, like_count, heart_count, comment_count, practitioner_id) FROM stdin;
\.


--
-- Data for Name: community_post_topics; Type: TABLE DATA; Schema: public; Owner: estuary
--

COPY public.community_post_topics (id, post_id, communitytopic_id) FROM stdin;
\.


--
-- Data for Name: community_postcomment; Type: TABLE DATA; Schema: public; Owner: estuary
--

COPY public.community_postcomment (id, created_at, updated_at, content, is_hidden, parent_comment_id, post_id, user_id) FROM stdin;
\.


--
-- Data for Name: community_postpurchasevisibility; Type: TABLE DATA; Schema: public; Owner: estuary
--

COPY public.community_postpurchasevisibility (id, created_at, updated_at, post_id, service_id) FROM stdin;
\.


--
-- Data for Name: community_postreaction; Type: TABLE DATA; Schema: public; Owner: estuary
--

COPY public.community_postreaction (id, created_at, updated_at, reaction_type, post_id, user_id) FROM stdin;
\.


--
-- Data for Name: django_admin_log; Type: TABLE DATA; Schema: public; Owner: estuary
--

COPY public.django_admin_log (id, action_time, object_id, object_repr, action_flag, change_message, content_type_id, user_id) FROM stdin;
1	2025-06-10 06:13:23.282003+00	5	Mike Wilson LMT	2	[{"changed": {"fields": ["User"]}}]	73	9
\.


--
-- Data for Name: django_content_type; Type: TABLE DATA; Schema: public; Owner: estuary
--

COPY public.django_content_type (id, app_label, model) FROM stdin;
1	admin	logentry
2	auth	permission
3	auth	group
4	contenttypes	contenttype
5	sessions	session
6	users	user
7	users	userfavoritepractitioner
8	users	userpaymentprofile
9	users	userprofile
10	users	usersociallinks
11	analytics	practitionerperformance
12	analytics	searchanalytics
13	analytics	searchlog
14	analytics	serviceanalytics
15	analytics	serviceview
16	analytics	userengagement
17	analytics	financialreport
18	bookings	booking
19	bookings	bookingnote
20	bookings	bookingreminder
21	common	modality
22	community	communityfollow
23	community	communitytopic
24	community	post
25	community	postcomment
26	community	postpurchasevisibility
27	community	postreaction
28	locations	city
29	locations	state
30	locations	zipcode
31	locations	country
32	locations	practitionerlocation
33	media	media
34	media	mediaversion
35	media	mediaprocessingjob
36	messaging	blockeduser
37	messaging	conversation
38	messaging	conversationparticipant
39	messaging	message
40	messaging	messagenotificationpreference
41	messaging	messagereceipt
42	messaging	typingindicator
43	notifications	notification
44	notifications	notificationtemplate
45	notifications	notificationsetting
46	payments	externalservicefee
47	payments	order
48	payments	packagecompletionrecord
49	payments	paymentmethod
50	payments	practitionerearnings
51	payments	practitionerpayout
52	payments	practitionersubscription
53	payments	servicetypecommission
54	payments	subscriptiontier
55	payments	tiercommissionadjustment
56	payments	usercreditbalance
57	payments	usercredittransaction
58	payments	earningstransaction
59	practitioners	certification
60	practitioners	education
61	practitioners	outofoffice
62	practitioners	practitioneronboardingprogress
63	practitioners	question
64	practitioners	schedule
65	practitioners	scheduleavailability
66	practitioners	schedulepreference
67	practitioners	scheduletimeslot
68	practitioners	serviceschedule
69	practitioners	specialize
70	practitioners	style
71	practitioners	topic
72	practitioners	verificationdocument
73	practitioners	practitioner
74	referrals	referralprogram
75	referrals	referral
76	referrals	referralcampaign
77	reviews	reviewanswer
78	reviews	reviewquestion
79	reviews	reviewreport
80	reviews	reviewvote
81	reviews	review
82	rooms	roombookingrelation
83	rooms	roomparticipant
84	rooms	roomrecording
85	rooms	roomtemplate
86	rooms	roomtoken
87	rooms	videotoken
88	rooms	room
89	services	servicesession
90	services	servicetype
91	services	sessionagendaitem
92	services	sessionparticipant
93	services	waitlist
94	services	service
95	services	servicebenefit
96	services	servicecategory
97	services	servicepractitioner
98	services	servicerelationship
99	services	serviceresource
100	services	serviceresourceaccess
101	streams	streamcategory
102	streams	streampostlike
103	streams	streampostmedia
104	streams	streampostview
105	streams	streamsubscription
106	streams	streamtip
107	streams	stream
108	streams	streamanalytics
109	streams	streampost
110	streams	streampostcomment
111	utils	language
112	utils	address
113	utils	holiday
114	services	practitionerservicecategory
115	token_blacklist	blacklistedtoken
116	token_blacklist	outstandingtoken
117	streams	livestream
118	streams	livestreamanalytics
119	streams	livestreamviewer
120	streams	streamschedule
121	users	userfavoriteservice
122	practitioners	clientnote
\.


--
-- Data for Name: django_migrations; Type: TABLE DATA; Schema: public; Owner: estuary
--

COPY public.django_migrations (id, app, name, applied) FROM stdin;
1	locations	0001_initial	2025-06-10 04:01:33.932779+00
2	utils	0001_initial	2025-06-10 04:01:33.956916+00
3	common	0001_initial	2025-06-10 04:01:33.96219+00
4	practitioners	0001_initial	2025-06-10 04:01:34.015432+00
5	contenttypes	0001_initial	2025-06-10 04:01:34.019478+00
6	contenttypes	0002_remove_content_type_name	2025-06-10 04:01:34.050752+00
7	auth	0001_initial	2025-06-10 04:01:34.071309+00
8	auth	0002_alter_permission_name_max_length	2025-06-10 04:01:34.075538+00
9	auth	0003_alter_user_email_max_length	2025-06-10 04:01:34.079112+00
10	auth	0004_alter_user_username_opts	2025-06-10 04:01:34.082582+00
11	auth	0005_alter_user_last_login_null	2025-06-10 04:01:34.086104+00
12	auth	0006_require_contenttypes_0002	2025-06-10 04:01:34.086917+00
13	auth	0007_alter_validators_add_error_messages	2025-06-10 04:01:34.089749+00
14	auth	0008_alter_user_username_max_length	2025-06-10 04:01:34.093557+00
15	auth	0009_alter_user_last_name_max_length	2025-06-10 04:01:34.097798+00
16	auth	0010_alter_group_name_max_length	2025-06-10 04:01:34.104307+00
17	auth	0011_update_proxy_permissions	2025-06-10 04:01:34.14207+00
18	auth	0012_alter_user_first_name_max_length	2025-06-10 04:01:34.146497+00
19	users	0001_initial	2025-06-10 04:01:34.470873+00
20	admin	0001_initial	2025-06-10 04:01:34.509044+00
21	admin	0002_logentry_remove_auto_add	2025-06-10 04:01:34.524442+00
22	admin	0003_logentry_add_action_flag_choices	2025-06-10 04:01:34.541441+00
23	bookings	0001_initial	2025-06-10 04:01:34.633335+00
24	bookings	0002_initial	2025-06-10 04:01:34.680119+00
25	payments	0001_initial	2025-06-10 04:01:34.762025+00
26	bookings	0003_initial	2025-06-10 04:01:34.789372+00
27	bookings	0004_initial	2025-06-10 04:01:34.84147+00
28	rooms	0001_initial	2025-06-10 04:01:34.907499+00
29	bookings	0005_initial	2025-06-10 04:01:34.943509+00
30	services	0001_initial	2025-06-10 04:01:35.247211+00
31	analytics	0001_initial	2025-06-10 04:01:35.266068+00
32	analytics	0002_initial	2025-06-10 04:01:35.294357+00
33	analytics	0003_initial	2025-06-10 04:01:35.714023+00
34	bookings	0006_initial	2025-06-10 04:01:35.841369+00
35	bookings	0007_initial	2025-06-10 04:01:36.309163+00
36	community	0001_initial	2025-06-10 04:01:36.326795+00
37	community	0002_initial	2025-06-10 04:01:36.356353+00
38	community	0003_initial	2025-06-10 04:01:37.169148+00
39	locations	0002_initial	2025-06-10 04:01:37.476679+00
40	messaging	0001_initial	2025-06-10 04:01:37.498712+00
41	messaging	0002_initial	2025-06-10 04:01:38.797934+00
42	payments	0002_initial	2025-06-10 04:01:38.837583+00
43	payments	0003_initial	2025-06-10 04:01:39.032443+00
44	payments	0004_initial	2025-06-10 04:01:41.24506+00
45	practitioners	0002_initial	2025-06-10 04:01:43.136092+00
46	reviews	0001_initial	2025-06-10 04:01:43.34826+00
47	reviews	0002_initial	2025-06-10 04:01:43.41026+00
48	reviews	0003_initial	2025-06-10 04:01:45.080217+00
49	rooms	0002_initial	2025-06-10 04:01:45.499356+00
50	rooms	0003_initial	2025-06-10 04:01:47.021919+00
51	services	0002_initial	2025-06-10 04:01:49.632196+00
52	sessions	0001_initial	2025-06-10 04:01:49.637348+00
53	streams	0001_initial	2025-06-10 04:01:50.058266+00
54	streams	0002_initial	2025-06-10 04:01:52.184461+00
55	services	0003_practitionerservicecategory	2025-06-10 07:03:20.681046+00
56	payments	0005_add_stripe_ids_to_subscription_tier	2025-06-10 17:38:41.186026+00
57	reviews	0004_add_response_fields	2025-06-10 23:31:06.661721+00
58	token_blacklist	0001_initial	2025-06-10 23:31:06.838874+00
59	token_blacklist	0002_outstandingtoken_jti_hex	2025-06-10 23:31:06.870581+00
60	token_blacklist	0003_auto_20171017_2007	2025-06-10 23:31:06.966617+00
61	token_blacklist	0004_auto_20171017_2013	2025-06-10 23:31:06.990991+00
62	token_blacklist	0005_remove_outstandingtoken_jti	2025-06-10 23:31:07.012774+00
63	token_blacklist	0006_auto_20171017_2113	2025-06-10 23:31:07.040327+00
64	token_blacklist	0007_auto_20171017_2214	2025-06-10 23:31:07.124916+00
65	token_blacklist	0008_migrate_to_bigautofield	2025-06-10 23:31:07.222029+00
66	token_blacklist	0010_fix_migrate_to_bigautofield	2025-06-10 23:31:07.335891+00
67	token_blacklist	0011_linearizes_history	2025-06-10 23:31:07.337228+00
68	token_blacklist	0012_alter_outstandingtoken_user	2025-06-10 23:31:07.378807+00
69	messaging	0002_remove_conversation_deleted_at_and_more	2025-06-11 00:02:01.765278+00
70	services	0004_rename_services_pr_practit_b7e8e3_idx_services_pr_practit_a61372_idx_and_more	2025-06-11 00:02:12.769939+00
71	streams	0003_livestream_livestreamanalytics_livestreamviewer_and_more	2025-06-11 00:02:13.422125+00
72	media	0001_initial	2025-06-11 00:04:00.214501+00
73	services	0005_alter_service_status	2025-06-17 23:00:09.215325+00
74	services	0008_change_image_url_to_imagefield	2025-06-18 01:10:25.054927+00
75	services	0009_alter_service_image	2025-06-18 01:10:25.103313+00
77	services	0010_add_schedule_field	2025-06-19 03:49:13.409192+00
78	practitioners	0003_practitioner_slug_and_more	2025-06-20 20:24:56.842293+00
79	services	0011_alter_service_options_and_more	2025-06-20 20:24:57.355605+00
80	practitioners	0004_populate_practitioner_slugs	2025-06-20 20:25:27.920726+00
81	services	0012_populate_service_slugs	2025-06-20 20:25:27.971916+00
82	practitioners	0005_make_practitioner_slug_required	2025-06-20 20:26:06.496412+00
83	services	0013_make_service_slug_required	2025-06-20 20:26:06.520574+00
84	users	0002_add_user_favorite_service	2025-06-21 00:39:30.679766+00
85	practitioners	0002_add_client_note	2025-06-21 02:43:58.536958+00
86	practitioners	0006_merge_20250621_0243	2025-06-21 02:43:58.537838+00
87	practitioners	0007_rename_practitione_practit_d5a0f5_idx_practitione_practit_11856a_idx_and_more	2025-06-21 03:00:47.010406+00
\.


--
-- Data for Name: django_session; Type: TABLE DATA; Schema: public; Owner: estuary
--

COPY public.django_session (session_key, session_data, expire_date) FROM stdin;
vucw8lw01vnmgg4npfb030qju0vj8q97	.eJxVjDsOwjAQBe_iGln4b1PS5wzWrneNAyiW8qkQd4dIKaB9M_NeIsO2trwtPOeRxEUkcfrdEMqDpx3QHaZbl6VP6zyi3BV50EUOnfh5Pdy_gwZL-9ZYjVPn4sCSSt4wxIgBiRMoVw16cFWBZhs0AZIPSqPVJabCIVKxVbw_AAE4xg:1uOs5D:DQF-jjBBZuZf8-Atd-VpHUh5iDZ1PJqcMTj-o20y8rc	2025-06-24 06:03:39.03065+00
gjl2hmum0o3j45eompcdwyo41bi0gk62	.eJxVjDsOwjAQBe_iGln4b1PS5wzWrneNAyiW8qkQd4dIKaB9M_NeIsO2trwtPOeRxEUkcfrdEMqDpx3QHaZbl6VP6zyi3BV50EUOnfh5Pdy_gwZL-9ZYjVPn4sCSSt4wxIgBiRMoVw16cFWBZhs0AZIPSqPVJabCIVKxVbw_AAE4xg:1uReEh:XeN1zkA5yLBfgNvtMDfEmj81elYp36eSWpShX2o0Czc	2025-07-01 21:52:55.200809+00
6gat9rdwufjqx5sabe44dyn5og5ct05k	.eJxVjDsOwjAQBe_iGln4b1PS5wzWrneNAyiW8qkQd4dIKaB9M_NeIsO2trwtPOeRxEUkcfrdEMqDpx3QHaZbl6VP6zyi3BV50EUOnfh5Pdy_gwZL-9ZYjVPn4sCSSt4wxIgBiRMoVw16cFWBZhs0AZIPSqPVJabCIVKxVbw_AAE4xg:1uSRP8:q-evneMUIFwE0egUKhcoZO4AqYd6Wd9xFRp7DGR2RPc	2025-07-04 02:22:58.065116+00
\.


--
-- Data for Name: educations; Type: TABLE DATA; Schema: public; Owner: estuary
--

COPY public.educations (id, created_at, updated_at, degree, educational_institute, "order") FROM stdin;
1	2025-06-10 04:38:29.602387+00	2025-06-10 04:38:29.602397+00	Doctor of Natural Medicine	University of Natural Health	0
2	2025-06-10 04:38:29.606273+00	2025-06-10 04:38:29.60628+00	Master of Public Health	State University	0
4	2025-06-20 00:49:10.049635+00	2025-06-20 00:49:14.971126+00	kn	klkl	2
3	2025-06-20 00:39:33.203873+00	2025-06-20 00:49:15.340155+00	k	lk	1
\.


--
-- Data for Name: external_service_fees; Type: TABLE DATA; Schema: public; Owner: estuary
--

COPY public.external_service_fees (id, name, fee_type, amount, is_active, is_practitioner_responsible, description, created_at, updated_at, service_type_id) FROM stdin;
1	Stripe Payment Processing	percentage	2.90	t	f	Stripe fee for payment processing	2025-06-10 17:30:50.091156+00	2025-06-10 17:30:50.09116+00	\N
2	Daily.co Video Service	fixed	0.50	t	t	Fee for video conferencing service	2025-06-10 17:30:50.093246+00	2025-06-10 17:30:50.093265+00	7
\.


--
-- Data for Name: financial_reports; Type: TABLE DATA; Schema: public; Owner: estuary
--

COPY public.financial_reports (id, report_type, start_date, end_date, total_revenue, total_payouts, platform_fees, tax_collected, refunds_amount, net_income, generated_at, report_data) FROM stdin;
\.


--
-- Data for Name: locations_city; Type: TABLE DATA; Schema: public; Owner: estuary
--

COPY public.locations_city (id, created_at, updated_at, name, slug, population, latitude, longitude, metro_area, is_major, is_active, service_count, meta_title, meta_description, state_id) FROM stdin;
\.


--
-- Data for Name: locations_country; Type: TABLE DATA; Schema: public; Owner: estuary
--

COPY public.locations_country (id, created_at, updated_at, name, code, code_3, numeric_code, slug, phone_code, currency_code, is_active) FROM stdin;
\.


--
-- Data for Name: locations_practitionerlocation; Type: TABLE DATA; Schema: public; Owner: estuary
--

COPY public.locations_practitionerlocation (id, created_at, updated_at, name, address_line1, address_line2, postal_code, latitude, longitude, is_primary, is_virtual, is_in_person, service_radius_miles, city_id, country_id, practitioner_id, state_id) FROM stdin;
\.


--
-- Data for Name: locations_state; Type: TABLE DATA; Schema: public; Owner: estuary
--

COPY public.locations_state (id, created_at, updated_at, name, code, slug, is_active, meta_title, meta_description, country_id) FROM stdin;
\.


--
-- Data for Name: locations_zipcode; Type: TABLE DATA; Schema: public; Owner: estuary
--

COPY public.locations_zipcode (id, created_at, updated_at, code, latitude, longitude, city_id, country_id) FROM stdin;
\.


--
-- Data for Name: media_media; Type: TABLE DATA; Schema: public; Owner: estuary
--

COPY public.media_media (created_at, updated_at, is_deleted, deleted_at, public_uuid, id, url, thumbnail_url, filename, file_size, content_type, media_type, entity_type, entity_id, storage_key, title, description, alt_text, status, processing_metadata, error_message, width, height, duration, is_primary, display_order, view_count, download_count, processed_at, uploaded_by_id) FROM stdin;
\.


--
-- Data for Name: media_mediaprocessingjob; Type: TABLE DATA; Schema: public; Owner: estuary
--

COPY public.media_mediaprocessingjob (id, job_id, status, operations, options, progress, current_operation, completed_operations, error_message, started_at, completed_at, created_at, updated_at, media_id) FROM stdin;
\.


--
-- Data for Name: media_mediaversion; Type: TABLE DATA; Schema: public; Owner: estuary
--

COPY public.media_mediaversion (id, version_type, url, storage_key, width, height, file_size, format, created_at, media_id) FROM stdin;
\.


--
-- Data for Name: messaging_blockeduser; Type: TABLE DATA; Schema: public; Owner: estuary
--

COPY public.messaging_blockeduser (id, created_at, updated_at, reason, blocked_id, blocker_id) FROM stdin;
\.


--
-- Data for Name: messaging_conversation; Type: TABLE DATA; Schema: public; Owner: estuary
--

COPY public.messaging_conversation (id, created_at, updated_at, is_active, is_archived, title, conversation_type, related_booking_id, related_service_id) FROM stdin;
1	2025-06-10 05:19:57.4121+00	2025-06-10 05:35:23.276334+00	t	f	Question about wellness consultation	direct	\N	\N
\.


--
-- Data for Name: messaging_conversationparticipant; Type: TABLE DATA; Schema: public; Owner: estuary
--

COPY public.messaging_conversationparticipant (id, created_at, updated_at, role, is_muted, muted_until, is_archived, archived_at, last_read_at, joined_at, left_at, is_active, conversation_id, user_id, last_read_message_id) FROM stdin;
1	2025-06-10 05:19:57.414185+00	2025-06-10 05:19:57.414189+00	member	f	\N	f	\N	\N	2025-06-10 05:19:57.414206+00	\N	t	1	1	\N
2	2025-06-10 05:19:57.415157+00	2025-06-10 05:19:57.415161+00	member	f	\N	f	\N	\N	2025-06-10 05:19:57.415173+00	\N	t	1	2	\N
\.


--
-- Data for Name: messaging_message; Type: TABLE DATA; Schema: public; Owner: estuary
--

COPY public.messaging_message (id, created_at, updated_at, content, message_type, attachments, edited_at, is_edited, is_deleted, deleted_at, conversation_id, sender_id) FROM stdin;
1	2025-06-10 05:19:57.415496+00	2025-06-10 05:19:57.415501+00	Hi, I have some questions about your wellness consultation service.	text	[]	\N	f	f	\N	1	2
2	2025-06-10 05:27:35.839905+00	2025-06-10 05:27:35.839912+00	Thank you for your interest! I would be happy to answer your questions.	text	[]	\N	f	f	\N	1	1
3	2025-06-10 05:27:35.852608+00	2025-06-10 05:27:35.852614+00	This message will be deleted for testing	text	[]	\N	f	f	\N	1	2
4	2025-06-10 05:33:38.471729+00	2025-06-10 05:33:38.471738+00	Thank you for your interest! I would be happy to answer your questions.	text	[]	\N	f	f	\N	1	1
5	2025-06-10 05:33:38.4985+00	2025-06-10 05:33:38.498507+00	This message will be deleted for testing	text	[]	\N	f	f	\N	1	2
6	2025-06-10 05:35:01.911429+00	2025-06-10 05:35:01.91144+00	Thank you for your interest! I would be happy to answer your questions.	text	[]	\N	f	f	\N	1	1
7	2025-06-10 05:35:01.940613+00	2025-06-10 05:35:01.940618+00	This message will be deleted for testing	text	[]	\N	f	f	\N	1	2
8	2025-06-10 05:35:23.246749+00	2025-06-10 05:35:23.246761+00	Thank you for your interest! I would be happy to answer your questions.	text	[]	\N	f	f	\N	1	1
9	2025-06-10 05:35:23.275447+00	2025-06-10 05:35:23.278996+00	This message will be deleted for testing	text	[]	\N	f	t	2025-06-10 05:35:23.278965+00	1	2
\.


--
-- Data for Name: messaging_messagenotificationpreference; Type: TABLE DATA; Schema: public; Owner: estuary
--

COPY public.messaging_messagenotificationpreference (id, created_at, updated_at, email_notifications, push_notifications, sms_notifications, notify_new_message, notify_new_conversation, notify_mentions, quiet_hours_enabled, quiet_hours_start, quiet_hours_end, quiet_hours_timezone, sound_enabled, vibration_enabled, user_id) FROM stdin;
\.


--
-- Data for Name: messaging_messagereceipt; Type: TABLE DATA; Schema: public; Owner: estuary
--

COPY public.messaging_messagereceipt (id, created_at, updated_at, is_read, read_at, delivered_at, message_id, user_id) FROM stdin;
1	2025-06-10 05:19:57.417916+00	2025-06-10 05:19:57.41792+00	f	\N	2025-06-10 05:19:57.41793+00	1	1
2	2025-06-10 05:27:35.841256+00	2025-06-10 05:27:35.84126+00	f	\N	2025-06-10 05:27:35.841268+00	2	2
3	2025-06-10 05:27:35.853243+00	2025-06-10 05:27:35.853246+00	f	\N	2025-06-10 05:27:35.853252+00	3	1
4	2025-06-10 05:33:38.473463+00	2025-06-10 05:33:38.473471+00	f	\N	2025-06-10 05:33:38.473483+00	4	2
5	2025-06-10 05:33:38.499437+00	2025-06-10 05:33:38.499443+00	f	\N	2025-06-10 05:33:38.499454+00	5	1
6	2025-06-10 05:35:01.913113+00	2025-06-10 05:35:01.913117+00	f	\N	2025-06-10 05:35:01.913125+00	6	2
8	2025-06-10 05:35:01.941321+00	2025-06-10 05:35:01.941326+00	f	\N	2025-06-10 05:35:01.941332+00	7	1
9	2025-06-10 05:35:23.248473+00	2025-06-10 05:35:23.248479+00	f	\N	2025-06-10 05:35:23.24849+00	8	2
11	2025-06-10 05:35:23.276132+00	2025-06-10 05:35:23.276136+00	f	\N	2025-06-10 05:35:23.276141+00	9	1
\.


--
-- Data for Name: messaging_typingindicator; Type: TABLE DATA; Schema: public; Owner: estuary
--

COPY public.messaging_typingindicator (id, created_at, updated_at, is_typing, conversation_id, user_id) FROM stdin;
\.


--
-- Data for Name: out_of_office; Type: TABLE DATA; Schema: public; Owner: estuary
--

COPY public.out_of_office (id, created_at, updated_at, from_date, to_date, title, is_archived, practitioner_id) FROM stdin;
\.


--
-- Data for Name: package_completion_records; Type: TABLE DATA; Schema: public; Owner: estuary
--

COPY public.package_completion_records (id, status, completion_percentage, total_sessions, completed_sessions, payout_processed, payout_date, created_at, updated_at, last_payout_percentage, last_payout_date, total_paid_credits, package_booking_id) FROM stdin;
1	pending	0.00	0	0	f	\N	2025-06-20 05:47:26.780907+00	2025-06-20 05:47:26.780913+00	0.00	\N	0.00	11
2	pending	0.00	0	0	f	\N	2025-06-20 05:50:01.312399+00	2025-06-20 05:50:01.312403+00	0.00	\N	0.00	13
3	pending	0.00	0	0	f	\N	2025-06-20 17:32:41.901563+00	2025-06-20 17:32:41.901574+00	0.00	\N	0.00	18
4	pending	0.00	0	0	f	\N	2025-06-20 17:51:15.50566+00	2025-06-20 17:51:15.505666+00	0.00	\N	0.00	19
5	pending	0.00	0	0	f	\N	2025-06-20 19:21:27.573483+00	2025-06-20 19:21:27.57349+00	0.00	\N	0.00	20
6	pending	0.00	0	0	f	\N	2025-06-20 20:34:43.252732+00	2025-06-20 20:34:43.252742+00	0.00	\N	0.00	22
7	pending	0.00	0	0	f	\N	2025-06-20 20:35:50.824571+00	2025-06-20 20:35:50.824575+00	0.00	\N	0.00	23
8	pending	0.00	0	0	f	\N	2025-06-20 20:42:53.110651+00	2025-06-20 20:42:53.110655+00	0.00	\N	0.00	24
9	pending	0.00	0	0	f	\N	2025-06-20 23:33:13.4844+00	2025-06-20 23:33:13.484413+00	0.00	\N	0.00	25
\.


--
-- Data for Name: payments_earningstransaction; Type: TABLE DATA; Schema: public; Owner: estuary
--

COPY public.payments_earningstransaction (id, created_at, updated_at, gross_amount_cents, commission_rate, commission_amount_cents, net_amount_cents, status, available_after, currency, description, transaction_type, external_fees, metadata, booking_id, practitioner_id, payout_id) FROM stdin;
1	2025-06-20 05:44:56.949375+00	2025-06-20 05:44:56.949382+00	9961964	15.00	1494294	8467670	pending	2025-06-22 05:44:56.949084+00	USD	Earnings from booking for string	booking_completion	\N	\N	7	5	\N
2	2025-06-20 05:45:27.340197+00	2025-06-20 05:45:27.340201+00	9961964	15.00	1494294	8467670	pending	2025-06-22 05:45:27.340069+00	USD	Earnings from booking for string	booking_completion	\N	\N	8	5	\N
3	2025-06-20 05:45:36.999734+00	2025-06-20 05:45:36.999741+00	9961964	15.00	1494294	8467670	pending	2025-06-22 05:45:36.99956+00	USD	Earnings from booking for string	booking_completion	\N	\N	9	5	\N
4	2025-06-20 05:46:02.354293+00	2025-06-20 05:46:02.354303+00	9961964	15.00	1494294	8467670	pending	2025-06-22 05:46:02.354056+00	USD	Earnings from booking for string	booking_completion	\N	\N	10	5	\N
5	2025-06-20 05:47:26.792915+00	2025-06-20 05:47:26.792925+00	400	18.00	72	328	pending	2025-06-22 05:47:26.792646+00	USD	Earnings from booking for ewfef	booking_completion	\N	\N	11	5	\N
6	2025-06-20 05:48:34.616079+00	2025-06-20 05:48:34.616086+00	9961964	15.00	1494294	8467670	pending	2025-06-22 05:48:34.615896+00	USD	Earnings from booking for string	booking_completion	\N	\N	12	5	\N
7	2025-06-20 05:50:01.317069+00	2025-06-20 05:50:01.317074+00	60000	18.00	10800	49200	pending	2025-06-22 05:50:01.316926+00	USD	Earnings from booking for 6-Week Fitness Transformation	booking_completion	\N	\N	13	3	\N
8	2025-06-20 05:50:54.205635+00	2025-06-20 05:50:54.205642+00	9961964	15.00	1494294	8467670	pending	2025-06-22 05:50:54.205498+00	USD	Earnings from booking for string	booking_completion	\N	\N	14	5	\N
9	2025-06-20 05:52:23.795437+00	2025-06-20 05:52:23.795465+00	4997	15.00	749	4248	pending	2025-06-22 05:52:23.795226+00	USD	Earnings from booking for test	booking_completion	\N	\N	15	5	\N
10	2025-06-20 06:04:15.990958+00	2025-06-20 06:04:15.990965+00	9961964	15.00	1494294	8467670	pending	2025-06-22 06:04:15.990765+00	USD	Earnings from booking for string	booking_completion	\N	\N	16	5	\N
11	2025-06-20 17:13:46.229662+00	2025-06-20 17:13:46.229669+00	9961964	15.00	1494294	8467670	pending	2025-06-22 17:13:46.229416+00	USD	Earnings from booking for string	booking_completion	\N	\N	17	5	\N
12	2025-06-20 17:32:41.913757+00	2025-06-20 17:32:41.913767+00	400	18.00	72	328	pending	2025-06-22 17:32:41.913517+00	USD	Earnings from booking for ewfef	booking_completion	\N	\N	18	5	\N
13	2025-06-20 17:51:15.513662+00	2025-06-20 17:51:15.513668+00	60000	18.00	10800	49200	pending	2025-06-22 17:51:15.513479+00	USD	Earnings from booking for 6-Week Fitness Transformation	booking_completion	\N	\N	19	3	\N
14	2025-06-20 19:21:27.588632+00	2025-06-20 19:21:27.58864+00	400	18.00	72	328	pending	2025-06-22 19:21:27.588275+00	USD	Earnings from booking for ewfef	booking_completion	\N	\N	20	5	\N
15	2025-06-20 19:49:56.433651+00	2025-06-20 19:49:56.433658+00	500	20.00	100	400	pending	2025-06-22 19:49:56.433427+00	USD	Earnings from booking for eewfewfw	booking_completion	\N	\N	21	5	\N
16	2025-06-20 20:34:43.26273+00	2025-06-20 20:34:43.262737+00	60000	18.00	10800	49200	pending	2025-06-22 20:34:43.262443+00	USD	Earnings from booking for 6-Week Fitness Transformation	booking_completion	\N	\N	22	3	\N
17	2025-06-20 20:35:50.830523+00	2025-06-20 20:35:50.830527+00	400	18.00	72	328	pending	2025-06-22 20:35:50.830394+00	USD	Earnings from booking for ewfef	booking_completion	\N	\N	23	5	\N
18	2025-06-20 20:42:53.119655+00	2025-06-20 20:42:53.119663+00	400	18.00	72	328	pending	2025-06-22 20:42:53.118767+00	USD	Earnings from booking for ewfef	booking_completion	\N	\N	24	5	\N
19	2025-06-20 23:33:13.497451+00	2025-06-20 23:33:13.497467+00	400	18.00	72	328	pending	2025-06-22 23:33:13.497001+00	USD	Earnings from booking for ewfef	booking_completion	\N	\N	25	5	\N
20	2025-06-20 23:34:05.709928+00	2025-06-20 23:34:05.709935+00	500	20.00	100	400	pending	2025-06-22 23:34:05.709677+00	USD	Earnings from booking for eewfewfw	booking_completion	\N	\N	26	5	\N
21	2025-06-20 23:36:11.391003+00	2025-06-20 23:36:11.391013+00	500	20.00	100	400	pending	2025-06-22 23:36:11.390692+00	USD	Earnings from booking for eewfewfw	booking_completion	\N	\N	27	5	\N
22	2025-06-21 00:26:29.573888+00	2025-06-21 00:26:29.573906+00	500	20.00	100	400	pending	2025-06-23 00:26:29.572575+00	USD	Earnings from booking for eewfewfw	booking_completion	\N	\N	28	5	\N
23	2025-06-21 00:28:19.331122+00	2025-06-21 00:28:19.331127+00	500	20.00	100	400	pending	2025-06-23 00:28:19.330966+00	USD	Earnings from booking for eewfewfw	booking_completion	\N	\N	29	5	\N
\.


--
-- Data for Name: payments_order; Type: TABLE DATA; Schema: public; Owner: estuary
--

COPY public.payments_order (id, created_at, updated_at, is_deleted, deleted_at, public_uuid, payment_method, stripe_payment_intent_id, stripe_payment_method_id, subtotal_amount_cents, tax_amount_cents, credits_applied_cents, total_amount_cents, status, order_type, currency, metadata, tax_details, audit_log, practitioner_id, service_id, user_id) FROM stdin;
1	2025-06-20 05:37:38.373692+00	2025-06-20 05:37:38.877324+00	f	\N	f1ee062d-da67-4be7-907b-21bee8431b79	stripe		pm_1RbxO5I79x8ltrHuQnYnEw5J	9961964	0	0	9961964	failed	direct	USD	{"special_requests": "", "payment_method_id": "1"}	{}	[]	5	27	9
2	2025-06-20 05:37:56.022785+00	2025-06-20 05:37:56.344801+00	f	\N	b7809d42-86c2-4352-bd36-e6c52862d63f	stripe		pm_1RbxO5I79x8ltrHuQnYnEw5J	9961964	0	0	9961964	failed	direct	USD	{"special_requests": "", "payment_method_id": "1"}	{}	[]	5	27	9
25	2025-06-20 19:49:55.410605+00	2025-06-20 19:49:56.419921+00	f	\N	3589f0d6-00cd-4677-b625-06afed920e93	stripe	pi_3RcAwhI79x8ltrHu14VAFeNA	pm_1RbxP8I79x8ltrHuNWndvGK3	500	0	0	500	completed	direct	USD	{"special_requests": "", "payment_method_id": "2"}	{}	[]	5	44	9
3	2025-06-20 05:38:33.015558+00	2025-06-20 05:38:34.152011+00	f	\N	35c7e0e8-fbf0-4198-bae0-6af52e682afd	stripe	pi_3RbxenI79x8ltrHu0p7WaQf2	pm_1RbxO5I79x8ltrHuQnYnEw5J	9961964	0	0	9961964	failed	direct	USD	{"special_requests": "", "payment_method_id": "1"}	{}	[]	5	27	9
26	2025-06-20 20:34:42.202881+00	2025-06-20 20:34:43.245309+00	f	\N	16caac22-71a0-4ebc-9b33-7b4a43069209	stripe	pi_3RcBe2I79x8ltrHu0HHMoCar	pm_1RbxP8I79x8ltrHuNWndvGK3	60000	0	0	60000	completed	direct	USD	{"special_requests": "", "payment_method_id": "2"}	{}	[]	3	7	9
4	2025-06-20 05:38:40.992116+00	2025-06-20 05:38:41.959107+00	f	\N	2ab99298-9c46-401d-839e-f6701e0a4e2b	stripe	pi_3RbxevI79x8ltrHu1AAp2lPw	pm_1RbxO5I79x8ltrHuQnYnEw5J	9961964	0	0	9961964	failed	direct	USD	{"special_requests": "", "payment_method_id": "1"}	{}	[]	5	27	9
27	2025-06-20 20:35:49.654252+00	2025-06-20 20:35:50.82009+00	f	\N	d1ed1f38-5b6c-460d-8d96-30b6b84a427f	stripe	pi_3RcBf8I79x8ltrHu0FbIScbr	pm_1RbxP8I79x8ltrHuNWndvGK3	400	0	0	400	completed	direct	USD	{"special_requests": "", "payment_method_id": "2"}	{}	[]	5	30	9
5	2025-06-20 05:39:37.94886+00	2025-06-20 05:39:38.939217+00	f	\N	4387b046-37b6-4ac3-bf9e-3069d3b9c2c7	stripe	pi_3RbxfqI79x8ltrHu0zzeav74	pm_1RbxO5I79x8ltrHuQnYnEw5J	9961964	0	0	9961964	failed	direct	USD	{"special_requests": "", "payment_method_id": "1"}	{}	[]	5	27	9
28	2025-06-20 20:42:52.024282+00	2025-06-20 20:42:53.105011+00	f	\N	a4b8bacc-e15c-4f45-b512-9e476039e12d	stripe	pi_3RcBlwI79x8ltrHu1JuHNzJL	pm_1RbxP8I79x8ltrHuNWndvGK3	400	0	0	400	completed	direct	USD	{"special_requests": "", "payment_method_id": "2"}	{}	[]	5	30	9
6	2025-06-20 05:40:58.894409+00	2025-06-20 05:40:59.902892+00	f	\N	3b53409d-939d-4c6b-a9ec-ebc36cf409b7	stripe	pi_3Rbxh9I79x8ltrHu0T5PeXmR	pm_1RbxO5I79x8ltrHuQnYnEw5J	9961964	0	0	9961964	failed	direct	USD	{"special_requests": "", "payment_method_id": "1"}	{}	[]	5	27	9
7	2025-06-20 05:42:31.58417+00	2025-06-20 05:42:32.71461+00	f	\N	b908a038-635b-4f01-94cf-e5caa98df0a6	stripe	pi_3RbxieI79x8ltrHu0WQiqeRv	pm_1RbxO5I79x8ltrHuQnYnEw5J	9961964	0	0	9961964	failed	direct	USD	{"special_requests": "", "payment_method_id": "1"}	{}	[]	5	27	9
8	2025-06-20 05:44:55.903872+00	2025-06-20 05:44:56.937616+00	f	\N	ee501dd2-0a51-4f5c-8c57-fe2426eaa41a	stripe	pi_3RbxkyI79x8ltrHu12CvFCaB	pm_1RbxO5I79x8ltrHuQnYnEw5J	9961964	0	0	9961964	completed	direct	USD	{"special_requests": "", "payment_method_id": "1"}	{}	[]	5	27	9
9	2025-06-20 05:45:26.354784+00	2025-06-20 05:45:27.334578+00	f	\N	e7d9a1d9-cf0a-4bb0-a3b4-bcb5cec2a5ee	stripe	pi_3RbxlSI79x8ltrHu0i5M28Qz	pm_1RbxP8I79x8ltrHuNWndvGK3	9961964	0	0	9961964	completed	direct	USD	{"special_requests": "", "payment_method_id": "2"}	{}	[]	5	27	9
10	2025-06-20 05:45:35.98789+00	2025-06-20 05:45:36.99251+00	f	\N	a85772b4-3a73-4b91-aa90-36982c65eca7	stripe	pi_3RbxlcI79x8ltrHu131pTqM4	pm_1RbxO5I79x8ltrHuQnYnEw5J	9961964	0	0	9961964	completed	direct	USD	{"special_requests": "", "payment_method_id": "1"}	{}	[]	5	27	9
11	2025-06-20 05:46:01.285308+00	2025-06-20 05:46:02.348059+00	f	\N	8ab41621-3098-42fa-98c2-7f92eb015b4c	stripe	pi_3Rbxm1I79x8ltrHu13AAPEdy	pm_1RbxP8I79x8ltrHuNWndvGK3	9961964	0	0	9961964	completed	direct	USD	{"special_requests": "", "payment_method_id": "2"}	{}	[]	5	27	9
12	2025-06-20 05:47:25.766971+00	2025-06-20 05:47:26.768138+00	f	\N	7ab0bdc1-bc6e-4521-8d5f-4e6e6e0a5fd4	stripe	pi_3RbxnOI79x8ltrHu09GD2YXp	pm_1RbxP8I79x8ltrHuNWndvGK3	400	0	0	400	completed	direct	USD	{"special_requests": "", "payment_method_id": "2"}	{}	[]	5	30	9
13	2025-06-20 05:48:33.665272+00	2025-06-20 05:48:34.60905+00	f	\N	6b97d70e-9106-483c-aec2-0e924bbe90cb	stripe	pi_3RbxoTI79x8ltrHu05a62jWk	pm_1RbxP8I79x8ltrHuNWndvGK3	9961964	0	0	9961964	completed	direct	USD	{"special_requests": "", "payment_method_id": "2"}	{}	[]	5	27	9
14	2025-06-20 05:50:00.335599+00	2025-06-20 05:50:01.306111+00	f	\N	f680b850-ba91-4164-bc1c-4289bc400b8e	stripe	pi_3RbxpsI79x8ltrHu00VRUJPl	pm_1RbxP8I79x8ltrHuNWndvGK3	60000	0	0	60000	completed	direct	USD	{"special_requests": "", "payment_method_id": "2"}	{}	[]	3	7	9
15	2025-06-20 05:50:53.250379+00	2025-06-20 05:50:54.199031+00	f	\N	393c1b67-e3b9-46ce-96a8-1d7c56cdefb0	stripe	pi_3RbxqjI79x8ltrHu1Kg71dET	pm_1RbxP8I79x8ltrHuNWndvGK3	9961964	0	0	9961964	completed	direct	USD	{"special_requests": "", "payment_method_id": "2"}	{}	[]	5	26	9
16	2025-06-20 05:52:22.764242+00	2025-06-20 05:52:23.785464+00	f	\N	4d6b9567-539f-4f9b-bbfd-4c92c49eb2c6	stripe	pi_3RbxsBI79x8ltrHu15lRUjRp	pm_1RbxP8I79x8ltrHuNWndvGK3	4997	0	0	4997	completed	direct	USD	{"special_requests": "", "payment_method_id": "2"}	{}	[]	5	45	9
17	2025-06-20 06:04:14.894091+00	2025-06-20 06:04:15.982392+00	f	\N	59757356-ab2d-457f-899f-54154c749a16	stripe	pi_3Rby3fI79x8ltrHu1M3R0aI6	pm_1RbxP8I79x8ltrHuNWndvGK3	9961964	0	0	9961964	completed	direct	USD	{"special_requests": "", "payment_method_id": "2"}	{}	[]	5	27	9
18	2025-06-20 17:13:45.116026+00	2025-06-20 17:13:46.223985+00	f	\N	5b07b18b-22c0-4516-bd23-5c364bf665e3	stripe	pi_3Rc8VZI79x8ltrHu0QBp1IU9	pm_1RbxP8I79x8ltrHuNWndvGK3	9961964	0	0	9961964	completed	direct	USD	{"special_requests": "", "payment_method_id": "2"}	{}	[]	5	27	9
19	2025-06-20 17:15:17.522257+00	2025-06-20 17:15:18.517355+00	f	\N	4ea3e20a-9bf1-45d7-a850-89bca8ae63b0	stripe	pi_3Rc8X3I79x8ltrHu1fLHhvZm	pm_1RbxP8I79x8ltrHuNWndvGK3	400	0	0	400	failed	direct	USD	{"special_requests": "", "payment_method_id": "2"}	{}	[]	5	30	9
20	2025-06-20 17:26:10.396106+00	2025-06-20 17:26:11.410775+00	f	\N	1a04a8b4-1cf0-48ab-929e-637bbb26effc	stripe	pi_3Rc8haI79x8ltrHu0DvvZEYa	pm_1RbxP8I79x8ltrHuNWndvGK3	400	0	0	400	failed	direct	USD	{"special_requests": "", "payment_method_id": "2"}	{}	[]	5	30	9
21	2025-06-20 17:31:21.241496+00	2025-06-20 17:31:22.404124+00	f	\N	f04a1f3f-bb64-436b-b668-596554aa8450	stripe	pi_3Rc8mbI79x8ltrHu1rNl2InJ	pm_1RbxP8I79x8ltrHuNWndvGK3	400	0	0	400	failed	direct	USD	{"special_requests": "", "payment_method_id": "2"}	{}	[]	5	30	9
22	2025-06-20 17:32:40.678647+00	2025-06-20 17:32:41.890817+00	f	\N	8ac56cc6-45c2-4c39-8aec-63c36b9068d5	stripe	pi_3Rc8ntI79x8ltrHu0a5dHM2A	pm_1RbxP8I79x8ltrHuNWndvGK3	400	0	0	400	completed	direct	USD	{"special_requests": "", "payment_method_id": "2"}	{}	[]	5	30	9
23	2025-06-20 17:51:14.481016+00	2025-06-20 17:51:15.49985+00	f	\N	1f3ad944-ee95-4f8b-985f-f5861a1021d2	stripe	pi_3Rc95qI79x8ltrHu0LblvSkZ	pm_1RbxP8I79x8ltrHuNWndvGK3	60000	0	0	60000	completed	direct	USD	{"special_requests": "", "payment_method_id": "2"}	{}	[]	3	7	9
24	2025-06-20 19:21:26.371857+00	2025-06-20 19:21:27.566898+00	f	\N	81bedbbf-4349-4832-92d0-87a22f41a3f2	stripe	pi_3RcAV8I79x8ltrHu0stGwzFu	pm_1RbxP8I79x8ltrHuNWndvGK3	400	0	0	400	completed	direct	USD	{"special_requests": "", "payment_method_id": "2"}	{}	[]	5	30	9
29	2025-06-20 23:33:12.323038+00	2025-06-20 23:33:13.474208+00	f	\N	f16dd848-3d85-42bf-b195-1c1ca2cfd373	stripe	pi_3RcEQmI79x8ltrHu1F8ryu6n	pm_1RbxP8I79x8ltrHuNWndvGK3	400	0	0	400	completed	direct	USD	{"special_requests": "", "payment_method_id": "2"}	{}	[]	5	30	9
30	2025-06-20 23:34:04.710285+00	2025-06-20 23:34:05.698925+00	f	\N	d9a65afb-c592-4368-a741-a3a17a4f85b9	stripe	pi_3RcERcI79x8ltrHu0nOdOl7w	pm_1RbxP8I79x8ltrHuNWndvGK3	500	0	0	500	completed	direct	USD	{"special_requests": "", "payment_method_id": "2"}	{}	[]	5	44	9
31	2025-06-20 23:36:10.38609+00	2025-06-20 23:36:11.379726+00	f	\N	05a9ea23-f018-4b20-ac28-452d2bcc9731	stripe	pi_3RcETeI79x8ltrHu1I4rOlZS	pm_1RbxP8I79x8ltrHuNWndvGK3	500	0	0	500	completed	direct	USD	{"special_requests": "", "payment_method_id": "2"}	{}	[]	5	44	9
32	2025-06-21 00:26:23.771408+00	2025-06-21 00:26:27.209536+00	f	\N	2ff86e7f-6cbc-40b3-ae1d-0d32d840a1cd	stripe	pi_3RcFGGI79x8ltrHu0IqEsO9t	pm_1RbxP8I79x8ltrHuNWndvGK3	500	0	0	500	completed	direct	USD	{"special_requests": "", "payment_method_id": "2"}	{}	[]	5	44	9
33	2025-06-21 00:28:18.250769+00	2025-06-21 00:28:19.320026+00	f	\N	38be10df-6354-4bbc-b483-0d917a8e667a	stripe	pi_3RcFI6I79x8ltrHu1pDUD2kt	pm_1RbxP8I79x8ltrHuNWndvGK3	500	0	0	500	completed	direct	USD	{"special_requests": "", "payment_method_id": "2"}	{}	[]	5	44	9
\.


--
-- Data for Name: payments_paymentmethod; Type: TABLE DATA; Schema: public; Owner: estuary
--

COPY public.payments_paymentmethod (id, created_at, updated_at, stripe_payment_method_id, brand, last4, exp_month, exp_year, is_default, is_active, metadata, user_id) FROM stdin;
1	2025-06-20 05:21:19.01008+00	2025-06-20 05:47:08.35422+00	pm_1RbxO5I79x8ltrHuQnYnEw5J	visa	4242	4	2044	f	f	{}	9
2	2025-06-20 05:22:24.636152+00	2025-06-20 05:48:31.063142+00	pm_1RbxP8I79x8ltrHuNWndvGK3	visa	4242	4	2026	t	t	{}	9
\.


--
-- Data for Name: payments_practitionerearnings; Type: TABLE DATA; Schema: public; Owner: estuary
--

COPY public.payments_practitionerearnings (id, created_at, updated_at, pending_balance_cents, available_balance_cents, lifetime_earnings_cents, lifetime_payouts_cents, last_payout_date, practitioner_id) FROM stdin;
2	2025-06-20 05:50:01.319171+00	2025-06-20 20:34:43.267878+00	147600	0	147600	0	\N	3
1	2025-06-10 06:16:26.573108+00	2025-06-21 00:28:19.336274+00	67749576	0	67749576	0	\N	5
\.


--
-- Data for Name: payments_practitionerpayout; Type: TABLE DATA; Schema: public; Owner: estuary
--

COPY public.payments_practitionerpayout (id, created_at, payout_date, credits_payout_cents, cash_payout_cents, commission_collected_cents, stripe_account_id, stripe_transfer_id, status, batch_id, currency, notes, payment_method, error_message, transaction_fee_cents, updated_at, practitioner_id, processed_by_id) FROM stdin;
\.


--
-- Data for Name: payments_usercreditbalance; Type: TABLE DATA; Schema: public; Owner: estuary
--

COPY public.payments_usercreditbalance (id, created_at, updated_at, balance_cents, user_id, last_transaction_id) FROM stdin;
1	2025-06-10 04:19:59.224607+00	2025-06-10 04:23:40.986588+00	50000	2	\N
2	2025-06-10 19:08:46.717031+00	2025-06-10 19:08:46.71704+00	0	29	\N
3	2025-06-10 19:09:52.301228+00	2025-06-10 19:09:52.301237+00	0	30	\N
4	2025-06-10 19:12:46.900821+00	2025-06-10 19:12:46.900832+00	0	31	\N
\.


--
-- Data for Name: payments_usercredittransaction; Type: TABLE DATA; Schema: public; Owner: estuary
--

COPY public.payments_usercredittransaction (id, created_at, updated_at, amount_cents, transaction_type, currency, exchange_rate, expires_at, is_expired, description, metadata, booking_id, order_id, practitioner_id, reference_transaction_id, service_id, user_id) FROM stdin;
1	2025-06-10 04:20:45.393591+00	2025-06-10 04:20:45.3936+00	50000	purchase	USD	\N	\N	f	Test credits	{}	\N	\N	\N	\N	\N	2
2	2025-06-10 04:22:28.112063+00	2025-06-10 04:22:28.112079+00	50000	purchase	USD	\N	\N	f	Test credits	{}	\N	\N	\N	\N	\N	2
3	2025-06-10 04:23:40.980666+00	2025-06-10 04:23:40.980674+00	50000	purchase	USD	\N	\N	f	Test credits	{}	\N	\N	\N	\N	\N	2
\.


--
-- Data for Name: practitioner_onboarding_progress; Type: TABLE DATA; Schema: public; Owner: estuary
--

COPY public.practitioner_onboarding_progress (id, status, current_step, steps_completed, stall_reason, rejection_reason, started_at, last_updated, completed_at, practitioner_id) FROM stdin;
fe4f510a-fc26-4999-883b-aba00e1b846e	in_progress	profile_completion	[]	\N	\N	2025-06-10 18:36:37.525955+00	2025-06-10 18:36:37.52653+00	\N	9
8e55de5a-8a96-4b7f-9a24-c3ae39deb0c9	in_progress	profile_completion	["subscription_setup"]	\N	\N	2025-06-10 18:41:47.894871+00	2025-06-10 18:41:47.895464+00	\N	11
3e222ca1-0360-4882-9970-508615502632	in_progress	profile_completion	["subscription_setup"]	\N	\N	2025-06-10 18:42:25.200429+00	2025-06-10 18:42:25.201009+00	\N	12
08b2d1df-c389-4286-8bba-5f06aa8d0fb1	in_progress	profile_completion	["subscription_setup"]	\N	\N	2025-06-10 18:47:39.18691+00	2025-06-10 18:47:39.187731+00	\N	13
1379a438-e02d-497a-97a3-a0583c7fc7a1	in_progress	profile_completion	["subscription_setup"]	\N	\N	2025-06-10 18:50:49.630558+00	2025-06-10 18:50:49.632099+00	\N	14
47d48259-7a1f-4f81-a228-a391e2e257f4	in_progress	profile_completion	["subscription_setup"]	\N	\N	2025-06-10 18:54:17.346959+00	2025-06-10 18:54:17.347611+00	\N	15
83345d45-42b3-4418-b12c-4883ec70e929	in_progress	profile_completion	["subscription_setup"]	\N	\N	2025-06-10 18:56:00.587497+00	2025-06-10 18:56:00.587997+00	\N	16
cf148ded-d014-4f3a-952f-25017140f126	in_progress	profile_completion	["subscription_setup"]	\N	\N	2025-06-10 18:59:37.941013+00	2025-06-10 18:59:37.941593+00	\N	17
a711f6c6-b9cd-46aa-8b07-84a7312b569c	in_progress	profile_completion	["subscription_setup"]	\N	\N	2025-06-10 19:01:04.260334+00	2025-06-10 19:01:04.260897+00	\N	18
57cb6561-ebf9-428b-8235-c2172bb586c6	in_progress	profile_completion	["subscription_setup"]	\N	\N	2025-06-10 19:19:22.763727+00	2025-06-10 19:19:22.764313+00	\N	19
4c24cad5-dc5b-4925-9ee4-509b0e1f64d1	in_progress	profile_completion	["subscription_setup"]	\N	\N	2025-06-10 19:20:54.79752+00	2025-06-10 19:20:54.798412+00	\N	20
fb06ef15-85cf-45ea-9965-fde2782003ff	in_progress	profile_completion	["subscription_setup"]	\N	\N	2025-06-10 19:22:25.157427+00	2025-06-10 19:22:25.158131+00	\N	21
de1b2fcf-1ade-4598-a9ab-c14dbedad758	in_progress	profile_completion	["subscription_setup"]	\N	\N	2025-06-10 19:23:45.180643+00	2025-06-10 19:23:45.181361+00	\N	22
4977de53-25c8-438d-a1c4-bdddfdf0c944	in_progress	profile_completion	["subscription_setup"]	\N	\N	2025-06-10 19:24:24.194302+00	2025-06-10 19:24:24.194895+00	\N	23
1c6a635b-79a1-4cbb-b20a-7ba51edd7a9d	in_progress	profile_completion	["subscription_setup"]	\N	\N	2025-06-10 19:37:47.219973+00	2025-06-10 19:37:47.221087+00	\N	24
bdfd34f0-b15d-4a42-96e4-fcd0a65dfdea	in_progress	profile_completion	["subscription_setup"]	\N	\N	2025-06-10 19:38:33.121458+00	2025-06-10 19:38:33.122527+00	\N	25
fa13baf9-aa64-4e2f-ae47-b31dabfa2750	in_progress	profile_completion	["subscription_setup"]	\N	\N	2025-06-10 19:40:54.864193+00	2025-06-10 19:40:54.865111+00	\N	26
a8b2cb6f-2a1f-442d-8672-70b95e59c283	in_progress	profile_completion	["subscription_setup"]	\N	\N	2025-06-10 19:41:32.964509+00	2025-06-10 19:41:32.965397+00	\N	27
\.


--
-- Data for Name: practitioner_performance; Type: TABLE DATA; Schema: public; Owner: estuary
--

COPY public.practitioner_performance (id, date, profile_views, service_views, bookings_received, bookings_completed, bookings_cancelled, total_earnings, average_rating, reviews_received, practitioner_id) FROM stdin;
\.


--
-- Data for Name: practitioner_subscriptions; Type: TABLE DATA; Schema: public; Owner: estuary
--

COPY public.practitioner_subscriptions (id, status, start_date, end_date, is_annual, stripe_subscription_id, auto_renew, created_at, updated_at, practitioner_id, tier_id) FROM stdin;
2	active	2025-06-10 18:36:37.523009+00	\N	f	\N	t	2025-06-10 18:36:37.523044+00	2025-06-10 18:36:37.523046+00	9	4
3	active	2025-06-10 18:41:47.892827+00	\N	f	\N	t	2025-06-10 18:41:47.892835+00	2025-06-10 18:41:47.892837+00	11	4
4	active	2025-06-10 18:42:25.198564+00	\N	f	\N	t	2025-06-10 18:42:25.198577+00	2025-06-10 18:42:25.198579+00	12	4
5	active	2025-06-10 18:47:39.184785+00	\N	f	\N	t	2025-06-10 18:47:39.184823+00	2025-06-10 18:47:39.184829+00	13	4
6	active	2025-06-10 18:50:49.627092+00	\N	f	\N	t	2025-06-10 18:50:49.627106+00	2025-06-10 18:50:49.627109+00	14	4
7	active	2025-06-10 18:54:17.343661+00	\N	f	\N	t	2025-06-10 18:54:17.343682+00	2025-06-10 18:54:17.34369+00	15	4
8	active	2025-06-10 18:56:00.585012+00	\N	f	\N	t	2025-06-10 18:56:00.585021+00	2025-06-10 18:56:00.585023+00	16	4
9	active	2025-06-10 18:59:37.939569+00	\N	f	\N	t	2025-06-10 18:59:37.939579+00	2025-06-10 18:59:37.939581+00	17	4
10	active	2025-06-10 19:01:04.258236+00	\N	f	\N	t	2025-06-10 19:01:04.258247+00	2025-06-10 19:01:04.258249+00	18	4
11	active	2025-06-10 19:19:22.762057+00	\N	f	\N	t	2025-06-10 19:19:22.762066+00	2025-06-10 19:19:22.762068+00	19	4
12	active	2025-06-10 19:20:54.793666+00	\N	f	\N	t	2025-06-10 19:20:54.793681+00	2025-06-10 19:20:54.793684+00	20	4
13	active	2025-06-10 19:22:25.154978+00	\N	f	\N	t	2025-06-10 19:22:25.154987+00	2025-06-10 19:22:25.154989+00	21	4
14	active	2025-06-10 19:23:45.178852+00	\N	f	\N	t	2025-06-10 19:23:45.178864+00	2025-06-10 19:23:45.178868+00	22	4
15	active	2025-06-10 19:24:24.191863+00	\N	f	\N	t	2025-06-10 19:24:24.191873+00	2025-06-10 19:24:24.191875+00	23	4
16	active	2025-06-10 19:37:47.216801+00	\N	f	\N	t	2025-06-10 19:37:47.216815+00	2025-06-10 19:37:47.216817+00	24	4
17	active	2025-06-10 19:38:33.11917+00	\N	f	\N	t	2025-06-10 19:38:33.119183+00	2025-06-10 19:38:33.119186+00	25	4
18	active	2025-06-10 19:40:54.860575+00	\N	f	\N	t	2025-06-10 19:40:54.860594+00	2025-06-10 19:40:54.860597+00	26	4
19	active	2025-06-10 19:41:32.961212+00	\N	f	\N	t	2025-06-10 19:41:32.961242+00	2025-06-10 19:41:32.961246+00	27	4
\.


--
-- Data for Name: practitioners_clientnote; Type: TABLE DATA; Schema: public; Owner: estuary
--

COPY public.practitioners_clientnote (id, created_at, updated_at, content, client_id, practitioner_id) FROM stdin;
\.


--
-- Data for Name: practitioners_practitioner; Type: TABLE DATA; Schema: public; Owner: estuary
--

COPY public.practitioners_practitioner (id, created_at, updated_at, is_deleted, deleted_at, public_uuid, is_verified, practitioner_status, featured, display_name, professional_title, bio, quote, profile_image_url, profile_video_url, years_of_experience, buffer_time, next_available_date, is_onboarded, onboarding_step, onboarding_completed_at, primary_location_id, user_id, slug) FROM stdin;
2	2025-06-10 04:31:25.338696+00	2025-06-10 04:31:25.338708+00	f	\N	bb780655-a377-4efb-b50d-14e8db28ea21	t	active	f	Dr. Jane Smith	\N	Wellness expert	\N	\N	\N	10	15	\N	f	1	\N	\N	3	dr-jane-smith
3	2025-06-10 04:31:25.343627+00	2025-06-10 04:31:25.343635+00	f	\N	fdb3c0f1-d19a-4061-8c0d-5c4803a56457	t	active	f	John Doe PT	\N	Personal trainer	\N	\N	\N	5	15	\N	f	1	\N	\N	4	john-doe-pt
4	2025-06-10 04:31:25.347065+00	2025-06-10 04:31:25.347072+00	f	\N	dddb89c6-85a0-4098-9311-2486b36a1caa	t	active	f	Sarah Johnson RD	\N	Registered dietitian	\N	\N	\N	8	15	\N	f	1	\N	\N	5	sarah-johnson-rd
1	2025-06-10 04:13:25.872009+00	2025-06-10 04:39:07.842645+00	f	\N	e252274b-0a04-48a8-a8bc-974acf72e1b6	t	active	f	Dr. Jane Smith	Certified Wellness Practitioner	\n            Dr. Jane Smith is a highly experienced wellness practitioner with over 10 years \n            of experience in holistic health and wellness. She specializes in stress management, \n            mindfulness, and integrative health approaches.\n            	Wellness is not a destination, it's a journey.	\N	\N	10	15	\N	f	1	\N	\N	1	dr-jane-smith-1
6	2025-06-10 16:49:00.016306+00	2025-06-10 16:49:00.016321+00	f	\N	94a4c1b0-c6a7-49aa-93d6-94016e794672	t	active	f	Category Test Practitioner	Test Professional	Test practitioner for category testing	\N	\N	\N	\N	15	\N	f	1	\N	\N	10	category-test-practitioner
7	2025-06-10 16:55:46.649671+00	2025-06-10 16:55:46.649679+00	f	\N	1586f417-6764-453d-89af-9c89c22685df	t	active	f	Test Categories Practitioner	Test Professional	Testing practitioner categories	\N	\N	\N	\N	15	\N	f	1	\N	\N	11	test-categories-practitioner
8	2025-06-10 18:02:22.266258+00	2025-06-10 18:02:22.266275+00	f	\N	a2dbdb83-7a89-4514-a343-56e8f767da1a	f	active	f	\N	\N	\N	\N	\N	\N	\N	15	\N	f	1	\N	\N	12	test-practitioner
9	2025-06-10 18:36:37.11862+00	2025-06-10 18:36:37.118631+00	f	\N	1ea516b3-bcd6-4cf0-ad92-8f0890ffafc1	f	active	f	\N	\N	\N	\N	\N	\N	\N	15	\N	f	1	\N	\N	13	test-practitioner-1
10	2025-06-10 18:40:58.237468+00	2025-06-10 18:40:58.237482+00	f	\N	edbaf381-80bc-44cb-ad2b-9403244db43f	f	active	f	\N	\N	\N	\N	\N	\N	\N	15	\N	f	1	\N	\N	14	test-practitioner-2
11	2025-06-10 18:41:47.518603+00	2025-06-10 18:41:47.518613+00	f	\N	77a770b2-20ba-43f1-b353-c2c4ffd59310	f	active	f	\N	\N	\N	\N	\N	\N	\N	15	\N	f	1	\N	\N	15	test-practitioner-3
12	2025-06-10 18:42:24.785651+00	2025-06-10 18:42:24.785663+00	f	\N	fd6cbf79-d3b7-4fae-a1eb-ad6dcf178a20	f	active	f	\N	\N	\N	\N	\N	\N	\N	15	\N	f	1	\N	\N	16	test-practitioner-4
13	2025-06-10 18:47:38.762938+00	2025-06-10 18:47:38.762949+00	f	\N	90cc9998-c8b7-4e46-b607-0c5d6030ba17	f	active	f	\N	\N	\N	\N	\N	\N	\N	15	\N	f	1	\N	\N	17	test-practitioner-5
14	2025-06-10 18:50:49.238658+00	2025-06-10 18:50:49.23867+00	f	\N	8af1a909-ea4b-4884-b08c-bb7bcd67fcd1	f	active	f	\N	\N	\N	\N	\N	\N	\N	15	\N	f	1	\N	\N	19	test-practitioner-6
15	2025-06-10 18:54:16.95747+00	2025-06-10 18:54:16.957482+00	f	\N	3b799550-180b-48d1-995a-09aca931a5b6	f	active	f	\N	\N	\N	\N	\N	\N	\N	15	\N	f	1	\N	\N	21	test-practitioner-7
16	2025-06-10 18:56:00.153429+00	2025-06-10 18:56:00.153438+00	f	\N	00ab34df-0331-4336-a90a-bf4068055076	f	active	f	Test Practitioner	\N	\N	\N	\N	\N	\N	15	\N	f	1	\N	\N	23	test-practitioner-8
17	2025-06-10 18:59:37.554231+00	2025-06-10 18:59:37.554241+00	f	\N	0d2a48bf-8f10-40ba-81b9-b5f9212544a2	f	active	f	Test Practitioner	\N	\N	\N	\N	\N	\N	15	\N	f	1	\N	\N	25	test-practitioner-9
18	2025-06-10 19:01:03.598313+00	2025-06-10 19:01:03.598323+00	f	\N	e8cb7be7-a4ec-451b-852c-0c0338ef4d37	f	active	f	Test Practitioner	\N	\N	\N	\N	\N	\N	15	\N	f	1	\N	\N	27	test-practitioner-10
19	2025-06-10 19:19:22.344215+00	2025-06-10 19:19:22.344236+00	f	\N	77a0f255-d0a8-47e1-b9ec-876c7e1b6453	f	active	f	Test Practitioner	\N	\N	\N	\N	\N	\N	15	\N	f	1	\N	\N	32	test-practitioner-11
20	2025-06-10 19:20:54.402126+00	2025-06-10 19:20:54.402151+00	f	\N	516f80e6-e49f-424a-9bad-37c2508b2f45	f	active	f	Test Practitioner	\N	\N	\N	\N	\N	\N	15	\N	f	1	\N	\N	34	test-practitioner-12
21	2025-06-10 19:22:24.766253+00	2025-06-10 19:22:24.766275+00	f	\N	03c57e22-3754-45b8-90de-08c484b8ea71	f	active	f	Test Practitioner	\N	\N	\N	\N	\N	\N	15	\N	f	1	\N	\N	36	test-practitioner-13
5	2025-06-10 04:31:25.350073+00	2025-06-21 03:14:10.91686+00	f	\N	9c6c0926-1b58-4530-a46f-f1ed638549b9	t	active	f	Mike Wilson LMT	test	Licensed matestssage therapist	test	\N	\N	12	15	\N	f	1	\N	\N	9	mike-wilson-lmt
22	2025-06-10 19:23:44.778223+00	2025-06-10 19:23:44.778236+00	f	\N	a5a4855f-6b4d-414e-afa4-ccde586bb56b	f	active	f	Test Practitioner	\N	\N	\N	\N	\N	\N	15	\N	f	1	\N	\N	38	test-practitioner-14
23	2025-06-10 19:24:23.804642+00	2025-06-10 19:24:23.804655+00	f	\N	bcafb7b2-0791-4f79-a1d1-7121b1190df6	t	active	f	Test Practitioner	\N	\N	\N	\N	\N	\N	15	\N	f	1	\N	\N	40	test-practitioner-15
24	2025-06-10 19:37:46.604743+00	2025-06-10 19:37:46.604757+00	f	\N	91231a7d-d1e7-4c91-b210-657439fe1dad	t	active	f	Test Practitioner	\N	\N	\N	\N	\N	\N	15	\N	f	1	\N	\N	42	test-practitioner-16
25	2025-06-10 19:38:32.693373+00	2025-06-10 19:38:32.693384+00	f	\N	764192b8-c7cf-4462-a704-8ee7621f6a53	t	active	f	Test Practitioner	\N	\N	\N	\N	\N	\N	15	\N	f	1	\N	\N	44	test-practitioner-17
26	2025-06-10 19:40:54.491051+00	2025-06-10 19:40:54.49106+00	f	\N	3699bf76-b153-498d-947d-cac2dc85e09f	t	active	f	Test Practitioner	\N	\N	\N	\N	\N	\N	15	\N	f	1	\N	\N	46	test-practitioner-18
27	2025-06-10 19:41:32.584311+00	2025-06-10 19:41:32.584328+00	f	\N	2ce5f03b-0b66-4e95-a035-610cf4e74493	t	active	f	Test Practitioner	\N	\N	\N	\N	\N	\N	15	\N	f	1	\N	\N	48	test-practitioner-19
28	2025-06-17 22:05:46.849394+00	2025-06-17 22:05:46.849398+00	f	\N	7e0899e9-904f-434d-85b6-0dde86ba0076	t	active	f	Practitioner1 Test	\N	Test practitioner #1	\N	\N	\N	\N	15	\N	f	1	\N	\N	65	practitioner1-test
29	2025-06-17 22:05:46.976475+00	2025-06-17 22:05:46.97648+00	f	\N	4d0436a0-7b47-4aae-b12a-8d1139418287	t	active	f	Practitioner2 Test	\N	Test practitioner #2	\N	\N	\N	\N	15	\N	f	1	\N	\N	66	practitioner2-test
30	2025-06-17 22:05:47.100501+00	2025-06-17 22:05:47.100507+00	f	\N	ea102957-3c6d-4348-a8a5-17c6945c0ac2	t	active	f	Practitioner3 Test	\N	Test practitioner #3	\N	\N	\N	\N	15	\N	f	1	\N	\N	67	practitioner3-test
31	2025-06-17 22:05:47.290231+00	2025-06-17 22:05:47.290235+00	f	\N	753d57f9-10d5-4101-9f37-4299eaa3418f	t	active	f	Practitioner4 Test	\N	Test practitioner #4	\N	\N	\N	\N	15	\N	f	1	\N	\N	68	practitioner4-test
32	2025-06-17 22:05:47.414764+00	2025-06-17 22:05:47.414767+00	f	\N	a5022e89-5421-417d-b969-21336e83c70a	t	active	f	Practitioner5 Test	\N	Test practitioner #5	\N	\N	\N	\N	15	\N	f	1	\N	\N	69	practitioner5-test
\.


--
-- Data for Name: practitioners_practitioner_certifications; Type: TABLE DATA; Schema: public; Owner: estuary
--

COPY public.practitioners_practitioner_certifications (id, practitioner_id, certification_id) FROM stdin;
1	1	1
2	1	2
5	5	3
6	5	4
\.


--
-- Data for Name: practitioners_practitioner_educations; Type: TABLE DATA; Schema: public; Owner: estuary
--

COPY public.practitioners_practitioner_educations (id, practitioner_id, education_id) FROM stdin;
1	1	1
2	1	2
5	5	3
6	5	4
\.


--
-- Data for Name: practitioners_practitioner_modalities; Type: TABLE DATA; Schema: public; Owner: estuary
--

COPY public.practitioners_practitioner_modalities (id, practitioner_id, modality_id) FROM stdin;
1	2	1
2	3	10
3	3	5
7	4	10
8	4	4
9	4	7
10	1	8
11	1	9
12	1	7
13	5	2
14	5	4
15	5	6
\.


--
-- Data for Name: practitioners_practitioner_questions; Type: TABLE DATA; Schema: public; Owner: estuary
--

COPY public.practitioners_practitioner_questions (id, practitioner_id, question_id) FROM stdin;
1	5	1
2	5	2
3	5	3
\.


--
-- Data for Name: practitioners_practitioner_specializations; Type: TABLE DATA; Schema: public; Owner: estuary
--

COPY public.practitioners_practitioner_specializations (id, practitioner_id, specialize_id) FROM stdin;
1	2	1
2	2	4
3	3	2
4	3	6
7	4	9
8	4	3
9	1	10
10	1	3
11	1	5
12	5	9
13	5	4
14	5	6
\.


--
-- Data for Name: practitioners_practitioner_styles; Type: TABLE DATA; Schema: public; Owner: estuary
--

COPY public.practitioners_practitioner_styles (id, practitioner_id, style_id) FROM stdin;
1	2	3
2	3	3
4	4	1
5	4	3
6	1	1
7	1	3
8	5	4
9	5	5
\.


--
-- Data for Name: practitioners_practitioner_topics; Type: TABLE DATA; Schema: public; Owner: estuary
--

COPY public.practitioners_practitioner_topics (id, practitioner_id, topic_id) FROM stdin;
1	2	9
2	2	10
3	2	6
4	2	7
5	3	1
6	3	10
7	3	3
8	3	6
10	5	2
12	4	8
13	4	9
14	4	2
15	4	1
16	1	8
17	1	1
18	1	10
19	5	5
\.


--
-- Data for Name: practitioners_schedule; Type: TABLE DATA; Schema: public; Owner: estuary
--

COPY public.practitioners_schedule (id, created_at, updated_at, name, is_default, timezone, description, is_active, practitioner_id) FROM stdin;
1	2025-06-10 04:14:46.868714+00	2025-06-10 04:14:46.868725+00	Default Schedule	t	America/Los_Angeles	\N	t	1
3	2025-06-18 02:54:25.47185+00	2025-06-18 03:13:04.819205+00	dvsdsdv	t	America/New_York		t	5
2	2025-06-18 02:53:56.383262+00	2025-06-18 03:15:22.379228+00	name	f	America/New_York	name	t	5
4	2025-06-19 18:09:33.366804+00	2025-06-19 18:09:33.366819+00	wef	f	America/New_York	wef	t	5
\.


--
-- Data for Name: practitioners_schedulepreference; Type: TABLE DATA; Schema: public; Owner: estuary
--

COPY public.practitioners_schedulepreference (id, created_at, updated_at, timezone, holidays, respect_holidays, advance_booking_min_hours, advance_booking_max_days, is_active, auto_accept_bookings, country_id, practitioner_id) FROM stdin;
\.


--
-- Data for Name: practitioners_scheduletimeslot; Type: TABLE DATA; Schema: public; Owner: estuary
--

COPY public.practitioners_scheduletimeslot (id, created_at, updated_at, day, start_time, end_time, is_active, schedule_id) FROM stdin;
1	2025-06-10 04:14:46.874385+00	2025-06-10 04:14:46.874392+00	0	09:00:00	17:00:00	t	1
2	2025-06-10 04:14:46.875958+00	2025-06-10 04:14:46.875964+00	1	09:00:00	17:00:00	t	1
3	2025-06-10 04:14:46.876925+00	2025-06-10 04:14:46.876932+00	2	09:00:00	17:00:00	t	1
4	2025-06-10 04:14:46.877863+00	2025-06-10 04:14:46.877869+00	3	09:00:00	17:00:00	t	1
5	2025-06-10 04:14:46.878793+00	2025-06-10 04:14:46.878803+00	4	09:00:00	17:00:00	t	1
6	2025-06-18 02:53:56.385884+00	2025-06-18 02:53:56.385893+00	0	09:00:00	17:00:00	t	2
7	2025-06-18 02:53:56.389861+00	2025-06-18 02:53:56.389872+00	1	09:00:00	17:00:00	t	2
8	2025-06-18 02:53:56.390272+00	2025-06-18 02:53:56.390277+00	0	09:00:00	17:00:00	t	2
9	2025-06-18 02:54:25.472651+00	2025-06-18 02:54:25.472662+00	0	09:00:00	17:00:00	t	3
10	2025-06-18 02:54:25.473498+00	2025-06-18 02:54:25.473506+00	1	09:00:00	17:00:00	t	3
11	2025-06-18 03:03:00.382789+00	2025-06-18 03:03:00.382803+00	4	09:00:00	17:00:00	t	2
12	2025-06-18 03:03:00.442483+00	2025-06-18 03:03:00.442494+00	5	09:00:00	17:00:00	t	2
13	2025-06-18 03:03:00.502907+00	2025-06-18 03:03:00.502932+00	6	09:00:00	17:00:00	t	2
14	2025-06-18 03:15:22.497107+00	2025-06-18 03:15:22.497129+00	6	11:45:00	12:30:00	t	2
15	2025-06-19 18:09:33.370865+00	2025-06-19 18:09:33.370873+00	1	09:00:00	17:00:00	t	4
\.


--
-- Data for Name: practitioners_serviceschedule; Type: TABLE DATA; Schema: public; Owner: estuary
--

COPY public.practitioners_serviceschedule (id, created_at, updated_at, day, start_time, end_time, is_active, practitioner_id, service_id) FROM stdin;
\.


--
-- Data for Name: questions; Type: TABLE DATA; Schema: public; Owner: estuary
--

COPY public.questions (id, created_at, updated_at, title, "order") FROM stdin;
1	2025-06-20 00:41:39.87712+00	2025-06-20 00:42:33.708743+00	ff	1
2	2025-06-20 00:41:43.440687+00	2025-06-20 00:42:33.782586+00	vdssv	1
3	2025-06-20 00:49:21.031584+00	2025-06-20 00:49:21.031597+00	kk	3
\.


--
-- Data for Name: reviews_review; Type: TABLE DATA; Schema: public; Owner: estuary
--

COPY public.reviews_review (id, created_at, updated_at, is_deleted, deleted_at, public_uuid, rating, comment, is_anonymous, is_verified, is_published, helpful_votes, unhelpful_votes, reported_count, booking_id, practitioner_id, service_id, user_id, response_text, response_date) FROM stdin;
1	2025-06-10 04:32:02.319869+00	2025-06-10 04:32:02.319882+00	f	\N	cd43b201-6cb3-436f-87ad-c5d1a4858616	4.00	Great Holistic Wellness Consultation experience!	f	t	t	0	0	0	\N	2	4	7		\N
2	2025-06-10 04:32:02.331117+00	2025-06-10 04:32:02.331125+00	f	\N	645d5367-48e5-4ab0-810e-edc991ccff4c	5.00	Great Stress Management Workshop experience!	f	t	t	0	0	0	\N	2	5	7		\N
3	2025-06-10 04:32:02.335216+00	2025-06-10 04:32:02.335223+00	f	\N	01d17655-d020-441d-93f1-3a49061c36bd	4.00	Great Personal Training Session experience!	f	t	t	0	0	0	\N	3	6	7		\N
4	2025-06-10 04:32:02.339245+00	2025-06-10 04:32:02.339252+00	f	\N	679f2b2e-0aac-4466-857b-51118b57340b	5.00	Great 6-Week Fitness Transformation experience!	f	t	t	0	0	0	\N	3	7	7		\N
5	2025-06-10 04:38:29.612402+00	2025-06-10 04:38:29.612408+00	f	\N	c2d67417-63d3-4dc8-b9a8-d7614f2d2865	5.00	Dr. Smith is amazing! She really helped me manage my stress.	f	t	t	0	0	0	\N	1	\N	8		\N
\.


--
-- Data for Name: reviews_reviewanswer; Type: TABLE DATA; Schema: public; Owner: estuary
--

COPY public.reviews_reviewanswer (id, created_at, updated_at, rating_answer, text_answer, boolean_answer, review_id, question_id) FROM stdin;
\.


--
-- Data for Name: reviews_reviewquestion; Type: TABLE DATA; Schema: public; Owner: estuary
--

COPY public.reviews_reviewquestion (id, created_at, updated_at, question, description, is_required, question_type, "order", is_active, applies_to) FROM stdin;
\.


--
-- Data for Name: reviews_reviewreport; Type: TABLE DATA; Schema: public; Owner: estuary
--

COPY public.reviews_reviewreport (id, created_at, updated_at, reason, details, is_resolved, resolved_at, resolution_notes, resolved_by_id, review_id, user_id) FROM stdin;
\.


--
-- Data for Name: reviews_reviewvote; Type: TABLE DATA; Schema: public; Owner: estuary
--

COPY public.reviews_reviewvote (id, created_at, updated_at, is_helpful, review_id, user_id) FROM stdin;
\.


--
-- Data for Name: rooms_room; Type: TABLE DATA; Schema: public; Owner: estuary
--

COPY public.rooms_room (id, created_at, updated_at, is_deleted, deleted_at, public_uuid, name, room_type, status, livekit_room_sid, livekit_room_name, empty_timeout, max_participants, recording_enabled, recording_status, recording_id, sip_enabled, dial_in_number, dial_in_pin, scheduled_start, scheduled_end, actual_start, actual_end, current_participants, peak_participants, metadata, total_duration_seconds, total_participants, booking_id, service_session_id, template_id) FROM stdin;
\.


--
-- Data for Name: rooms_roombookingrelation; Type: TABLE DATA; Schema: public; Owner: estuary
--

COPY public.rooms_roombookingrelation (id, created_at, updated_at, booking_id, room_id) FROM stdin;
\.


--
-- Data for Name: rooms_roomparticipant; Type: TABLE DATA; Schema: public; Owner: estuary
--

COPY public.rooms_roomparticipant (id, created_at, updated_at, identity, participant_sid, role, permissions, joined_at, left_at, duration_seconds, connection_quality, ip_address, user_agent, is_presenter, is_recording_participant, is_dial_in, messages_sent, video_enabled_duration, audio_enabled_duration, screen_share_duration, room_id, user_id) FROM stdin;
\.


--
-- Data for Name: rooms_roomrecording; Type: TABLE DATA; Schema: public; Owner: estuary
--

COPY public.rooms_roomrecording (id, created_at, updated_at, recording_id, egress_id, status, started_at, ended_at, duration_seconds, file_url, file_size_bytes, file_format, storage_provider, storage_bucket, storage_key, is_processed, processed_at, thumbnail_url, is_public, access_expires_at, metadata, room_id) FROM stdin;
\.


--
-- Data for Name: rooms_roomtemplate; Type: TABLE DATA; Schema: public; Owner: estuary
--

COPY public.rooms_roomtemplate (id, created_at, updated_at, name, description, room_type, empty_timeout, max_participants, video_codec, audio_codec, recording_enabled, recording_audio_only, recording_output_format, streaming_enabled, rtmp_outputs, sip_enabled, sip_trunk_id, sip_dispatch_rule_id, webhook_url, default_permissions, is_default, is_active) FROM stdin;
\.


--
-- Data for Name: rooms_roomtoken; Type: TABLE DATA; Schema: public; Owner: estuary
--

COPY public.rooms_roomtoken (id, created_at, updated_at, token, identity, role, expires_at, is_used, used_at, is_revoked, revoked_at, permissions, ip_address, user_agent, participant_id, room_id, user_id) FROM stdin;
\.


--
-- Data for Name: rooms_videotoken; Type: TABLE DATA; Schema: public; Owner: estuary
--

COPY public.rooms_videotoken (id, created_at, updated_at, token, role, permissions, expires_at, is_used, is_revoked, booking_id, room_id, user_id) FROM stdin;
\.


--
-- Data for Name: schedule_availabilities; Type: TABLE DATA; Schema: public; Owner: estuary
--

COPY public.schedule_availabilities (id, created_at, updated_at, start_time, end_time, date, day, is_active, practitioner_id, service_schedule_id) FROM stdin;
\.


--
-- Data for Name: search_analytics; Type: TABLE DATA; Schema: public; Owner: estuary
--

COPY public.search_analytics (id, query_text, filters_applied, results_count, clicked_results, conversion, search_date, session_id, user_id) FROM stdin;
\.


--
-- Data for Name: search_logs; Type: TABLE DATA; Schema: public; Owner: estuary
--

COPY public.search_logs (id, session_id, query, search_type, filters, location, result_count, clicked_position, created_at, ip_address, user_agent, user_id) FROM stdin;
\.


--
-- Data for Name: service_analytics; Type: TABLE DATA; Schema: public; Owner: estuary
--

COPY public.service_analytics (id, date, views, bookings, cancellations, total_revenue, average_rating, service_id) FROM stdin;
\.


--
-- Data for Name: service_benefits; Type: TABLE DATA; Schema: public; Owner: estuary
--

COPY public.service_benefits (id, title, description, icon, "order", created_at, updated_at, service_id, session_id) FROM stdin;
\.


--
-- Data for Name: service_relationships; Type: TABLE DATA; Schema: public; Owner: estuary
--

COPY public.service_relationships (id, quantity, "order", discount_percentage, is_required, description_override, created_at, updated_at, child_service_id, parent_service_id) FROM stdin;
13	1	0	0.00	t	\N	2025-06-19 18:31:42.74039+00	2025-06-19 18:31:42.740396+00	37	46
16	1	0	0.00	t	\N	2025-06-19 18:36:25.126468+00	2025-06-19 18:36:25.126475+00	26	31
\.


--
-- Data for Name: service_sessions; Type: TABLE DATA; Schema: public; Owner: estuary
--

COPY public.service_sessions (id, title, description, start_time, end_time, duration, max_participants, current_participants, sequence_number, price_cents, status, created_at, updated_at, agenda, what_youll_learn, address_id, room_id, service_id) FROM stdin;
1	\N	\N	2025-06-17 14:00:00+00	2025-06-17 16:00:00+00	120	20	0	1	\N	scheduled	2025-06-10 04:15:19.93897+00	2025-06-10 04:15:19.938974+00	\N	\N	\N	\N	2
2	\N	\N	2025-06-24 14:00:00+00	2025-06-24 16:00:00+00	120	20	0	2	\N	scheduled	2025-06-10 04:15:19.944915+00	2025-06-10 04:15:19.944919+00	\N	\N	\N	\N	2
3	\N	\N	2025-07-01 14:00:00+00	2025-07-01 16:00:00+00	120	20	0	3	\N	scheduled	2025-06-10 04:15:19.945977+00	2025-06-10 04:15:19.945979+00	\N	\N	\N	\N	2
10	wefwe	f	2025-06-21 16:00:00+00	2025-06-21 17:00:00+00	60	1	0	1	\N	scheduled	2025-06-19 18:19:23.667472+00	2025-06-19 18:19:23.667482+00	\N	\N	\N	\N	44
11	wefewfewfwef	wefwefew	2025-06-28 16:00:00+00	2025-06-28 17:00:00+00	60	1	0	2	\N	scheduled	2025-06-19 18:19:23.66924+00	2025-06-19 18:19:23.669244+00	\N	\N	\N	\N	44
12	fwefwe	fwefewfef	2025-07-04 16:00:00+00	2025-07-04 17:00:00+00	60	1	0	3	\N	scheduled	2025-06-19 18:19:23.670331+00	2025-06-19 18:19:23.670334+00	\N	\N	\N	\N	44
13	Week 1	\N	2025-06-27 16:00:00+00	2025-06-27 17:00:00+00	60	1	0	1	\N	scheduled	2025-06-19 18:38:39.821191+00	2025-06-19 18:38:39.821199+00	\N	\N	\N	\N	30
14	Week 2	\N	2025-07-04 16:00:00+00	2025-07-04 17:00:00+00	60	1	0	2	\N	scheduled	2025-06-19 18:38:39.824524+00	2025-06-19 18:38:39.824529+00	\N	\N	\N	\N	30
15	Week 3	\N	2025-07-11 16:00:00+00	2025-07-11 17:00:00+00	60	1	0	3	\N	scheduled	2025-06-19 18:38:39.825771+00	2025-06-19 18:38:39.825775+00	\N	\N	\N	\N	30
16	Week 4	\N	2025-07-18 16:00:00+00	2025-07-18 17:00:00+00	60	1	0	4	\N	scheduled	2025-06-19 18:38:39.82664+00	2025-06-19 18:38:39.826642+00	\N	\N	\N	\N	30
\.


--
-- Data for Name: service_type_commissions; Type: TABLE DATA; Schema: public; Owner: estuary
--

COPY public.service_type_commissions (id, base_rate, description, is_active, created_at, updated_at, service_type_id) FROM stdin;
1	15.00	Standard commission for in-person sessions	t	2025-06-10 17:30:50.063525+00	2025-06-10 17:30:50.063531+00	6
2	12.00	Reduced commission for online sessions	t	2025-06-10 17:30:50.065272+00	2025-06-10 17:30:50.065281+00	7
3	20.00	Higher commission for workshops due to platform marketing	t	2025-06-10 17:30:50.066777+00	2025-06-10 17:30:50.066782+00	2
4	18.00	Commission for multi-session courses	t	2025-06-10 17:30:50.068309+00	2025-06-10 17:30:50.068314+00	3
5	15.00	Commission for service packages	t	2025-06-10 17:30:50.069837+00	2025-06-10 17:30:50.069841+00	4
\.


--
-- Data for Name: service_views; Type: TABLE DATA; Schema: public; Owner: estuary
--

COPY public.service_views (id, session_id, viewed_at, referrer, search_query, duration_seconds, service_id, user_id) FROM stdin;
\.


--
-- Data for Name: services_practitionerservicecategory; Type: TABLE DATA; Schema: public; Owner: estuary
--

COPY public.services_practitionerservicecategory (id, created_at, updated_at, name, slug, description, icon, is_active, "order", color, practitioner_id) FROM stdin;
10	2025-06-10 16:55:46.865244+00	2025-06-10 16:55:46.865254+00	Group Sessions	group-sessions	\N	groups	t	0	#FF9800	7
9	2025-06-10 16:55:46.857054+00	2025-06-10 16:55:46.857064+00	Wellness Programs	wellness-programs	\N	spa	t	1	#2196F3	7
8	2025-06-10 16:55:46.844715+00	2025-06-10 16:55:47.22397+00	Premium Therapeutic Services	premium-therapeutic-services	Our premium therapeutic offerings	healing	t	2	#8BC34A	7
11	2025-06-18 02:07:33.823907+00	2025-06-18 02:07:33.823937+00	efewf	efewf		\N	t	0	#3B82F6	5
12	2025-06-18 02:11:20.874649+00	2025-06-18 02:11:20.874693+00	efeqfef	efeqfef	ewfewf	\N	t	0	#3B82F6	5
13	2025-06-18 02:11:55.348832+00	2025-06-18 02:11:55.348843+00	vwev	vwev	ewve	\N	t	0	#3B82F6	5
14	2025-06-18 02:15:53.566335+00	2025-06-18 02:15:53.566377+00	fwefwefwefew	fwefwefwefew	wefewfwf	\N	t	0	#3B82F6	5
\.


--
-- Data for Name: services_service; Type: TABLE DATA; Schema: public; Owner: estuary
--

COPY public.services_service (id, created_at, updated_at, is_deleted, deleted_at, public_uuid, name, description, short_description, price_cents, duration_minutes, max_participants, min_participants, experience_level, age_min, age_max, location_type, what_youll_learn, prerequisites, includes, tags, is_active, is_featured, is_public, status, published_at, validity_days, is_transferable, is_shareable, sessions_included, bonus_sessions, max_per_customer, available_from, available_until, highlight_text, terms_conditions, address_id, primary_practitioner_id, category_id, service_type_id, practitioner_category_id, image, schedule_id, slug) FROM stdin;
34	2025-06-18 03:58:04.411093+00	2025-06-18 03:58:04.411114+00	f	\N	d4541fa9-d661-4f67-96c8-5db1bbeb0d6d	Untitled Service			0	60	1	1	all_levels	\N	\N	virtual			\N	\N	f	f	f	draft	\N	365	f	f	\N	0	\N	\N	\N	\N	\N	\N	5	\N	1	\N		\N	untitled-service-5
43	2025-06-18 04:37:17.782531+00	2025-06-18 04:37:17.782563+00	f	\N	33a30b3d-dcc5-4245-b9cb-5a21dc46bfbd	2rr	ewrfweewrewrwerre	ewrfweewrewrwerre	44400	60	1	1	all_levels	\N	\N	virtual			\N	\N	f	f	f	draft	\N	365	f	f	\N	0	\N	\N	\N	\N	\N	\N	5	4	1	14		\N	2rr
42	2025-06-18 04:18:13.815275+00	2025-06-18 04:18:13.815291+00	f	\N	fce86f6d-e086-43bc-85f5-63243d70461d	fefwef	wefewffweff	wefewffweff	0	60	1	1	all_levels	\N	\N	virtual			\N	\N	f	f	f	draft	\N	365	f	f	\N	0	\N	\N	\N	\N	\N	\N	5	3	1	14		\N	fefwef
41	2025-06-18 04:15:02.937506+00	2025-06-18 04:15:21.605076+00	f	\N	bb98c8be-9927-42f2-a0c8-02517a4a1230	gggeasg	fffffffffff	fffffffffff	0	60	1	1	all_levels	\N	\N	virtual			\N	\N	f	f	f	draft	\N	365	f	f	10	0	\N	\N	\N	\N	\N	\N	5	4	2	14		\N	gggeasg
40	2025-06-18 04:12:49.122928+00	2025-06-19 17:37:01.19559+00	f	\N	f2b0946c-adb7-4388-bced-0c159518799b	jkjk	kjkjjjjjjjjj	kjkjjjjjjjjj	10000	30	1	1	all_levels	5	6	virtual	f	fff	\N	["dsff"]	f	f	f	active	\N	365	f	f	\N	0	5	2025-06-21 07:00:00+00	2025-06-27 07:00:00+00	\N	3fr3f	\N	5	3	1	11		3	jkjk
39	2025-06-18 04:00:23.45174+00	2025-06-18 04:00:23.451812+00	f	\N	cea71476-ebac-4b2d-ad48-c217bda5750d	Untitled Service			0	60	1	1	all_levels	\N	\N	virtual			\N	\N	f	f	f	draft	\N	365	f	f	\N	0	\N	\N	\N	\N	\N	\N	5	\N	1	\N		\N	untitled-service
38	2025-06-18 03:59:34.263364+00	2025-06-18 03:59:34.263428+00	f	\N	04db2389-4208-42a7-8b31-3a565ce3e257	Untitled Service			0	60	1	1	all_levels	\N	\N	virtual			\N	\N	f	f	f	draft	\N	365	f	f	\N	0	\N	\N	\N	\N	\N	\N	5	\N	1	\N		\N	untitled-service-1
37	2025-06-18 03:59:34.262001+00	2025-06-18 03:59:34.262012+00	f	\N	095f2a2a-70c2-4af7-b143-7874d55dd948	Untitled Service			0	60	1	1	all_levels	\N	\N	virtual			\N	\N	f	f	f	draft	\N	365	f	f	\N	0	\N	\N	\N	\N	\N	\N	5	\N	1	\N		\N	untitled-service-2
36	2025-06-18 03:58:57.919856+00	2025-06-18 03:58:57.919892+00	f	\N	64aee6fb-59ce-4ab9-a93e-7c8ba67d3a29	Untitled Service			0	60	1	1	all_levels	\N	\N	virtual			\N	\N	f	f	f	draft	\N	365	f	f	\N	0	\N	\N	\N	\N	\N	\N	5	\N	1	\N		\N	untitled-service-3
35	2025-06-18 03:58:04.411728+00	2025-06-18 03:58:04.411734+00	f	\N	4ce8c369-c734-45b3-a547-9b00d00ffa95	Untitled Service			0	60	1	1	all_levels	\N	\N	virtual			\N	\N	f	f	f	draft	\N	365	f	f	\N	0	\N	\N	\N	\N	\N	\N	5	\N	1	\N		\N	untitled-service-4
33	2025-06-18 03:57:47.344364+00	2025-06-18 03:57:47.344373+00	f	\N	04364b59-ab0a-4126-9de1-8b8b3553df46	Untitled Service			0	60	1	1	all_levels	\N	\N	virtual			\N	\N	f	f	f	draft	\N	365	f	f	\N	0	\N	\N	\N	\N	\N	\N	5	\N	1	\N		\N	untitled-service-6
32	2025-06-18 03:57:47.343797+00	2025-06-18 03:57:47.343813+00	f	\N	d5406d04-32b7-49f3-9227-b1fca4a31e09	Untitled Service			0	60	1	1	all_levels	\N	\N	virtual			\N	\N	f	f	f	draft	\N	365	f	f	\N	0	\N	\N	\N	\N	\N	\N	5	\N	1	\N		\N	untitled-service-7
31	2025-06-18 02:46:30.762016+00	2025-06-19 18:36:25.123478+00	f	\N	19a55e19-c655-40c4-bbed-47bc4877202d	r23r23r	23r23r		500	60	1	1	all_levels	\N	\N	virtual			{}	[]	t	f	t	draft	\N	90	f	f	93	0	1	\N	\N		rwefwegf	\N	5	2	5	12		\N	r23r23r
46	2025-06-19 17:47:59.669488+00	2025-06-20 17:33:34.012044+00	f	\N	02b7521a-04a5-4a21-ad52-959510e659f5	package	efwefefwef	efwefefwef	400	60	1	1	all_levels	\N	\N	virtual			\N	\N	t	f	t	active	\N	365	f	f	\N	0	\N	\N	\N	\N	\N	\N	5	3	4	\N		\N	package
45	2025-06-19 02:08:21.90273+00	2025-06-19 02:10:24.21236+00	f	\N	0eda41fc-6844-4b69-a30b-bd96e26ac896	test	wefwefewfwef	wefwefewfwef	4997	60	1	1	all_levels	\N	\N	virtual			\N	["d", "h", "j"]	t	f	t	active	\N	365	f	f	\N	0	\N	\N	\N	\N	\N	\N	5	2	1	12		\N	test
44	2025-06-18 18:44:35.423271+00	2025-06-20 19:23:25.989245+00	f	\N	6051304a-482c-4b9e-b008-959aff03cbf0	eewfewfw	efrweewfwefewwefewfe	efrweewfwefewwef	500	60	1	1	all_levels	\N	\N	virtual	fwefewf\nwefe	efewfewf	{"text": "", "benefits": [{"id": "1750355107046", "order": 0, "title": "d", "description": "d"}], "agenda_items": [{"id": "1750355120730", "order": 0, "title": "edfd", "description": "ewf", "duration_minutes": 3}]}	["vevwef", "wef", "fewf"]	t	f	t	active	\N	365	f	f	\N	0	\N	\N	\N	\N	\N	\N	5	2	2	14		\N	eewfewfw
30	2025-06-18 02:34:19.042921+00	2025-06-19 18:40:09.626563+00	f	\N	5db43391-5c46-4e2f-85c2-b46ca2d80642	ewfef	wefwef	kk	400	60	1	1	all_levels	\N	\N	virtual			{}	[]	t	f	t	active	\N	90	f	f	10	0	\N	\N	\N			\N	5	4	3	\N		\N	ewfef
29	2025-06-17 23:52:30.5359+00	2025-06-18 02:42:43.423155+00	f	\N	1b67e982-4091-41f6-a15e-89ff7031eb79	wefewf	ewfewf		500	60	1	1	all_levels	\N	\N	virtual	wer\newr	\N	\N	[]	t	f	t	active	\N	90	f	f	10	0	\N	\N	\N	\N	\N	\N	5	\N	1	\N		\N	wefewf
28	2025-06-17 21:57:10.869722+00	2025-06-18 02:43:16.261177+00	f	\N	dbb55e58-f043-42bb-b429-dc8bb6ba6c23	test	string	string	9961964	2147483647	2147483647	2147483647	beginner	2147483647	2147483647	virtual	string	string	"string"	"string"	f	t	f	draft	\N	2147483647	t	t	2147483647	2147483647	2147483647	2025-06-17 21:55:20.779+00	2025-06-17 21:55:20.779+00	string	string	\N	5	\N	1	\N		\N	test-1
27	2025-06-17 21:57:03.981306+00	2025-06-18 02:42:59.787887+00	f	\N	6ca24120-864e-40f3-98cf-a618d07e6f8c	string	string	string	9961964	2147483647	2147483647	2147483647	beginner	2147483647	2147483647	virtual	string	string	"string"	"string"	t	t	t	active	\N	2147483647	t	t	2147483647	2147483647	2147483647	2025-06-17 21:55:20.779+00	2025-06-17 21:55:20.779+00	string	string	\N	5	\N	1	\N		\N	string
26	2025-06-17 21:57:02.772034+00	2025-06-18 02:42:56.105987+00	f	\N	3d2d239f-aa3f-4a06-a262-29591867d8e8	string	string	string	9961964	2147483647	2147483647	2147483647	beginner	2147483647	2147483647	virtual	string	string	"string"	"string"	t	t	t	active	\N	2147483647	t	t	2147483647	2147483647	2147483647	2025-06-17 21:55:20.779+00	2025-06-17 21:55:20.779+00	string	string	\N	5	\N	1	\N		\N	string-1
25	2025-06-17 21:56:48.257672+00	2025-06-18 02:43:22.038131+00	f	\N	399498da-8229-4b86-a0ad-d390a52d0c47	string	string	string	9961964	2147483647	2147483647	2147483647	beginner	2147483647	2147483647	virtual	string	string	"string"	"string"	t	t	t	active	\N	2147483647	t	t	2147483647	2147483647	2147483647	2025-06-17 21:55:20.779+00	2025-06-17 21:55:20.779+00	string	string	\N	5	\N	1	\N		\N	string-2
24	2025-06-10 19:41:33.066707+00	2025-06-10 19:41:33.066719+00	f	\N	47ded233-2030-4dd6-9461-e3b493f51926	Test Virtual Therapy Session	A test virtual therapy session for integration testing	\N	7500	60	1	1	all_levels	\N	\N	virtual	\N	\N	\N	\N	t	f	t	published	2025-06-10 19:41:33.066283+00	365	f	f	\N	0	\N	\N	\N	\N	\N	\N	27	\N	6	\N	\N	\N	test-virtual-therapy-session
23	2025-06-10 19:40:54.963802+00	2025-06-10 19:40:54.963809+00	f	\N	49b005ab-09dc-4c6d-b475-63f37b3c008b	Test Virtual Therapy Session	A test virtual therapy session for integration testing	\N	7500	60	1	1	all_levels	\N	\N	virtual	\N	\N	\N	\N	t	f	t	published	2025-06-10 19:40:54.963451+00	365	f	f	\N	0	\N	\N	\N	\N	\N	\N	26	\N	6	\N	\N	\N	test-virtual-therapy-session-1
22	2025-06-10 19:38:33.221011+00	2025-06-10 19:38:33.221017+00	f	\N	efeabed6-b503-4fa6-8009-5dac825f85cd	Test Virtual Therapy Session	A test virtual therapy session for integration testing	\N	7500	60	1	1	all_levels	\N	\N	virtual	\N	\N	\N	\N	t	f	t	published	2025-06-10 19:38:33.220753+00	365	f	f	\N	0	\N	\N	\N	\N	\N	\N	25	\N	6	\N	\N	\N	test-virtual-therapy-session-2
21	2025-06-10 19:37:47.320491+00	2025-06-10 19:37:47.320501+00	f	\N	10fdfa32-1844-4d7d-a092-3b5daed349c2	Test Virtual Therapy Session	A test virtual therapy session for integration testing	\N	7500	60	1	1	all_levels	\N	\N	virtual	\N	\N	\N	\N	t	f	t	published	2025-06-10 19:37:47.320164+00	365	f	f	\N	0	\N	\N	\N	\N	\N	\N	24	\N	6	\N	\N	\N	test-virtual-therapy-session-3
20	2025-06-10 19:24:24.296289+00	2025-06-10 19:24:24.296301+00	f	\N	10ae14a6-45dd-4528-ae5f-2de6d24cd56d	Test Therapy Session	A test therapy session for integration testing	\N	7500	60	1	1	all_levels	\N	\N	virtual	\N	\N	\N	\N	t	f	t	published	2025-06-10 19:24:24.2959+00	365	f	f	\N	0	\N	\N	\N	\N	\N	\N	23	\N	6	\N	\N	\N	test-therapy-session
19	2025-06-10 19:23:45.280889+00	2025-06-10 19:23:45.280895+00	f	\N	5a3eb690-de29-4459-aa3f-d8f087b6d8af	Test Therapy Session	A test therapy session for integration testing	\N	7500	60	1	1	all_levels	\N	\N	virtual	\N	\N	\N	\N	t	f	t	published	2025-06-10 19:23:45.28054+00	365	f	f	\N	0	\N	\N	\N	\N	\N	\N	22	\N	6	\N	\N	\N	test-therapy-session-1
18	2025-06-10 19:22:25.263027+00	2025-06-10 19:22:25.263039+00	f	\N	8a06fa64-b8e2-421b-9c10-5b282ae6dad3	Test Therapy Session	A test therapy session for integration testing	\N	7500	60	1	1	all_levels	\N	\N	virtual	\N	\N	\N	\N	t	f	t	published	2025-06-10 19:22:25.262621+00	365	f	f	\N	0	\N	\N	\N	\N	\N	\N	21	\N	6	\N	\N	\N	test-therapy-session-2
17	2025-06-10 19:20:54.905571+00	2025-06-10 19:20:54.905583+00	f	\N	580f3648-7b20-4f4e-92a8-64418d998b08	Test Therapy Session	A test therapy session for integration testing	\N	7500	60	1	1	all_levels	\N	\N	virtual	\N	\N	\N	\N	t	f	t	published	2025-06-10 19:20:54.905114+00	365	f	f	\N	0	\N	\N	\N	\N	\N	\N	20	\N	6	\N	\N	\N	test-therapy-session-3
16	2025-06-10 19:19:22.86244+00	2025-06-10 19:19:22.862447+00	f	\N	6fe32fd1-6479-42b4-b2fc-2ad36db62665	Test Therapy Session	A test therapy session for integration testing	\N	7500	60	1	1	all_levels	\N	\N	virtual	\N	\N	\N	\N	t	f	t	published	2025-06-10 19:19:22.862101+00	365	f	f	\N	0	\N	\N	\N	\N	\N	\N	19	\N	6	\N	\N	\N	test-therapy-session-4
15	2025-06-10 19:01:04.360652+00	2025-06-10 19:01:04.360659+00	f	\N	22e53c75-13f4-41ab-8123-ea948e0ce20a	Test Therapy Session	A test therapy session for integration testing	\N	7500	60	1	1	all_levels	\N	\N	virtual	\N	\N	\N	\N	t	f	t	published	2025-06-10 19:01:04.360368+00	365	f	f	\N	0	\N	\N	\N	\N	\N	\N	18	\N	6	\N	\N	\N	test-therapy-session-5
14	2025-06-10 18:59:38.039317+00	2025-06-10 18:59:38.039327+00	f	\N	9f5a9f7b-fa2b-4cfa-adfa-9864418edaf0	Test Therapy Session	A test therapy session for integration testing	\N	7500	60	1	1	all_levels	\N	\N	virtual	\N	\N	\N	\N	t	f	t	published	2025-06-10 18:59:38.038977+00	365	f	f	\N	0	\N	\N	\N	\N	\N	\N	17	\N	6	\N	\N	\N	test-therapy-session-6
13	2025-06-10 18:56:00.701355+00	2025-06-10 18:56:00.701372+00	f	\N	68a6cd50-bb6f-45a8-b5e3-fce1afee03ce	Test Therapy Session	A test therapy session for integration testing	\N	7500	60	1	1	all_levels	\N	\N	virtual	\N	\N	\N	\N	t	f	t	published	2025-06-10 18:56:00.700641+00	365	f	f	\N	0	\N	\N	\N	\N	\N	\N	16	\N	5	\N	\N	\N	test-therapy-session-7
12	2025-06-10 18:54:17.449527+00	2025-06-10 18:54:17.449535+00	f	\N	9d41b803-7895-4ade-bfbb-e6143bb29f3c	Test Therapy Session	A test therapy session for integration testing	\N	7500	60	1	1	all_levels	\N	\N	virtual	\N	\N	\N	\N	t	f	t	published	2025-06-10 18:54:17.449181+00	365	f	f	\N	0	\N	\N	\N	\N	\N	\N	15	\N	5	\N	\N	\N	test-therapy-session-8
11	2025-06-10 04:31:25.369085+00	2025-06-18 02:42:53.517823+00	f	\N	03994043-9136-45e4-b19a-533f5dc0777d	Swedish Relaxation Massage	Professional swedish relaxation massage service	\N	9000	60	1	1	all_levels	\N	\N	virtual	\N	\N	\N	\N	t	f	t	active	\N	365	f	f	\N	0	\N	\N	\N	\N	\N	\N	5	3	1	\N		\N	swedish-relaxation-massage
10	2025-06-10 04:31:25.366996+00	2025-06-18 02:42:40.529052+00	f	\N	e2ea514f-55f0-460a-9318-55f2e1c63042	Deep Tissue Massage	Professional deep tissue massage service	\N	10000	60	1	1	all_levels	\N	\N	virtual	\N	\N	\N	\N	t	t	t	active	\N	365	f	f	\N	0	\N	\N	\N	\N	\N	\N	5	3	1	\N		\N	deep-tissue-massage
9	2025-06-10 04:31:25.364853+00	2025-06-10 04:31:25.364861+00	f	\N	227c94de-edbf-4f2b-81ef-cfd2b61b392a	Healthy Meal Prep Workshop	Professional healthy meal prep workshop service	\N	6000	180	20	1	all_levels	\N	\N	virtual	\N	\N	\N	\N	t	f	t	published	\N	365	f	f	\N	0	\N	\N	\N	\N	\N	\N	4	4	2	\N	\N	\N	healthy-meal-prep-workshop
8	2025-06-10 04:31:25.363074+00	2025-06-10 04:31:25.363083+00	f	\N	3f9fdd46-17a6-4dfa-b456-cf959d5c41d8	Nutritional Assessment	Professional nutritional assessment service	\N	15000	90	1	1	all_levels	\N	\N	virtual	\N	\N	\N	\N	t	f	t	published	\N	365	f	f	\N	0	\N	\N	\N	\N	\N	\N	4	4	1	\N	\N	\N	nutritional-assessment
7	2025-06-10 04:31:25.361464+00	2025-06-10 04:31:25.361472+00	f	\N	a5dd826b-4c33-4c7d-975f-696d5f518a3b	6-Week Fitness Transformation	Professional 6-week fitness transformation service	\N	60000	90	20	1	all_levels	\N	\N	virtual	\N	\N	\N	\N	t	t	t	published	\N	365	f	f	\N	0	\N	\N	\N	\N	\N	\N	3	2	3	\N	\N	\N	6-week-fitness-transformation
6	2025-06-10 04:31:25.359729+00	2025-06-10 04:31:25.359735+00	f	\N	844f6fcb-a723-41f5-aa44-4ca3c3040923	Personal Training Session	Professional personal training session service	\N	8000	60	1	1	all_levels	\N	\N	virtual	\N	\N	\N	\N	t	t	t	published	\N	365	f	f	\N	0	\N	\N	\N	\N	\N	\N	3	2	1	\N	\N	\N	personal-training-session
5	2025-06-10 04:31:25.357968+00	2025-06-10 04:31:25.357977+00	f	\N	50be395c-de03-4b53-9591-2c0c19055808	Stress Management Workshop	Professional stress management workshop service	\N	8000	120	20	1	all_levels	\N	\N	virtual	\N	\N	\N	\N	t	f	t	published	\N	365	f	f	\N	0	\N	\N	\N	\N	\N	\N	2	1	2	\N	\N	\N	stress-management-workshop
4	2025-06-10 04:31:25.355435+00	2025-06-10 04:31:25.355449+00	f	\N	333194f0-928b-4e0c-af3c-624f062f0c01	Holistic Wellness Consultation	Professional holistic wellness consultation service	\N	12000	60	1	1	all_levels	\N	\N	virtual	\N	\N	\N	\N	t	t	t	published	\N	365	f	f	\N	0	\N	\N	\N	\N	\N	\N	2	1	1	\N	\N	\N	holistic-wellness-consultation
3	2025-06-10 04:14:46.915872+00	2025-06-10 04:14:46.915876+00	f	\N	b6ce8855-3fe2-4989-a2ff-d2707f60ac21	8-Week Wellness Journey	Test 8-Week Wellness Journey	\N	40000	90	15	1	all_levels	\N	\N	virtual	\N	\N	\N	\N	t	f	t	published	\N	365	f	f	\N	0	\N	\N	\N	\N	\N	\N	1	1	3	\N	\N	\N	8-week-wellness-journey
2	2025-06-10 04:14:46.913994+00	2025-06-10 04:14:46.914+00	f	\N	9ec603e2-94b3-4496-a924-a241419d788a	Mindfulness Workshop	Test Mindfulness Workshop	\N	5000	120	20	1	all_levels	\N	\N	virtual	\N	\N	\N	\N	t	f	t	published	\N	365	f	f	\N	0	\N	\N	\N	\N	\N	\N	1	1	2	\N	\N	\N	mindfulness-workshop
1	2025-06-10 04:14:46.911188+00	2025-06-10 04:14:46.911197+00	f	\N	ca9b54bc-c5b3-4a10-a468-3f77db2b900d	60-Minute Wellness Consultation	Test 60-Minute Wellness Consultation	\N	10000	60	1	1	all_levels	\N	\N	virtual	\N	\N	\N	\N	t	f	t	published	\N	365	f	f	\N	0	\N	\N	\N	\N	\N	\N	1	1	1	\N	\N	\N	60-minute-wellness-consultation
\.


--
-- Data for Name: services_service_languages; Type: TABLE DATA; Schema: public; Owner: estuary
--

COPY public.services_service_languages (id, service_id, language_id) FROM stdin;
\.


--
-- Data for Name: services_servicecategory; Type: TABLE DATA; Schema: public; Owner: estuary
--

COPY public.services_servicecategory (id, created_at, updated_at, name, slug, description, icon, is_active, is_featured, "order") FROM stdin;
1	2025-06-10 04:14:46.888479+00	2025-06-10 04:14:46.888483+00	Wellness	wellness	Wellness and health services	\N	t	f	0
2	2025-06-10 04:31:25.317193+00	2025-06-10 04:31:25.317237+00	Fitness	fitness	Physical fitness and training	\N	t	f	0
3	2025-06-10 04:31:25.321355+00	2025-06-10 04:31:25.321366+00	Therapy	therapy	Therapeutic services	\N	t	f	0
4	2025-06-10 04:31:25.323175+00	2025-06-10 04:31:25.323182+00	Nutrition	nutrition	Nutritional counseling	\N	t	f	0
\.


--
-- Data for Name: services_servicepractitioner; Type: TABLE DATA; Schema: public; Owner: estuary
--

COPY public.services_servicepractitioner (id, is_primary, role, revenue_share_percentage, created_at, updated_at, practitioner_id, service_id) FROM stdin;
1	t	\N	100.00	2025-06-17 21:56:48.268552+00	2025-06-17 21:56:48.268558+00	5	25
2	t	\N	100.00	2025-06-17 21:57:02.774221+00	2025-06-17 21:57:02.774227+00	5	26
3	t	\N	100.00	2025-06-17 21:57:03.982564+00	2025-06-17 21:57:03.982567+00	5	27
4	t	\N	100.00	2025-06-17 21:57:10.871014+00	2025-06-17 21:57:10.871018+00	5	28
5	t	\N	100.00	2025-06-17 23:52:30.542739+00	2025-06-17 23:52:30.542782+00	5	29
6	t	\N	100.00	2025-06-18 02:34:19.046122+00	2025-06-18 02:34:19.046128+00	5	30
7	t	\N	100.00	2025-06-18 02:46:30.764297+00	2025-06-18 02:46:30.764302+00	5	31
8	t	\N	100.00	2025-06-18 03:57:47.346859+00	2025-06-18 03:57:47.346865+00	5	33
9	t	\N	100.00	2025-06-18 03:57:47.34706+00	2025-06-18 03:57:47.347065+00	5	32
10	t	\N	100.00	2025-06-18 03:58:04.413094+00	2025-06-18 03:58:04.413098+00	5	34
11	t	\N	100.00	2025-06-18 03:58:04.413308+00	2025-06-18 03:58:04.413311+00	5	35
12	t	\N	100.00	2025-06-18 03:58:57.922349+00	2025-06-18 03:58:57.922357+00	5	36
14	t	\N	100.00	2025-06-18 03:59:34.266329+00	2025-06-18 03:59:34.266335+00	5	38
13	t	\N	100.00	2025-06-18 03:59:34.265575+00	2025-06-18 03:59:34.26566+00	5	37
15	t	\N	100.00	2025-06-18 04:00:23.455313+00	2025-06-18 04:00:23.455327+00	5	39
16	t	\N	100.00	2025-06-18 04:12:49.125642+00	2025-06-18 04:12:49.125646+00	5	40
17	t	\N	100.00	2025-06-18 04:15:02.940344+00	2025-06-18 04:15:02.940353+00	5	41
18	t	\N	100.00	2025-06-18 04:18:13.817956+00	2025-06-18 04:18:13.817964+00	5	42
19	t	\N	100.00	2025-06-18 04:37:17.786288+00	2025-06-18 04:37:17.7863+00	5	43
20	t	\N	100.00	2025-06-18 18:44:35.427733+00	2025-06-18 18:44:35.427742+00	5	44
21	t	\N	100.00	2025-06-19 02:08:21.907846+00	2025-06-19 02:08:21.907853+00	5	45
22	t	\N	100.00	2025-06-19 17:47:59.677258+00	2025-06-19 17:47:59.677266+00	5	46
\.


--
-- Data for Name: services_serviceresource; Type: TABLE DATA; Schema: public; Owner: estuary
--

COPY public.services_serviceresource (id, created_at, updated_at, title, description, resource_type, attachment_level, content, file_url, external_url, file_name, file_size, file_type, duration_seconds, access_level, is_downloadable, available_from, available_until, "order", is_featured, tags, personal_note, view_count, download_count, booking_id, service_id, uploaded_by_id, service_session_id) FROM stdin;
\.


--
-- Data for Name: services_serviceresourceaccess; Type: TABLE DATA; Schema: public; Owner: estuary
--

COPY public.services_serviceresourceaccess (id, created_at, updated_at, accessed_at, action, resource_id, user_id) FROM stdin;
\.


--
-- Data for Name: services_servicetype; Type: TABLE DATA; Schema: public; Owner: estuary
--

COPY public.services_servicetype (id, created_at, updated_at, name, code, description, is_active, "order", category_id) FROM stdin;
1	2025-06-10 04:14:46.883037+00	2025-06-10 04:14:46.883041+00	Individual Session	session	One-on-one service	t	0	\N
2	2025-06-10 04:14:46.884269+00	2025-06-10 04:14:46.884273+00	Workshop	workshop	Group workshop	t	0	\N
3	2025-06-10 04:14:46.88504+00	2025-06-10 04:14:46.885044+00	Course	course	Multi-session course	t	0	\N
4	2025-06-10 04:14:46.885733+00	2025-06-10 04:14:46.885737+00	Package	package	Service package	t	0	\N
5	2025-06-10 04:14:46.886326+00	2025-06-10 04:14:46.88633+00	Bundle	bundle	Service bundle	t	0	\N
6	2025-06-10 17:30:50.059289+00	2025-06-10 17:30:50.059297+00	In-Person Session	in-person_session	Description for In-Person Session	t	0	\N
7	2025-06-10 17:30:50.060507+00	2025-06-10 17:30:50.060512+00	Online Session	online_session	Description for Online Session	t	0	\N
\.


--
-- Data for Name: session_agenda_items; Type: TABLE DATA; Schema: public; Owner: estuary
--

COPY public.session_agenda_items (id, title, description, start_time, end_time, "order", service_id, session_id) FROM stdin;
\.


--
-- Data for Name: session_participants; Type: TABLE DATA; Schema: public; Owner: estuary
--

COPY public.session_participants (id, attendance_status, check_in_time, check_out_time, booking_id, session_id, user_id) FROM stdin;
\.


--
-- Data for Name: specializations; Type: TABLE DATA; Schema: public; Owner: estuary
--

COPY public.specializations (id, content) FROM stdin;
1	Stress Management
2	Pain Relief
3	Anxiety & Depression
4	Sleep Disorders
5	Weight Management
6	Chronic Illness Support
7	Trauma Recovery
8	Addiction Recovery
9	Sports Performance
10	Women's Health
\.


--
-- Data for Name: streams_livestream; Type: TABLE DATA; Schema: public; Owner: estuary
--

COPY public.streams_livestream (id, created_at, updated_at, is_deleted, deleted_at, public_uuid, title, description, status, tier_level, is_public, scheduled_start, scheduled_end, actual_start, actual_end, allow_chat, allow_reactions, record_stream, current_viewers, peak_viewers, total_viewers, unique_viewers, chat_message_count, reaction_count, thumbnail_url, tags, practitioner_id, room_id, stream_id) FROM stdin;
\.


--
-- Data for Name: streams_livestreamanalytics; Type: TABLE DATA; Schema: public; Owner: estuary
--

COPY public.streams_livestreamanalytics (id, created_at, updated_at, total_viewers, unique_viewers, peak_concurrent_viewers, average_view_duration_seconds, total_chat_messages, total_reactions, unique_chatters, free_tier_viewers, entry_tier_viewers, premium_tier_viewers, non_subscriber_viewers, viewer_countries, viewer_devices, tips_received_cents, computed_at, live_stream_id) FROM stdin;
\.


--
-- Data for Name: streams_livestreamviewer; Type: TABLE DATA; Schema: public; Owner: estuary
--

COPY public.streams_livestreamviewer (id, created_at, updated_at, joined_at, left_at, duration_seconds, chat_messages_sent, reactions_sent, ip_address, user_agent, live_stream_id, user_id) FROM stdin;
\.


--
-- Data for Name: streams_stream; Type: TABLE DATA; Schema: public; Owner: estuary
--

COPY public.streams_stream (id, created_at, updated_at, is_deleted, deleted_at, public_uuid, title, tagline, description, about, cover_image_url, profile_image_url, intro_video_url, tags, free_tier_name, entry_tier_name, premium_tier_name, entry_tier_price_cents, premium_tier_price_cents, free_tier_description, entry_tier_description, premium_tier_description, free_tier_perks, entry_tier_perks, premium_tier_perks, is_active, is_featured, allow_comments, allow_dms, allow_tips, preview_post_count, watermark_media, subscriber_count, free_subscriber_count, paid_subscriber_count, post_count, total_revenue_cents, commission_rate, launched_at, practitioner_id) FROM stdin;
\.


--
-- Data for Name: streams_stream_categories; Type: TABLE DATA; Schema: public; Owner: estuary
--

COPY public.streams_stream_categories (id, stream_id, streamcategory_id) FROM stdin;
\.


--
-- Data for Name: streams_streamanalytics; Type: TABLE DATA; Schema: public; Owner: estuary
--

COPY public.streams_streamanalytics (id, created_at, updated_at, date, total_subscribers, free_subscribers, entry_subscribers, premium_subscribers, new_subscribers, churned_subscribers, upgraded_subscribers, downgraded_subscribers, posts_published, total_views, unique_viewers, total_likes, total_comments, subscription_revenue_cents, tips_revenue_cents, total_revenue_cents, commission_paid_cents, net_revenue_cents, stream_id) FROM stdin;
\.


--
-- Data for Name: streams_streamcategory; Type: TABLE DATA; Schema: public; Owner: estuary
--

COPY public.streams_streamcategory (id, created_at, updated_at, name, slug, description, icon, is_active, "order") FROM stdin;
1	2025-06-10 05:45:40.64806+00	2025-06-10 05:45:40.64807+00	Wellness	wellness	Health and wellness content	\N	t	0
2	2025-06-10 05:45:40.651877+00	2025-06-10 05:45:40.651885+00	Meditation	meditation	Meditation and mindfulness	\N	t	0
3	2025-06-10 05:45:40.652907+00	2025-06-10 05:45:40.652912+00	Yoga	yoga	Yoga instruction and practice	\N	t	0
4	2025-06-10 05:45:40.653833+00	2025-06-10 05:45:40.653839+00	Nutrition	nutrition	Nutrition and diet guidance	\N	t	0
\.


--
-- Data for Name: streams_streampost; Type: TABLE DATA; Schema: public; Owner: estuary
--

COPY public.streams_streampost (id, created_at, updated_at, is_deleted, deleted_at, public_uuid, title, content, post_type, tier_level, teaser_text, blur_preview, is_published, published_at, is_pinned, expires_at, view_count, unique_view_count, like_count, comment_count, share_count, allow_comments, allow_tips, poll_options, poll_ends_at, poll_allows_multiple, tags, stream_id) FROM stdin;
\.


--
-- Data for Name: streams_streampostcomment; Type: TABLE DATA; Schema: public; Owner: estuary
--

COPY public.streams_streampostcomment (id, created_at, updated_at, content, is_pinned, is_hidden, is_reported, like_count, parent_comment_id, post_id, user_id) FROM stdin;
\.


--
-- Data for Name: streams_streampostlike; Type: TABLE DATA; Schema: public; Owner: estuary
--

COPY public.streams_streampostlike (id, created_at, updated_at, post_id, user_id) FROM stdin;
\.


--
-- Data for Name: streams_streampostmedia; Type: TABLE DATA; Schema: public; Owner: estuary
--

COPY public.streams_streampostmedia (id, created_at, updated_at, media_type, media_url, thumbnail_url, filename, file_size, duration_seconds, width, height, "order", caption, alt_text, is_processed, processing_error, post_id) FROM stdin;
\.


--
-- Data for Name: streams_streampostview; Type: TABLE DATA; Schema: public; Owner: estuary
--

COPY public.streams_streampostview (id, created_at, updated_at, ip_address, user_agent, referrer, duration_seconds, post_id, user_id) FROM stdin;
\.


--
-- Data for Name: streams_streamschedule; Type: TABLE DATA; Schema: public; Owner: estuary
--

COPY public.streams_streamschedule (id, created_at, updated_at, title, description, recurrence_rule, duration_minutes, tier_level, is_active, auto_create_days_ahead, next_occurrence, stream_id) FROM stdin;
\.


--
-- Data for Name: streams_streamsubscription; Type: TABLE DATA; Schema: public; Owner: estuary
--

COPY public.streams_streamsubscription (id, created_at, updated_at, tier, status, started_at, current_period_start, current_period_end, canceled_at, ends_at, stripe_subscription_id, stripe_customer_id, previous_tier, tier_changed_at, last_viewed_at, total_tips_cents, notify_new_posts, notify_live_streams, stream_id, user_id) FROM stdin;
\.


--
-- Data for Name: streams_streamtip; Type: TABLE DATA; Schema: public; Owner: estuary
--

COPY public.streams_streamtip (id, created_at, updated_at, is_deleted, deleted_at, public_uuid, amount_cents, message, is_anonymous, stripe_payment_intent_id, status, commission_rate, commission_amount_cents, net_amount_cents, post_id, stream_id, user_id) FROM stdin;
\.


--
-- Data for Name: styles; Type: TABLE DATA; Schema: public; Owner: estuary
--

COPY public.styles (id, content) FROM stdin;
1	Gentle & Nurturing
2	Dynamic & Energetic
3	Mindful & Meditative
4	Results-Oriented
5	Holistic & Integrative
6	Traditional & Classical
7	Modern & Scientific
8	Spiritual & Intuitive
9	Practical & Grounded
10	Therapeutic & Healing
\.


--
-- Data for Name: subscription_tiers; Type: TABLE DATA; Schema: public; Owner: estuary
--

COPY public.subscription_tiers (id, created_at, updated_at, name, description, monthly_price, annual_price, features, is_active, "order", stripe_product_id, stripe_monthly_price_id, stripe_annual_price_id) FROM stdin;
1	2025-06-10 17:30:50.049834+00	2025-06-10 17:40:42.599021+00	Basic	Perfect for practitioners just starting out	29.99	299.90	{"analytics": false, "max_staff": 0, "api_access": false, "video_rooms": true, "max_services": 5, "max_locations": 1, "bulk_operations": false, "community_posts": true, "custom_branding": false, "priority_support": false, "advanced_scheduling": false, "commission_discount": 0, "max_monthly_bookings": 50}	t	1	prod_STT4WyP49qSO0E	price_1RYW8OI79x8ltrHuEHOgGivo	price_1RYW8OI79x8ltrHunuOHS2Ks
2	2025-06-10 17:30:50.05603+00	2025-06-10 17:40:42.605027+00	Professional	For established practitioners growing their practice	79.99	799.90	{"analytics": true, "max_staff": 2, "api_access": false, "video_rooms": true, "max_services": 20, "max_locations": 3, "bulk_operations": true, "community_posts": true, "custom_branding": false, "priority_support": false, "advanced_scheduling": true, "commission_discount": 5, "max_monthly_bookings": 200}	t	2	prod_STT46b0b4Rg7uU	price_1RYW8PI79x8ltrHuC8BUpoZk	price_1RYW8PI79x8ltrHuspXJ5HXS
3	2025-06-10 17:30:50.057247+00	2025-06-10 17:40:42.606405+00	Premium	For high-volume practitioners who need it all	149.99	1499.90	{"analytics": true, "max_staff": -1, "api_access": true, "video_rooms": true, "max_services": -1, "max_locations": -1, "bulk_operations": true, "community_posts": true, "custom_branding": true, "priority_support": true, "advanced_scheduling": true, "commission_discount": 10, "max_monthly_bookings": -1}	t	3	prod_STT4GwjTG2Uuyk	price_1RYW8PI79x8ltrHuGmZnJais	price_1RYW8PI79x8ltrHuafwE0be7
4	2025-06-10 17:33:59.737379+00	2025-06-10 17:38:51.579236+00	Free	Get started with basic features and pay as you grow	0.00	0.00	{"analytics": false, "max_staff": 0, "api_access": false, "video_rooms": true, "max_services": 2, "max_locations": 1, "bulk_operations": false, "commission_rate": 20, "community_posts": true, "custom_branding": false, "priority_support": false, "advanced_scheduling": false, "max_monthly_bookings": 20}	t	0	prod_STT4NMIFc8fzOU	price_1RYW8NI79x8ltrHupHAxnBUP	price_1RYW8NI79x8ltrHuJgngyKUh
5	2025-06-10 17:33:59.740674+00	2025-06-10 17:38:52.13607+00	Entry	Perfect for growing practices with regular clients	29.00	290.00	{"analytics": true, "max_staff": 2, "api_access": false, "video_rooms": true, "max_services": 20, "max_locations": 3, "bulk_operations": true, "commission_rate": 15, "community_posts": true, "custom_branding": false, "priority_support": false, "advanced_scheduling": true, "max_monthly_bookings": 200}	t	1	prod_STT4EIo9AMmPOK	price_1RYW8NI79x8ltrHuIUbOAVV7	price_1RYW8OI79x8ltrHu5jEwYrYS
\.


--
-- Data for Name: tier_commission_adjustments; Type: TABLE DATA; Schema: public; Owner: estuary
--

COPY public.tier_commission_adjustments (id, adjustment_percentage, is_active, created_at, updated_at, service_type_commission_id, tier_id) FROM stdin;
1	-2.00	t	2025-06-10 17:30:50.074138+00	2025-06-10 17:30:50.074143+00	1	2
2	-2.00	t	2025-06-10 17:30:50.076585+00	2025-06-10 17:30:50.07659+00	2	2
3	-3.00	t	2025-06-10 17:30:50.078616+00	2025-06-10 17:30:50.078621+00	3	2
4	-5.00	t	2025-06-10 17:30:50.08029+00	2025-06-10 17:30:50.080297+00	1	3
5	-4.00	t	2025-06-10 17:30:50.081809+00	2025-06-10 17:30:50.081814+00	2	3
6	-7.00	t	2025-06-10 17:30:50.083531+00	2025-06-10 17:30:50.083537+00	3	3
7	-5.00	t	2025-06-10 17:30:50.086179+00	2025-06-10 17:30:50.086184+00	4	3
8	-5.00	t	2025-06-10 17:30:50.088836+00	2025-06-10 17:30:50.088841+00	5	3
\.


--
-- Data for Name: token_blacklist_blacklistedtoken; Type: TABLE DATA; Schema: public; Owner: estuary
--

COPY public.token_blacklist_blacklistedtoken (id, blacklisted_at, token_id) FROM stdin;
1	2025-06-18 04:48:10.420258+00	82
2	2025-06-18 19:03:03.983882+00	86
3	2025-06-19 03:27:58.374819+00	90
4	2025-06-19 03:59:29.619447+00	94
5	2025-06-19 17:57:04.630058+00	98
6	2025-06-19 23:37:24.979035+00	102
7	2025-06-20 00:18:46.497892+00	106
8	2025-06-20 01:13:46.55445+00	110
9	2025-06-20 01:58:44.210031+00	114
10	2025-06-20 04:27:24.603911+00	122
11	2025-06-20 05:31:57.729253+00	126
12	2025-06-20 17:13:20.295225+00	130
13	2025-06-20 18:27:21.191885+00	134
14	2025-06-20 19:46:43.780849+00	138
15	2025-06-20 23:19:57.071752+00	142
16	2025-06-21 00:49:15.429973+00	146
17	2025-06-21 02:18:35.568977+00	163
18	2025-06-21 02:44:11.364498+00	167
19	2025-06-21 03:10:48.711549+00	171
\.


--
-- Data for Name: token_blacklist_outstandingtoken; Type: TABLE DATA; Schema: public; Owner: estuary
--

COPY public.token_blacklist_outstandingtoken (id, token, created_at, expires_at, user_id, jti) FROM stdin;
1	eyJhbGciOiJIUzI1NiIsInR5cCI6IkpXVCJ9.eyJ0b2tlbl90eXBlIjoicmVmcmVzaCIsImV4cCI6MTc1MDIwMzQzOSwiaWF0IjoxNzQ5NTk4NjM5LCJqdGkiOiJlODI4YjEzNDY2MWY0ZTNiYjRiMTU5NTJkYjk2NTAwZiIsInVzZXJfaWQiOjUwfQ.Oe63ogKsgDku4Q3RiOtdoIvTNJTePKh3ss2s0iuKF5g	2025-06-10 23:37:19.914108+00	2025-06-17 23:37:19+00	50	e828b134661f4e3bb4b15952db96500f
2	eyJhbGciOiJIUzI1NiIsInR5cCI6IkpXVCJ9.eyJ0b2tlbl90eXBlIjoicmVmcmVzaCIsImV4cCI6MTc1MDIwMzQ0MCwiaWF0IjoxNzQ5NTk4NjQwLCJqdGkiOiIzODRjOTczMjAzNjI0Mjk2OGVkMzI3NDYxNTgyNjQ5NiIsInVzZXJfaWQiOjUwfQ.29ATsdcEjyFeLjDBZDlh_OnmQ0uj5pJzRSNx6FafIMc	2025-06-10 23:37:20.167261+00	2025-06-17 23:37:20+00	50	384c9732036242968ed3274615826496
3	eyJhbGciOiJIUzI1NiIsInR5cCI6IkpXVCJ9.eyJ0b2tlbl90eXBlIjoicmVmcmVzaCIsImV4cCI6MTc1MDIwMzQ0MCwiaWF0IjoxNzQ5NTk4NjQwLCJqdGkiOiI4ZWVlMDM4YTUxZDc0ZjA3YTA1YmY1ODZiYWM3OTMzOCIsInVzZXJfaWQiOjUwfQ.ZArZVtYB1HB11GQ1n1R6KamLqBPuvnPORN1lPgH1joQ	2025-06-10 23:37:20.176233+00	2025-06-17 23:37:20+00	50	8eee038a51d74f07a05bf586bac79338
4	eyJhbGciOiJIUzI1NiIsInR5cCI6IkpXVCJ9.eyJ0b2tlbl90eXBlIjoicmVmcmVzaCIsImV4cCI6MTc1MDIwMzQ0MCwiaWF0IjoxNzQ5NTk4NjQwLCJqdGkiOiI0MzFlN2E5MjFlZWY0NmE5OThiODk2MmUwOWExODMwYyIsInVzZXJfaWQiOjUwfQ.CqmoFoVhtkcLc78JggY2izlK0EzqCKGVFfW72Cz5KPs	2025-06-10 23:37:20.331698+00	2025-06-17 23:37:20+00	50	431e7a921eef46a998b8962e09a1830c
5	eyJhbGciOiJIUzI1NiIsInR5cCI6IkpXVCJ9.eyJ0b2tlbl90eXBlIjoicmVmcmVzaCIsImV4cCI6MTc1MDIwMzQ0MCwiaWF0IjoxNzQ5NTk4NjQwLCJqdGkiOiIxYTI3YmE1NWVmMmI0MDk4YjQwM2U1NDRhZTk2OGNjNSIsInVzZXJfaWQiOjUwfQ.WOV-coVEtADt7dLcxsGYLIs-gqy4lmPbGWgt57gbTjU	2025-06-10 23:37:20.334735+00	2025-06-17 23:37:20+00	50	1a27ba55ef2b4098b403e544ae968cc5
6	eyJhbGciOiJIUzI1NiIsInR5cCI6IkpXVCJ9.eyJ0b2tlbl90eXBlIjoicmVmcmVzaCIsImV4cCI6MTc1MDIwMzYxNiwiaWF0IjoxNzQ5NTk4ODE2LCJqdGkiOiJkMDQyZWY3ODlkZTg0MGU1OTk0M2Q0NTllNTY1NDJlNCIsInVzZXJfaWQiOjUxfQ.eCJzTfrFSHuDbVD7YHJo_WL3jX5pLjY08vWYh4Mqamk	2025-06-10 23:40:16.109584+00	2025-06-17 23:40:16+00	51	d042ef789de840e59943d459e56542e4
7	eyJhbGciOiJIUzI1NiIsInR5cCI6IkpXVCJ9.eyJ0b2tlbl90eXBlIjoicmVmcmVzaCIsImV4cCI6MTc1MDIwMzYxNiwiaWF0IjoxNzQ5NTk4ODE2LCJqdGkiOiI0MTg2ZDkyZmNmMDU0YTZiYWIwOTBjMWYwNDI4YTZjYSIsInVzZXJfaWQiOjUxfQ.ioFHe9dyFFalDOpdeSilJaEbuJXMqUUqrCmNtWmOaPs	2025-06-10 23:40:16.267959+00	2025-06-17 23:40:16+00	51	4186d92fcf054a6bab090c1f0428a6ca
8	eyJhbGciOiJIUzI1NiIsInR5cCI6IkpXVCJ9.eyJ0b2tlbl90eXBlIjoicmVmcmVzaCIsImV4cCI6MTc1MDIwMzYxNiwiaWF0IjoxNzQ5NTk4ODE2LCJqdGkiOiJjYjM1MjMwY2RhYzE0MWY4YTBkZGMwNTg1YmNkOTRkOSIsInVzZXJfaWQiOjUxfQ.cHMxXq9RXpajoAxXupIILAK8c4XcO0Cv0pwj-I3gzIc	2025-06-10 23:40:16.271366+00	2025-06-17 23:40:16+00	51	cb35230cdac141f8a0ddc0585bcd94d9
9	eyJhbGciOiJIUzI1NiIsInR5cCI6IkpXVCJ9.eyJ0b2tlbl90eXBlIjoicmVmcmVzaCIsImV4cCI6MTc1MDIwMzYxNiwiaWF0IjoxNzQ5NTk4ODE2LCJqdGkiOiJmMTA5YmQxNDFlNjM0ZDEwODViZWVjZGM3OWYxY2I5MyIsInVzZXJfaWQiOjUxfQ.3J5DAAC3-AH-28WPQ4Shity88BI_brHzUyB684ldV7o	2025-06-10 23:40:16.398348+00	2025-06-17 23:40:16+00	51	f109bd141e634d1085beecdc79f1cb93
10	eyJhbGciOiJIUzI1NiIsInR5cCI6IkpXVCJ9.eyJ0b2tlbl90eXBlIjoicmVmcmVzaCIsImV4cCI6MTc1MDIwMzYxNiwiaWF0IjoxNzQ5NTk4ODE2LCJqdGkiOiJhNzk2Y2MzYmM3ODk0NGE1YjkxOGQ4MGFmOWMzZGVmZSIsInVzZXJfaWQiOjUxfQ.8N5OFdoag6GRoLNTvb0k2T6I6DhOY-oSFr_OLHzXfGE	2025-06-10 23:40:16.399804+00	2025-06-17 23:40:16+00	51	a796cc3bc78944a5b918d80af9c3defe
11	eyJhbGciOiJIUzI1NiIsInR5cCI6IkpXVCJ9.eyJ0b2tlbl90eXBlIjoicmVmcmVzaCIsImV4cCI6MTc1MDIxNDIyMiwiaWF0IjoxNzQ5NjA5NDIyLCJqdGkiOiJkZGMwNmI4MDBjMDE0ZmU3OGRiOTg1Mjg5YmE5MDE1ZiIsInVzZXJfaWQiOjl9.del41bCm49lpsbuOJ-c2ar-Q_JNwwPgI2Gr34g3CdPE	2025-06-11 02:37:02.280897+00	2025-06-18 02:37:02+00	9	ddc06b800c014fe78db985289ba9015f
12	eyJhbGciOiJIUzI1NiIsInR5cCI6IkpXVCJ9.eyJ0b2tlbl90eXBlIjoicmVmcmVzaCIsImV4cCI6MTc1MDIxNDIyMiwiaWF0IjoxNzQ5NjA5NDIyLCJqdGkiOiI3NmU3MDhhMzY1ODg0NmJhOTE0MmRhY2RhOWM5OWRmYyIsInVzZXJfaWQiOjl9.5UcnF7WVbS_ppWedFHrybrOB7e7lMmjG1cxVDPBrA8I	2025-06-11 02:37:02.307739+00	2025-06-18 02:37:02+00	9	76e708a3658846ba9142dacda9c99dfc
13	eyJhbGciOiJIUzI1NiIsInR5cCI6IkpXVCJ9.eyJ0b2tlbl90eXBlIjoicmVmcmVzaCIsImV4cCI6MTc1MDIxNDIyMiwiaWF0IjoxNzQ5NjA5NDIyLCJqdGkiOiI1OWVkYTgzMDcxNDY0MzYzYTAwMzdmODMyZDY3YjEyMCIsInVzZXJfaWQiOjl9.U6ryRI5YRi_qrpoX-1ZWk7oce5JX4rOxiZoROSAqc9Q	2025-06-11 02:37:02.446187+00	2025-06-18 02:37:02+00	9	59eda83071464363a0037f832d67b120
14	eyJhbGciOiJIUzI1NiIsInR5cCI6IkpXVCJ9.eyJ0b2tlbl90eXBlIjoicmVmcmVzaCIsImV4cCI6MTc1MDIxNDIyMiwiaWF0IjoxNzQ5NjA5NDIyLCJqdGkiOiI2NjU3YTNkZDVmYzA0M2RlOTFkYWI3NmU5NDY5Y2MzYiIsInVzZXJfaWQiOjl9.tsUHvDZP5CnQJTHUUt3W6P_GNlJno_7lVOrjSXvK4vM	2025-06-11 02:37:02.448321+00	2025-06-18 02:37:02+00	9	6657a3dd5fc043de91dab76e9469cc3b
15	eyJhbGciOiJIUzI1NiIsInR5cCI6IkpXVCJ9.eyJ0b2tlbl90eXBlIjoicmVmcmVzaCIsImV4cCI6MTc1MDQ3NDAwNSwiaWF0IjoxNzQ5ODY5MjA1LCJqdGkiOiIzY2FjZTE5ZDJjMTA0Y2JhYjEzYzE3NDA0Y2MyY2RmMiIsInVzZXJfaWQiOjl9.L11O2YgGS-TerKlRLStK3w3SFMrlZORDOQb4nVxbmhs	2025-06-14 02:46:45.423132+00	2025-06-21 02:46:45+00	9	3cace19d2c104cbab13c17404cc2cdf2
16	eyJhbGciOiJIUzI1NiIsInR5cCI6IkpXVCJ9.eyJ0b2tlbl90eXBlIjoicmVmcmVzaCIsImV4cCI6MTc1MDQ3NDAwNSwiaWF0IjoxNzQ5ODY5MjA1LCJqdGkiOiJlMzMwNzljYTQ3Y2E0YTJhYjUzNzgxZDczYWI0NGUxOSIsInVzZXJfaWQiOjl9.CxYSezXghttSMMvI9nqmaMXowEh-Ej5RQF7o_sRKN7E	2025-06-14 02:46:45.439864+00	2025-06-21 02:46:45+00	9	e33079ca47ca4a2ab53781d73ab44e19
17	eyJhbGciOiJIUzI1NiIsInR5cCI6IkpXVCJ9.eyJ0b2tlbl90eXBlIjoicmVmcmVzaCIsImV4cCI6MTc1MDQ3NDAwNSwiaWF0IjoxNzQ5ODY5MjA1LCJqdGkiOiIwZTkwN2JhZGQzNjU0YTI1ODE0ZDdmMTIxZWJkMWFlYyIsInVzZXJfaWQiOjl9.Wd6yals2z7l3KMcWB3Ieep6AybT6s9cjZBsdF2fk5jk	2025-06-14 02:46:45.576546+00	2025-06-21 02:46:45+00	9	0e907badd3654a25814d7f121ebd1aec
18	eyJhbGciOiJIUzI1NiIsInR5cCI6IkpXVCJ9.eyJ0b2tlbl90eXBlIjoicmVmcmVzaCIsImV4cCI6MTc1MDQ3NDAwNSwiaWF0IjoxNzQ5ODY5MjA1LCJqdGkiOiJjYjkwZTg1N2U3ZDI0NGRhYWJhNmRhMDc0YWExMzlmZCIsInVzZXJfaWQiOjl9.SIDc8_XqZ-aAeogx6MI72jR2iD0YCC8GegBT42NxU5c	2025-06-14 02:46:45.57898+00	2025-06-21 02:46:45+00	9	cb90e857e7d244daaba6da074aa139fd
19	eyJhbGciOiJIUzI1NiIsInR5cCI6IkpXVCJ9.eyJ0b2tlbl90eXBlIjoicmVmcmVzaCIsImV4cCI6MTc1MDgwMjA2MCwiaWF0IjoxNzUwMTk3MjYwLCJqdGkiOiJjYjFlYTRhOTc3MDM0NTgyYTlhYmEwZWIyODEyYzZiZiIsInVzZXJfaWQiOjl9.k2p3THcVOEHEDCrEDbwowbnKX0eeoMYvzdnZ0OSBzMQ	2025-06-17 21:54:20.598099+00	2025-06-24 21:54:20+00	9	cb1ea4a977034582a9aba0eb2812c6bf
20	eyJhbGciOiJIUzI1NiIsInR5cCI6IkpXVCJ9.eyJ0b2tlbl90eXBlIjoicmVmcmVzaCIsImV4cCI6MTc1MDgwMjA2MCwiaWF0IjoxNzUwMTk3MjYwLCJqdGkiOiI1M2E2ZGMyNjI0ZjI0NThlOWI5YzU0Mzg5M2Y3ODlkMCIsInVzZXJfaWQiOjl9.jGQNqxrCTQDSl2o45CiRLzn5WEfEeNLEcMOZw56dcKg	2025-06-17 21:54:20.61643+00	2025-06-24 21:54:20+00	9	53a6dc2624f2458e9b9c543893f789d0
21	eyJhbGciOiJIUzI1NiIsInR5cCI6IkpXVCJ9.eyJ0b2tlbl90eXBlIjoicmVmcmVzaCIsImV4cCI6MTc1MDgwMjA2MCwiaWF0IjoxNzUwMTk3MjYwLCJqdGkiOiI3NjVlYzA1NjQyMjU0MzU0YTQ5ZDNhZTlkN2M3NjU2OSIsInVzZXJfaWQiOjl9.G_PO2av2yCD_Knboa8ExZd4QodP9SYc0CQq64b30F9w	2025-06-17 21:54:20.753499+00	2025-06-24 21:54:20+00	9	765ec05642254354a49d3ae9d7c76569
22	eyJhbGciOiJIUzI1NiIsInR5cCI6IkpXVCJ9.eyJ0b2tlbl90eXBlIjoicmVmcmVzaCIsImV4cCI6MTc1MDgwMjA2MCwiaWF0IjoxNzUwMTk3MjYwLCJqdGkiOiJiNzI1Mzk1MTJhOTE0ZDM1YjYxMWU5NjdiMDc5YTQzMCIsInVzZXJfaWQiOjl9.gmzZhLCFvqYPxA2oSrTeSAvsTux0ZoHV6GmWDFUKB-c	2025-06-17 21:54:20.756072+00	2025-06-24 21:54:20+00	9	b72539512a914d35b611e967b079a430
23	eyJhbGciOiJIUzI1NiIsInR5cCI6IkpXVCJ9.eyJ0b2tlbl90eXBlIjoicmVmcmVzaCIsImV4cCI6MTc1MDgwNTQ2MSwiaWF0IjoxNzUwMjAwNjYxLCJqdGkiOiIxMWQwODY5MTAwMzI0MDUxOTA0MDcyMTU5ZDc2OTk3YSIsInVzZXJfaWQiOjl9._t8vwkJSsWUJ3aKX9u5ug9_EMY5fYYWv5SYh2bhN7mo	2025-06-17 22:51:01.542309+00	2025-06-24 22:51:01+00	9	11d0869100324051904072159d76997a
24	eyJhbGciOiJIUzI1NiIsInR5cCI6IkpXVCJ9.eyJ0b2tlbl90eXBlIjoicmVmcmVzaCIsImV4cCI6MTc1MDgwNTQ2MSwiaWF0IjoxNzUwMjAwNjYxLCJqdGkiOiI1MzA3NmQ3NmU5NDg0Mjg1OGM5NzE3NTI1NGI0NjIzYiIsInVzZXJfaWQiOjl9.pJHPgShavr8XzTLyBjK8tSpBZB1odo02jVwudazt_Bk	2025-06-17 22:51:01.549096+00	2025-06-24 22:51:01+00	9	53076d76e94842858c97175254b4623b
25	eyJhbGciOiJIUzI1NiIsInR5cCI6IkpXVCJ9.eyJ0b2tlbl90eXBlIjoicmVmcmVzaCIsImV4cCI6MTc1MDgwNTQ2MSwiaWF0IjoxNzUwMjAwNjYxLCJqdGkiOiI1OTFjNDRkZjg5MjE0NDkxYTNiMWZkYTkwYzE3N2UxMyIsInVzZXJfaWQiOjl9.Vlf5UJrffkf5kDR1JHkqAHxKivEF1cjSMwpT9qhRUlM	2025-06-17 22:51:01.680364+00	2025-06-24 22:51:01+00	9	591c44df89214491a3b1fda90c177e13
26	eyJhbGciOiJIUzI1NiIsInR5cCI6IkpXVCJ9.eyJ0b2tlbl90eXBlIjoicmVmcmVzaCIsImV4cCI6MTc1MDgwNTQ2MSwiaWF0IjoxNzUwMjAwNjYxLCJqdGkiOiJmNmUwYmZmZDllNmE0MzNhOTcwMjg5MGQyNDgyYTIxOCIsInVzZXJfaWQiOjl9.rgTRJMDmf-dB6MMowTbZvWNBDDFvPqTpoNo_afV-3Ec	2025-06-17 22:51:01.685667+00	2025-06-24 22:51:01+00	9	f6e0bffd9e6a433a9702890d2482a218
27	eyJhbGciOiJIUzI1NiIsInR5cCI6IkpXVCJ9.eyJ0b2tlbl90eXBlIjoicmVmcmVzaCIsImV4cCI6MTc1MDgwOTEwMSwiaWF0IjoxNzUwMjA0MzAxLCJqdGkiOiJjZTMyMjBkZDgxN2M0MzA0YjNlMmQzMDlhMmZkMTY4NyIsInVzZXJfaWQiOjl9.aToUWmP5vi0r9pHOxZ5Tt73e0X_1vd2W7deb31Rv_3o	2025-06-17 23:51:41.741183+00	2025-06-24 23:51:41+00	9	ce3220dd817c4304b3e2d309a2fd1687
28	eyJhbGciOiJIUzI1NiIsInR5cCI6IkpXVCJ9.eyJ0b2tlbl90eXBlIjoicmVmcmVzaCIsImV4cCI6MTc1MDgwOTEwMSwiaWF0IjoxNzUwMjA0MzAxLCJqdGkiOiJmNmVmOTJlNDUyMDE0NmU4YTJjM2Y1ZDRhYjMxZDdmMiIsInVzZXJfaWQiOjl9.-R76AFdo6ZVGx955Vbr2PDTqlsML_nheFDVhPF4osgU	2025-06-17 23:51:41.748127+00	2025-06-24 23:51:41+00	9	f6ef92e4520146e8a2c3f5d4ab31d7f2
29	eyJhbGciOiJIUzI1NiIsInR5cCI6IkpXVCJ9.eyJ0b2tlbl90eXBlIjoicmVmcmVzaCIsImV4cCI6MTc1MDgwOTEwMSwiaWF0IjoxNzUwMjA0MzAxLCJqdGkiOiJhNTUwZmQ5ODE3Zjg0YWYzYWE5OGU3NGY2MmMwYWM4MSIsInVzZXJfaWQiOjl9.WL4KZFjlkueXhSnv7-e3w0vFtB2LQ7VxkOJBNKFuhWk	2025-06-17 23:51:41.887194+00	2025-06-24 23:51:41+00	9	a550fd9817f84af3aa98e74f62c0ac81
30	eyJhbGciOiJIUzI1NiIsInR5cCI6IkpXVCJ9.eyJ0b2tlbl90eXBlIjoicmVmcmVzaCIsImV4cCI6MTc1MDgwOTEwMSwiaWF0IjoxNzUwMjA0MzAxLCJqdGkiOiJjNDgxNGUwYmQwN2Y0M2ViOGE0YmQ1ODAzMmEyMjI5ZSIsInVzZXJfaWQiOjl9.L13XTMYeM4EjPbBs_uBmkUkA-wJcHB5pRtmCQzkdocg	2025-06-17 23:51:41.890186+00	2025-06-24 23:51:41+00	9	c4814e0bd07f43eb8a4bd58032a2229e
31	eyJhbGciOiJIUzI1NiIsInR5cCI6IkpXVCJ9.eyJ0b2tlbl90eXBlIjoicmVmcmVzaCIsImV4cCI6MTc1MDgwOTY4OCwiaWF0IjoxNzUwMjA0ODg4LCJqdGkiOiJkMTc4YjI0YTYyZmM0MWYwYTRmNjhiMmQxYTAwMWIwOCIsInVzZXJfaWQiOjl9.bjwOXmVGZUAqER0EOTPVj24NpkJetb3ZS3Is9jh5I8I	2025-06-18 00:01:28.525509+00	2025-06-25 00:01:28+00	9	d178b24a62fc41f0a4f68b2d1a001b08
32	eyJhbGciOiJIUzI1NiIsInR5cCI6IkpXVCJ9.eyJ0b2tlbl90eXBlIjoicmVmcmVzaCIsImV4cCI6MTc1MDgwOTY4OCwiaWF0IjoxNzUwMjA0ODg4LCJqdGkiOiJkYTkzZjY0MzYyYWE0ZTY3OTQ3NDlkNTk0ZThlMzA2MiIsInVzZXJfaWQiOjl9.SUM-ly77yJ_l13-KJ_RhcuK5Jdx6ypZ2pwPlaEDmCG8	2025-06-18 00:01:28.535927+00	2025-06-25 00:01:28+00	9	da93f64362aa4e6794749d594e8e3062
33	eyJhbGciOiJIUzI1NiIsInR5cCI6IkpXVCJ9.eyJ0b2tlbl90eXBlIjoicmVmcmVzaCIsImV4cCI6MTc1MDgwOTY5MiwiaWF0IjoxNzUwMjA0ODkyLCJqdGkiOiI4MDJiMDMzMTE2MWQ0YTM3YTBmYWYzYjk4MzMyODU4NSIsInVzZXJfaWQiOjl9.8IoBUSD0sfqr77JkfSMMfqKqe4lv2pbl1lnDk0EpvjE	2025-06-18 00:01:32.07633+00	2025-06-25 00:01:32+00	9	802b0331161d4a37a0faf3b983328585
34	eyJhbGciOiJIUzI1NiIsInR5cCI6IkpXVCJ9.eyJ0b2tlbl90eXBlIjoicmVmcmVzaCIsImV4cCI6MTc1MDgwOTY5MiwiaWF0IjoxNzUwMjA0ODkyLCJqdGkiOiIxN2NhMTQwMTRjY2E0N2M0YmRiMzEyYzk0NWMzZTUwMyIsInVzZXJfaWQiOjl9.PG5ouAnxbmoIBG-eQ4_yhGSiH-O1ue6IB69Qwku7BAo	2025-06-18 00:01:32.086156+00	2025-06-25 00:01:32+00	9	17ca14014cca47c4bdb312c945c3e503
35	eyJhbGciOiJIUzI1NiIsInR5cCI6IkpXVCJ9.eyJ0b2tlbl90eXBlIjoicmVmcmVzaCIsImV4cCI6MTc1MDgwOTcxNiwiaWF0IjoxNzUwMjA0OTE2LCJqdGkiOiI3NTBlOWVlYzNmYWE0NGRmODM0MGI4NjM2YTFjMDJhZSIsInVzZXJfaWQiOjl9.h34iffxirxK1PivTloyXPDn92lYwlgJyR8WwN4XdHYc	2025-06-18 00:01:56.492731+00	2025-06-25 00:01:56+00	9	750e9eec3faa44df8340b8636a1c02ae
36	eyJhbGciOiJIUzI1NiIsInR5cCI6IkpXVCJ9.eyJ0b2tlbl90eXBlIjoicmVmcmVzaCIsImV4cCI6MTc1MDgwOTcxNiwiaWF0IjoxNzUwMjA0OTE2LCJqdGkiOiIxZWVlNDlkODI3ZWQ0N2U4YWQ0ZWQ3NTVlODhmNWViZSIsInVzZXJfaWQiOjl9.lhrJX3Pw08jU2Sbx-pui9BDi12LS7f1RxeEwxjQ6x2s	2025-06-18 00:01:56.500131+00	2025-06-25 00:01:56+00	9	1eee49d827ed47e8ad4ed755e88f5ebe
37	eyJhbGciOiJIUzI1NiIsInR5cCI6IkpXVCJ9.eyJ0b2tlbl90eXBlIjoicmVmcmVzaCIsImV4cCI6MTc1MDgwOTcyMCwiaWF0IjoxNzUwMjA0OTIwLCJqdGkiOiIzYzMxOTliMWQ0MTk0YTBjOTMwNjM2Y2FlYWU5N2JjYSIsInVzZXJfaWQiOjl9._mJJ_7mMGjkDA4Awf1irYeP3_nx5E9L035HLu-mINeM	2025-06-18 00:02:00.757417+00	2025-06-25 00:02:00+00	9	3c3199b1d4194a0c930636caeae97bca
38	eyJhbGciOiJIUzI1NiIsInR5cCI6IkpXVCJ9.eyJ0b2tlbl90eXBlIjoicmVmcmVzaCIsImV4cCI6MTc1MDgwOTcyMCwiaWF0IjoxNzUwMjA0OTIwLCJqdGkiOiI0ODYwNzcyNGY1NmM0Y2IyYWFhYWNiNDhmM2I1NzM0YyIsInVzZXJfaWQiOjl9.bI_fC9CD_xZbl5QKYMtewxghFJZ6kluTqFDdsud-WQk	2025-06-18 00:02:00.793347+00	2025-06-25 00:02:00+00	9	48607724f56c4cb2aaaacb48f3b5734c
39	eyJhbGciOiJIUzI1NiIsInR5cCI6IkpXVCJ9.eyJ0b2tlbl90eXBlIjoicmVmcmVzaCIsImV4cCI6MTc1MDgwOTczNSwiaWF0IjoxNzUwMjA0OTM1LCJqdGkiOiI0NmJjNTM2YzUxZDc0ODU2OTQ0MTcyNmI5MjZmMWNlZiIsInVzZXJfaWQiOjl9.RbpQFg4WJAA12K8QzYuzYizZ21Z2MLGX9LZ3_kYmBDo	2025-06-18 00:02:15.50792+00	2025-06-25 00:02:15+00	9	46bc536c51d748569441726b926f1cef
40	eyJhbGciOiJIUzI1NiIsInR5cCI6IkpXVCJ9.eyJ0b2tlbl90eXBlIjoicmVmcmVzaCIsImV4cCI6MTc1MDgwOTczNSwiaWF0IjoxNzUwMjA0OTM1LCJqdGkiOiI2OTZiZDg0MzgzNTY0OGE3OGU4NTI5NjEyMDNhNjUwYyIsInVzZXJfaWQiOjl9.yo8vkH5p9JRi7QUdICAliZr9BLXEnR9xFHkR6Xc25xA	2025-06-18 00:02:15.515637+00	2025-06-25 00:02:15+00	9	696bd843835648a78e852961203a650c
41	eyJhbGciOiJIUzI1NiIsInR5cCI6IkpXVCJ9.eyJ0b2tlbl90eXBlIjoicmVmcmVzaCIsImV4cCI6MTc1MDgwOTc0MCwiaWF0IjoxNzUwMjA0OTQwLCJqdGkiOiI0MTU4YmVlOTAzOWU0Mjk4OGNkMDMxZWVlYmJlMTAyYSIsInVzZXJfaWQiOjl9.4_TGqDW1F92JZ1yuF19ovY7WAJetmQWDXO9NUoNJKH0	2025-06-18 00:02:20.827877+00	2025-06-25 00:02:20+00	9	4158bee9039e42988cd031eeebbe102a
42	eyJhbGciOiJIUzI1NiIsInR5cCI6IkpXVCJ9.eyJ0b2tlbl90eXBlIjoicmVmcmVzaCIsImV4cCI6MTc1MDgwOTc0MCwiaWF0IjoxNzUwMjA0OTQwLCJqdGkiOiJjOWYyY2RmYTk2ZjQ0NDVhYTUxZTI0MGZjYmJlZDBjMiIsInVzZXJfaWQiOjl9.8QRWCEO9CuCDCQBce845pVmfxyv-mapdPFF8mIdjUCM	2025-06-18 00:02:20.8336+00	2025-06-25 00:02:20+00	9	c9f2cdfa96f4445aa51e240fcbbed0c2
43	eyJhbGciOiJIUzI1NiIsInR5cCI6IkpXVCJ9.eyJ0b2tlbl90eXBlIjoicmVmcmVzaCIsImV4cCI6MTc1MDgwOTc0MiwiaWF0IjoxNzUwMjA0OTQyLCJqdGkiOiI5ODJjMDM0YWQ1MzQ0YmI5OTNkMzBiNjFlYWQ3YjVhOSIsInVzZXJfaWQiOjl9.CrewfgZISEFUFHhcP5lK05tobAZRxt7mAt3pur5_wIQ	2025-06-18 00:02:22.464019+00	2025-06-25 00:02:22+00	9	982c034ad5344bb993d30b61ead7b5a9
44	eyJhbGciOiJIUzI1NiIsInR5cCI6IkpXVCJ9.eyJ0b2tlbl90eXBlIjoicmVmcmVzaCIsImV4cCI6MTc1MDgwOTc0MiwiaWF0IjoxNzUwMjA0OTQyLCJqdGkiOiI4YWY1YjdmZDRhMjM0MmU5OWYxNzdlZTlmMTQ0MzBmYyIsInVzZXJfaWQiOjl9.HQVleVXKfobG4ydfwwI5HFp6UbMuQH2eZ_G_ZYtJXbg	2025-06-18 00:02:22.467664+00	2025-06-25 00:02:22+00	9	8af5b7fd4a2342e99f177ee9f14430fc
45	eyJhbGciOiJIUzI1NiIsInR5cCI6IkpXVCJ9.eyJ0b2tlbl90eXBlIjoicmVmcmVzaCIsImV4cCI6MTc1MDgwOTc0NCwiaWF0IjoxNzUwMjA0OTQ0LCJqdGkiOiIyOTg3NzcyY2FkZDg0N2VmYjBhNzE3NDBlZjRiYzAyNSIsInVzZXJfaWQiOjl9.JWizk38Meejzb4sdUX56grBJQklY1pqp0ZLr_AQKx-U	2025-06-18 00:02:24.246764+00	2025-06-25 00:02:24+00	9	2987772cadd847efb0a71740ef4bc025
46	eyJhbGciOiJIUzI1NiIsInR5cCI6IkpXVCJ9.eyJ0b2tlbl90eXBlIjoicmVmcmVzaCIsImV4cCI6MTc1MDgwOTc0NCwiaWF0IjoxNzUwMjA0OTQ0LCJqdGkiOiJiNTc3YjMyODRlN2E0M2FkYTY0OTVkOWMyODFlYzgzMiIsInVzZXJfaWQiOjl9.TS5q3QcSYJJKeHiyIqrE_RpwDGsrkbjrnPsCZwglHpM	2025-06-18 00:02:24.250333+00	2025-06-25 00:02:24+00	9	b577b3284e7a43ada6495d9c281ec832
47	eyJhbGciOiJIUzI1NiIsInR5cCI6IkpXVCJ9.eyJ0b2tlbl90eXBlIjoicmVmcmVzaCIsImV4cCI6MTc1MDgwOTc0NiwiaWF0IjoxNzUwMjA0OTQ2LCJqdGkiOiI2NjFlODY1YzIyNjc0NTAzOWM1Y2UyNjI2NmRlZmJiYSIsInVzZXJfaWQiOjl9.hfZMureLR03u1ViorZ3shoJSdgJnO3nOgV8zOuw6odY	2025-06-18 00:02:26.626+00	2025-06-25 00:02:26+00	9	661e865c226745039c5ce26266defbba
48	eyJhbGciOiJIUzI1NiIsInR5cCI6IkpXVCJ9.eyJ0b2tlbl90eXBlIjoicmVmcmVzaCIsImV4cCI6MTc1MDgwOTc0NiwiaWF0IjoxNzUwMjA0OTQ2LCJqdGkiOiJlZTdkZTYwNGFjYzE0ZGEzOWRiYjRlNDU5MGYxMDg1YSIsInVzZXJfaWQiOjl9.Oy23drb-7iqbjimC-q3-xFnoZA_plDnR4I3fekafEgM	2025-06-18 00:02:26.631605+00	2025-06-25 00:02:26+00	9	ee7de604acc14da39dbb4e4590f1085a
49	eyJhbGciOiJIUzI1NiIsInR5cCI6IkpXVCJ9.eyJ0b2tlbl90eXBlIjoicmVmcmVzaCIsImV4cCI6MTc1MDgwOTc0OCwiaWF0IjoxNzUwMjA0OTQ4LCJqdGkiOiIyNWQ3OTllMzgwOGQ0MWJlYTYyYTU4ZjI5ZWRkODY0OSIsInVzZXJfaWQiOjl9.r3IerJanbpa2XiLSNGYKTxfuNvl32zT576QXM0DUllQ	2025-06-18 00:02:28.378935+00	2025-06-25 00:02:28+00	9	25d799e3808d41bea62a58f29edd8649
50	eyJhbGciOiJIUzI1NiIsInR5cCI6IkpXVCJ9.eyJ0b2tlbl90eXBlIjoicmVmcmVzaCIsImV4cCI6MTc1MDgwOTc0OCwiaWF0IjoxNzUwMjA0OTQ4LCJqdGkiOiI5YWMxNGRkZDVhMzM0ZWU1ODFjYmJkZTdiNTM0MzAzNCIsInVzZXJfaWQiOjl9.V99aLRU8Ly1P-WZRrWKjZB5snaKSUXQiw8AobPQyWN4	2025-06-18 00:02:28.383549+00	2025-06-25 00:02:28+00	9	9ac14ddd5a334ee581cbbde7b5343034
51	eyJhbGciOiJIUzI1NiIsInR5cCI6IkpXVCJ9.eyJ0b2tlbl90eXBlIjoicmVmcmVzaCIsImV4cCI6MTc1MDgwOTc3NSwiaWF0IjoxNzUwMjA0OTc1LCJqdGkiOiIxMWUwZGVhNDM5MzM0MWZiOWM3ZDFkNjExNzQyMjQ3NSIsInVzZXJfaWQiOjl9.kDk9HoAH0YTSEQl6n52Js61AE0UZxDywxIs2-6mLXEs	2025-06-18 00:02:55.314371+00	2025-06-25 00:02:55+00	9	11e0dea4393341fb9c7d1d6117422475
52	eyJhbGciOiJIUzI1NiIsInR5cCI6IkpXVCJ9.eyJ0b2tlbl90eXBlIjoicmVmcmVzaCIsImV4cCI6MTc1MDgwOTc3NSwiaWF0IjoxNzUwMjA0OTc1LCJqdGkiOiI2NjRlYTYwNWQwNTA0NWFhOWViNWZlNDg2Y2U2MWUzMCIsInVzZXJfaWQiOjl9.cm-yjlTmExHdVi5eJK9V9_ycA1tfQe84My7SRCh-rHE	2025-06-18 00:02:55.328607+00	2025-06-25 00:02:55+00	9	664ea605d05045aa9eb5fe486ce61e30
53	eyJhbGciOiJIUzI1NiIsInR5cCI6IkpXVCJ9.eyJ0b2tlbl90eXBlIjoicmVmcmVzaCIsImV4cCI6MTc1MDgwOTgzNCwiaWF0IjoxNzUwMjA1MDM0LCJqdGkiOiIzNDcwN2ZlODdhMGE0YmUwODFjNzhiN2M0NTMyMzQzYSIsInVzZXJfaWQiOjl9.UgGx7DmVw8J-ZdL9IVVoa8XoFINPY_uPnRaEBD6grLc	2025-06-18 00:03:54.80613+00	2025-06-25 00:03:54+00	9	34707fe87a0a4be081c78b7c4532343a
54	eyJhbGciOiJIUzI1NiIsInR5cCI6IkpXVCJ9.eyJ0b2tlbl90eXBlIjoicmVmcmVzaCIsImV4cCI6MTc1MDgwOTgzNCwiaWF0IjoxNzUwMjA1MDM0LCJqdGkiOiJkNDQ2ZDkyZDk1YzQ0Y2E2ODIxYmZlMjRlNDFlYWQxNiIsInVzZXJfaWQiOjl9.Q_Iq3OmGITDySzEN4U21E-erdSoDcG7yDOvX7Xw415s	2025-06-18 00:03:54.814955+00	2025-06-25 00:03:54+00	9	d446d92d95c44ca6821bfe24e41ead16
55	eyJhbGciOiJIUzI1NiIsInR5cCI6IkpXVCJ9.eyJ0b2tlbl90eXBlIjoicmVmcmVzaCIsImV4cCI6MTc1MDgwOTgzNCwiaWF0IjoxNzUwMjA1MDM0LCJqdGkiOiI3ZmU5MGY0ZjBlYWM0OGQwYTY4ZjBmYmUyZjEwZmQ0NyIsInVzZXJfaWQiOjl9.-M5yK4-iAwToBxWx0GpEsS541ja6qHldnV9t3eRHOfw	2025-06-18 00:03:54.953527+00	2025-06-25 00:03:54+00	9	7fe90f4f0eac48d0a68f0fbe2f10fd47
56	eyJhbGciOiJIUzI1NiIsInR5cCI6IkpXVCJ9.eyJ0b2tlbl90eXBlIjoicmVmcmVzaCIsImV4cCI6MTc1MDgwOTgzNCwiaWF0IjoxNzUwMjA1MDM0LCJqdGkiOiI4YzIxNmQxM2U0NjU0OWU4YTAzNzYwZDRlMDNiN2FhYyIsInVzZXJfaWQiOjl9.m_34zCOVGkYh9Emc09sNLY6qlt7aC1ct3BMjHN36VII	2025-06-18 00:03:54.955921+00	2025-06-25 00:03:54+00	9	8c216d13e46549e8a03760d4e03b7aac
57	eyJhbGciOiJIUzI1NiIsInR5cCI6IkpXVCJ9.eyJ0b2tlbl90eXBlIjoicmVmcmVzaCIsImV4cCI6MTc1MDgxMjA0NywiaWF0IjoxNzUwMjA3MjQ3LCJqdGkiOiI2MTRiZmMxYzg3ODg0OThjODhkNDJhMzA1NzUzNTAxYyIsInVzZXJfaWQiOjl9.cp942IKy_Uv--WslDz_AuT4mMzr8fVDws2_GteBfIpw	2025-06-18 00:40:47.538111+00	2025-06-25 00:40:47+00	9	614bfc1c8788498c88d42a305753501c
58	eyJhbGciOiJIUzI1NiIsInR5cCI6IkpXVCJ9.eyJ0b2tlbl90eXBlIjoicmVmcmVzaCIsImV4cCI6MTc1MDgxMjA0NywiaWF0IjoxNzUwMjA3MjQ3LCJqdGkiOiIyMjRmYzI4ZDNiNDk0N2NkYTg3NDA4MTMzNjlhM2EyMyIsInVzZXJfaWQiOjl9.jrsq1aKx-wbZGHVbYoZ-inrEf3waIiZHQMmcqd50sxc	2025-06-18 00:40:47.55678+00	2025-06-25 00:40:47+00	9	224fc28d3b4947cda8740813369a3a23
59	eyJhbGciOiJIUzI1NiIsInR5cCI6IkpXVCJ9.eyJ0b2tlbl90eXBlIjoicmVmcmVzaCIsImV4cCI6MTc1MDgxMjA0NywiaWF0IjoxNzUwMjA3MjQ3LCJqdGkiOiI0NmIwMDRjNDVkYzc0YzJjOTlkZjg1NDVhOGFkNTc4YyIsInVzZXJfaWQiOjl9.HvQz4LYloA_UDvkL0CPLfBEvEbj3wO6C_GN27IgSGpU	2025-06-18 00:40:47.711445+00	2025-06-25 00:40:47+00	9	46b004c45dc74c2c99df8545a8ad578c
60	eyJhbGciOiJIUzI1NiIsInR5cCI6IkpXVCJ9.eyJ0b2tlbl90eXBlIjoicmVmcmVzaCIsImV4cCI6MTc1MDgxMjA0NywiaWF0IjoxNzUwMjA3MjQ3LCJqdGkiOiI5YjkxNGI4N2E0YWE0MWRlOTkwNGQ4MWUzZTQ5ODIzOCIsInVzZXJfaWQiOjl9.HyF0gzD9p9rvBd6KNOy8lXJB6DLJhePoYr-RALWouHw	2025-06-18 00:40:47.714444+00	2025-06-25 00:40:47+00	9	9b914b87a4aa41de9904d81e3e498238
61	eyJhbGciOiJIUzI1NiIsInR5cCI6IkpXVCJ9.eyJ0b2tlbl90eXBlIjoicmVmcmVzaCIsImV4cCI6MTc1MDgxNTU3NSwiaWF0IjoxNzUwMjEwNzc1LCJqdGkiOiJmZjNhYTgzYzJhMTE0NGIyOWNkYzA0ZjZjZDVlNGZhYyIsInVzZXJfaWQiOjl9.cOmA2K2Y2AYXzyT5Q-Crcs1MIxZCtFPQMzVZwgG71AM	2025-06-18 01:39:35.671321+00	2025-06-25 01:39:35+00	9	ff3aa83c2a1144b29cdc04f6cd5e4fac
62	eyJhbGciOiJIUzI1NiIsInR5cCI6IkpXVCJ9.eyJ0b2tlbl90eXBlIjoicmVmcmVzaCIsImV4cCI6MTc1MDgxNTU3NSwiaWF0IjoxNzUwMjEwNzc1LCJqdGkiOiI4YmZlYTRjNWRiZDU0OWFhYThjYTJjNDJhNjhhZDBmOCIsInVzZXJfaWQiOjl9.hKuwNcwnKCR4ay-Jb6Kuy_40oB9y7XGMYZC0MOnObrU	2025-06-18 01:39:35.683671+00	2025-06-25 01:39:35+00	9	8bfea4c5dbd549aaa8ca2c42a68ad0f8
63	eyJhbGciOiJIUzI1NiIsInR5cCI6IkpXVCJ9.eyJ0b2tlbl90eXBlIjoicmVmcmVzaCIsImV4cCI6MTc1MDgxNTU3NSwiaWF0IjoxNzUwMjEwNzc1LCJqdGkiOiIyMDUyZTAxOGJmZDU0OWMzOTEzZTNjY2EyYjM3MmRhNSIsInVzZXJfaWQiOjl9.9Yr4Ybl9sgaEkiVEPAa2RukkfSgLArZb2qCl4SjVe1k	2025-06-18 01:39:35.842368+00	2025-06-25 01:39:35+00	9	2052e018bfd549c3913e3cca2b372da5
64	eyJhbGciOiJIUzI1NiIsInR5cCI6IkpXVCJ9.eyJ0b2tlbl90eXBlIjoicmVmcmVzaCIsImV4cCI6MTc1MDgxNTU3NSwiaWF0IjoxNzUwMjEwNzc1LCJqdGkiOiI2MTJmNWQ3ZDk3MjE0MTRjYmU4NmY2YWM2ODdjYmY1YSIsInVzZXJfaWQiOjl9.rkKMAj0qigb3MXdYkDUVNr7-4RCnamtEdnvTKQewlKI	2025-06-18 01:39:35.845051+00	2025-06-25 01:39:35+00	9	612f5d7d9721414cbe86f6ac687cbf5a
65	eyJhbGciOiJIUzI1NiIsInR5cCI6IkpXVCJ9.eyJ0b2tlbl90eXBlIjoicmVmcmVzaCIsImV4cCI6MTc1MDgxNzQ1NSwiaWF0IjoxNzUwMjEyNjU1LCJqdGkiOiIwZDY4YWNlMzgwNzk0ZmFiYmVmMTYzMjgxOWRjN2UzMiIsInVzZXJfaWQiOjl9.KhgaegAOw0J94uSxRAvNYYlZ5zN1JBKE5t7UtBaLtEE	2025-06-18 02:10:55.189661+00	2025-06-25 02:10:55+00	9	0d68ace380794fabbef1632819dc7e32
66	eyJhbGciOiJIUzI1NiIsInR5cCI6IkpXVCJ9.eyJ0b2tlbl90eXBlIjoicmVmcmVzaCIsImV4cCI6MTc1MDgxNzQ1NSwiaWF0IjoxNzUwMjEyNjU1LCJqdGkiOiI4MmViYTQwZmMzZDI0NmNhODg1YmI0MzY1MDcyZmZmYiIsInVzZXJfaWQiOjl9.AyYlOHoi9kFsBt1GJmosnRGvBDmNOmkqEsbZnjM86bM	2025-06-18 02:10:55.197927+00	2025-06-25 02:10:55+00	9	82eba40fc3d246ca885bb4365072fffb
67	eyJhbGciOiJIUzI1NiIsInR5cCI6IkpXVCJ9.eyJ0b2tlbl90eXBlIjoicmVmcmVzaCIsImV4cCI6MTc1MDgxNzQ1NSwiaWF0IjoxNzUwMjEyNjU1LCJqdGkiOiJlZWFlN2FlNmNhMjA0YWE0OTc4N2VlYTcwNTI5Y2JjNCIsInVzZXJfaWQiOjl9.nhpOLklU1XTUxRNkEFb8kd5cul6XRAVEFPvOXXYyrI4	2025-06-18 02:10:55.330581+00	2025-06-25 02:10:55+00	9	eeae7ae6ca204aa49787eea70529cbc4
68	eyJhbGciOiJIUzI1NiIsInR5cCI6IkpXVCJ9.eyJ0b2tlbl90eXBlIjoicmVmcmVzaCIsImV4cCI6MTc1MDgxNzQ1NSwiaWF0IjoxNzUwMjEyNjU1LCJqdGkiOiIzNmZhNmFhZTI2NDI0MzExYWYzZjE0MGQxMTlkMjZlMSIsInVzZXJfaWQiOjl9.TK4t7nnYNY3SQACfSlelJu6Bc75dhdSq-yXfMx-PcrY	2025-06-18 02:10:55.333665+00	2025-06-25 02:10:55+00	9	36fa6aae26424311af3f140d119d26e1
69	eyJhbGciOiJIUzI1NiIsInR5cCI6IkpXVCJ9.eyJ0b2tlbl90eXBlIjoicmVmcmVzaCIsImV4cCI6MTc1MDgxOTI5NSwiaWF0IjoxNzUwMjE0NDk1LCJqdGkiOiIyMTlkMTRiYzdiYjM0YmYwYjQ2NTU4YzU3YTliNzgyZiIsInVzZXJfaWQiOjl9.mXRYtSWQbQsGgQ27HU_Unl7HtveyygldWbzLNdaOUa4	2025-06-18 02:41:35.913234+00	2025-06-25 02:41:35+00	9	219d14bc7bb34bf0b46558c57a9b782f
70	eyJhbGciOiJIUzI1NiIsInR5cCI6IkpXVCJ9.eyJ0b2tlbl90eXBlIjoicmVmcmVzaCIsImV4cCI6MTc1MDgxOTI5NSwiaWF0IjoxNzUwMjE0NDk1LCJqdGkiOiI5YWE1Njg4OTYyYWE0NzFjYWUxYWNhN2QxNmE1YzUxZCIsInVzZXJfaWQiOjl9.IBWBc3N9hAyS0qSPNZ-UDvHW-hloc-3zBJGk5JctVf4	2025-06-18 02:41:35.923095+00	2025-06-25 02:41:35+00	9	9aa5688962aa471cae1aca7d16a5c51d
71	eyJhbGciOiJIUzI1NiIsInR5cCI6IkpXVCJ9.eyJ0b2tlbl90eXBlIjoicmVmcmVzaCIsImV4cCI6MTc1MDgxOTI5NiwiaWF0IjoxNzUwMjE0NDk2LCJqdGkiOiI1YTk2NjEwNDg4Yjc0N2M2YTE4NGZkNTVmNDYyZjI1NCIsInVzZXJfaWQiOjl9.lkT-H46s2pkjFa6k0ot0e1Iu0LZZszeIkfpUnq1JBY8	2025-06-18 02:41:36.05831+00	2025-06-25 02:41:36+00	9	5a96610488b747c6a184fd55f462f254
72	eyJhbGciOiJIUzI1NiIsInR5cCI6IkpXVCJ9.eyJ0b2tlbl90eXBlIjoicmVmcmVzaCIsImV4cCI6MTc1MDgxOTI5NiwiaWF0IjoxNzUwMjE0NDk2LCJqdGkiOiJmMjY4NTljMTVlOWY0NTRiOGViZmIzYjE4YzE1OWQ2MCIsInVzZXJfaWQiOjl9.0oudQ5U3BHRRVUV1QFoZAd-9da55FqmPTJLvhq10Zug	2025-06-18 02:41:36.060488+00	2025-06-25 02:41:36+00	9	f26859c15e9f454b8ebfb3b18c159d60
73	eyJhbGciOiJIUzI1NiIsInR5cCI6IkpXVCJ9.eyJ0b2tlbl90eXBlIjoicmVmcmVzaCIsImV4cCI6MTc1MDgyMTE1OCwiaWF0IjoxNzUwMjE2MzU4LCJqdGkiOiI3NWEwMmY2MzdlZmM0NTE4YWU0NDYxMmY2OWZmY2QwMSIsInVzZXJfaWQiOjl9._PhX2DVH8Vtww6JsIYTN3C3mtDDtMREb4xsGNhO20Oo	2025-06-18 03:12:38.432711+00	2025-06-25 03:12:38+00	9	75a02f637efc4518ae44612f69ffcd01
74	eyJhbGciOiJIUzI1NiIsInR5cCI6IkpXVCJ9.eyJ0b2tlbl90eXBlIjoicmVmcmVzaCIsImV4cCI6MTc1MDgyMTE1OCwiaWF0IjoxNzUwMjE2MzU4LCJqdGkiOiIxMzJhODgxMTFmNDE0YWQ3YmJhYTkwNjJhMjI2ODAzNSIsInVzZXJfaWQiOjl9.KpELWdiUQz6i8bRxRTueWf_EJup9HPJHf_WTznR9E34	2025-06-18 03:12:38.440178+00	2025-06-25 03:12:38+00	9	132a88111f414ad7bbaa9062a2268035
75	eyJhbGciOiJIUzI1NiIsInR5cCI6IkpXVCJ9.eyJ0b2tlbl90eXBlIjoicmVmcmVzaCIsImV4cCI6MTc1MDgyMTE1OCwiaWF0IjoxNzUwMjE2MzU4LCJqdGkiOiJmMzMxZTU2MDQ5ODA0MzViOGUxYzVlMzIzZmIwM2JlMSIsInVzZXJfaWQiOjl9.tqptmDfC2dAdqOpAUu8S_jHurRyXyAH_tt2Kzi2JN6s	2025-06-18 03:12:38.572611+00	2025-06-25 03:12:38+00	9	f331e5604980435b8e1c5e323fb03be1
76	eyJhbGciOiJIUzI1NiIsInR5cCI6IkpXVCJ9.eyJ0b2tlbl90eXBlIjoicmVmcmVzaCIsImV4cCI6MTc1MDgyMTE1OCwiaWF0IjoxNzUwMjE2MzU4LCJqdGkiOiIwMDFjMjY0ODQ4ZDY0OTRhYTZkMzZkZDU2NmMzNDI3ZSIsInVzZXJfaWQiOjl9.4MYCe_rdngZk_kp_hvWlR4uNYlXwocoSmQtsxsMlswc	2025-06-18 03:12:38.574683+00	2025-06-25 03:12:38+00	9	001c264848d6494aa6d36dd566c3427e
77	eyJhbGciOiJIUzI1NiIsInR5cCI6IkpXVCJ9.eyJ0b2tlbl90eXBlIjoicmVmcmVzaCIsImV4cCI6MTc1MDgyMzg1NCwiaWF0IjoxNzUwMjE5MDU0LCJqdGkiOiIwOWQ0NjYxOTEzNWE0NDMwYTk1ZDk1ZWUwN2ZmNzhhZCIsInVzZXJfaWQiOjl9.nsf9mojKlyesdqPx8vBONxOHoxVuFDy-80FEiu0Hq58	2025-06-18 03:57:34.547263+00	2025-06-25 03:57:34+00	9	09d46619135a4430a95d95ee07ff78ad
78	eyJhbGciOiJIUzI1NiIsInR5cCI6IkpXVCJ9.eyJ0b2tlbl90eXBlIjoicmVmcmVzaCIsImV4cCI6MTc1MDgyMzg1NCwiaWF0IjoxNzUwMjE5MDU0LCJqdGkiOiIzNDdjZjQ2NGY1Yjg0MzFlOWU3NWFjYjliYTI4OTRlNyIsInVzZXJfaWQiOjl9.yAhqyNyU0pAklqagmgWlJvcniaXKM5ACV6aPYl6jVZg	2025-06-18 03:57:34.557648+00	2025-06-25 03:57:34+00	9	347cf464f5b8431e9e75acb9ba2894e7
79	eyJhbGciOiJIUzI1NiIsInR5cCI6IkpXVCJ9.eyJ0b2tlbl90eXBlIjoicmVmcmVzaCIsImV4cCI6MTc1MDgyMzg1NCwiaWF0IjoxNzUwMjE5MDU0LCJqdGkiOiI1N2U2MmNiMzQ3YTU0MTIzYmJlNjUxYTE2MDBmNTU0YSIsInVzZXJfaWQiOjl9.8eNBUaTy6vPD59oxQSbgUF1t1DYEvKozm_2XzMKaKCo	2025-06-18 03:57:34.692345+00	2025-06-25 03:57:34+00	9	57e62cb347a54123bbe651a1600f554a
80	eyJhbGciOiJIUzI1NiIsInR5cCI6IkpXVCJ9.eyJ0b2tlbl90eXBlIjoicmVmcmVzaCIsImV4cCI6MTc1MDgyMzg1NCwiaWF0IjoxNzUwMjE5MDU0LCJqdGkiOiJhMDcwMjkxZjAwMTI0M2IyYWY5OTUzNWQ1NDRkYjRhZSIsInVzZXJfaWQiOjl9.EGl1lnijZ72wwlZqcIVnW_NaVffsAVYpQBy4l6AadfQ	2025-06-18 03:57:34.694888+00	2025-06-25 03:57:34+00	9	a070291f001243b2af99535d544db4ae
81	eyJhbGciOiJIUzI1NiIsInR5cCI6IkpXVCJ9.eyJ0b2tlbl90eXBlIjoicmVmcmVzaCIsImV4cCI6MTc1MDgyNjIwMSwiaWF0IjoxNzUwMjIxNDAxLCJqdGkiOiJiZjcxYzRhMWVlNWQ0ZTBjOTNmZDQyYWNiMmFjNTVhMSIsInVzZXJfaWQiOjl9.X-jzzWocWqsaeZjbrTDrWJpXNtTMrisqNQ_zOsR_r_w	2025-06-18 04:36:41.276479+00	2025-06-25 04:36:41+00	9	bf71c4a1ee5d4e0c93fd42acb2ac55a1
82	eyJhbGciOiJIUzI1NiIsInR5cCI6IkpXVCJ9.eyJ0b2tlbl90eXBlIjoicmVmcmVzaCIsImV4cCI6MTc1MDgyNjIwMSwiaWF0IjoxNzUwMjIxNDAxLCJqdGkiOiI0MWI1YjA1ZTYwNTQ0YzIzYjkxNGFlMWRmNDg4NTc4MCIsInVzZXJfaWQiOjl9.iZM2zpxM9hceRZBCwUVzye_t1CVtOSR8uQqdZPRhRUc	2025-06-18 04:36:41.282882+00	2025-06-25 04:36:41+00	9	41b5b05e60544c23b914ae1df4885780
83	eyJhbGciOiJIUzI1NiIsInR5cCI6IkpXVCJ9.eyJ0b2tlbl90eXBlIjoicmVmcmVzaCIsImV4cCI6MTc1MDgyNjIwMSwiaWF0IjoxNzUwMjIxNDAxLCJqdGkiOiIyNmYxYTRhZDc5NTc0MGE5ODVlZTNmMDNmMzYyNzI0YyIsInVzZXJfaWQiOjl9.oBmzNmCWMJ8y9ONVGTAYEzCzSvoEowTnAAhCCsk_GCc	2025-06-18 04:36:41.422529+00	2025-06-25 04:36:41+00	9	26f1a4ad795740a985ee3f03f362724c
84	eyJhbGciOiJIUzI1NiIsInR5cCI6IkpXVCJ9.eyJ0b2tlbl90eXBlIjoicmVmcmVzaCIsImV4cCI6MTc1MDgyNjIwMSwiaWF0IjoxNzUwMjIxNDAxLCJqdGkiOiJhM2JmNDAzMDBlOTQ0NjIwOGZlODA2NzYxMzUyYmU2ZSIsInVzZXJfaWQiOjl9.yJeDRsHU15wEu7D9pTn0K_M-GEYbowxTp7hRHszy1XQ	2025-06-18 04:36:41.424723+00	2025-06-25 04:36:41+00	9	a3bf40300e9446208fe806761352be6e
85	eyJhbGciOiJIUzI1NiIsInR5cCI6IkpXVCJ9.eyJ0b2tlbl90eXBlIjoicmVmcmVzaCIsImV4cCI6MTc1MDg3NjM0OCwiaWF0IjoxNzUwMjcxNTQ4LCJqdGkiOiI5YTM5Nzc0ZGM2NjU0ZTYxYmYyNzQ1YzU3ZGZhMWZlOCIsInVzZXJfaWQiOjl9.k8gderH_bQ6u-Pz13yksF_7t3oSMw_KdTUQu-SYjrnk	2025-06-18 18:32:28.286875+00	2025-06-25 18:32:28+00	9	9a39774dc6654e61bf2745c57dfa1fe8
86	eyJhbGciOiJIUzI1NiIsInR5cCI6IkpXVCJ9.eyJ0b2tlbl90eXBlIjoicmVmcmVzaCIsImV4cCI6MTc1MDg3NjM0OCwiaWF0IjoxNzUwMjcxNTQ4LCJqdGkiOiJlOTIzZDRlMDViODQ0YWIwOWIwZWU2MDczNjA2NjkwMiIsInVzZXJfaWQiOjl9.z9eh8gYoMT91B5xdlWmHtqzXV1hHFZ0LIsk7rI5krXc	2025-06-18 18:32:28.297827+00	2025-06-25 18:32:28+00	9	e923d4e05b844ab09b0ee60736066902
87	eyJhbGciOiJIUzI1NiIsInR5cCI6IkpXVCJ9.eyJ0b2tlbl90eXBlIjoicmVmcmVzaCIsImV4cCI6MTc1MDg3NjM0OCwiaWF0IjoxNzUwMjcxNTQ4LCJqdGkiOiI1MmI2Y2NkN2FkYzE0YzkyODUzMDlhOGJiYmQ0NzVjYiIsInVzZXJfaWQiOjl9.ATPVCdqiTigM-aOUCHucN0bW2fEso1YxeLLWvcZo7Uc	2025-06-18 18:32:28.450744+00	2025-06-25 18:32:28+00	9	52b6ccd7adc14c9285309a8bbbd475cb
88	eyJhbGciOiJIUzI1NiIsInR5cCI6IkpXVCJ9.eyJ0b2tlbl90eXBlIjoicmVmcmVzaCIsImV4cCI6MTc1MDg3NjM0OCwiaWF0IjoxNzUwMjcxNTQ4LCJqdGkiOiIzYWQ0MzJhYmM4NjI0YzMyYjE4MWRhODIxNzczZjc1YSIsInVzZXJfaWQiOjl9.fYbLw4d6veMAoFF4UPMkQSEhPY1K2WCVNg5HWaHsILI	2025-06-18 18:32:28.453225+00	2025-06-25 18:32:28+00	9	3ad432abc8624c32b181da821773f75a
89	eyJhbGciOiJIUzI1NiIsInR5cCI6IkpXVCJ9.eyJ0b2tlbl90eXBlIjoicmVmcmVzaCIsImV4cCI6MTc1MDkwMzY2OCwiaWF0IjoxNzUwMjk4ODY4LCJqdGkiOiIxNDBiN2UyOWRlYWM0ZjAxOTYwZTBhZDY3Y2MyOGYyMCIsInVzZXJfaWQiOjl9.NF6ZXEsr4QY_t3lX_1WKhZ8OXolAkIya3dpVC736tDM	2025-06-19 02:07:48.579005+00	2025-06-26 02:07:48+00	9	140b7e29deac4f01960e0ad67cc28f20
90	eyJhbGciOiJIUzI1NiIsInR5cCI6IkpXVCJ9.eyJ0b2tlbl90eXBlIjoicmVmcmVzaCIsImV4cCI6MTc1MDkwMzY2OCwiaWF0IjoxNzUwMjk4ODY4LCJqdGkiOiJkY2Y5YzE1MjBjNWQ0ZDRmOWEyN2ExYjIzNWUwMGQwNiIsInVzZXJfaWQiOjl9.REJtEykgoIu0V3XhojJrvEyvom2mql3vv-07Uz9xyQE	2025-06-19 02:07:48.593646+00	2025-06-26 02:07:48+00	9	dcf9c1520c5d4d4f9a27a1b235e00d06
91	eyJhbGciOiJIUzI1NiIsInR5cCI6IkpXVCJ9.eyJ0b2tlbl90eXBlIjoicmVmcmVzaCIsImV4cCI6MTc1MDkwMzY2OCwiaWF0IjoxNzUwMjk4ODY4LCJqdGkiOiJhYjA2ZTgwNzQ2Yzg0MWM4OWUyMzUzMzQ3NGRmNzM4YSIsInVzZXJfaWQiOjl9.ab3kryhTdr7PUhL_hxk8GMv01oo7Zv9iuz17MWbunyU	2025-06-19 02:07:48.755171+00	2025-06-26 02:07:48+00	9	ab06e80746c841c89e23533474df738a
92	eyJhbGciOiJIUzI1NiIsInR5cCI6IkpXVCJ9.eyJ0b2tlbl90eXBlIjoicmVmcmVzaCIsImV4cCI6MTc1MDkwMzY2OCwiaWF0IjoxNzUwMjk4ODY4LCJqdGkiOiJhNmMyM2Q5Y2YwNjA0NGM5OWNlOWZmMzRlNTkyOTdlMCIsInVzZXJfaWQiOjl9.BgdLpeirTp_4s2nlLl646G9aSe8hdojNYfDeMcUFdN8	2025-06-19 02:07:48.758088+00	2025-06-26 02:07:48+00	9	a6c23d9cf06044c99ce9ff34e59297e0
93	eyJhbGciOiJIUzI1NiIsInR5cCI6IkpXVCJ9.eyJ0b2tlbl90eXBlIjoicmVmcmVzaCIsImV4cCI6MTc1MDkwODUyNCwiaWF0IjoxNzUwMzAzNzI0LCJqdGkiOiJjY2M3ODFkNTRjYjY0ZGM1YmFiNzUwNTdmYWIxYWY1MCIsInVzZXJfaWQiOjl9.8QjIiiubHt-yRvOzr6TnH-ef88ptf0cOn8Q5gBugpVg	2025-06-19 03:28:44.215311+00	2025-06-26 03:28:44+00	9	ccc781d54cb64dc5bab75057fab1af50
94	eyJhbGciOiJIUzI1NiIsInR5cCI6IkpXVCJ9.eyJ0b2tlbl90eXBlIjoicmVmcmVzaCIsImV4cCI6MTc1MDkwODUyNCwiaWF0IjoxNzUwMzAzNzI0LCJqdGkiOiI5YmY3Njc0Yjk4M2U0NTU0ODY4Mzg5MGU2ZDZjMDdlNCIsInVzZXJfaWQiOjl9.C80QxHKL5DSOG_8dmdKIgPlxGQYjSH18JTDN9E6GeAU	2025-06-19 03:28:44.224381+00	2025-06-26 03:28:44+00	9	9bf7674b983e45548683890e6d6c07e4
95	eyJhbGciOiJIUzI1NiIsInR5cCI6IkpXVCJ9.eyJ0b2tlbl90eXBlIjoicmVmcmVzaCIsImV4cCI6MTc1MDkwODUyNCwiaWF0IjoxNzUwMzAzNzI0LCJqdGkiOiJjYmRkNzE0MTdjODk0ZWZmYTg3NGFmYjk3MDZiMjZhNCIsInVzZXJfaWQiOjl9._iZmQd_hbBLLVs_bCcmw7sil4S4uTwTeL_NJOohrCfY	2025-06-19 03:28:44.37162+00	2025-06-26 03:28:44+00	9	cbdd71417c894effa874afb9706b26a4
96	eyJhbGciOiJIUzI1NiIsInR5cCI6IkpXVCJ9.eyJ0b2tlbl90eXBlIjoicmVmcmVzaCIsImV4cCI6MTc1MDkwODUyNCwiaWF0IjoxNzUwMzAzNzI0LCJqdGkiOiI5NzJmODg1MDM5OTk0MjRhODVkN2I0MTc2ZTg2NzBjMyIsInVzZXJfaWQiOjl9.0nzIHmJXdshbbw2orjHqBxvqWj6ZmANwf0tQqFphcVQ	2025-06-19 03:28:44.374199+00	2025-06-26 03:28:44+00	9	972f88503999424a85d7b4176e8670c3
97	eyJhbGciOiJIUzI1NiIsInR5cCI6IkpXVCJ9.eyJ0b2tlbl90eXBlIjoicmVmcmVzaCIsImV4cCI6MTc1MDk1ODgxOCwiaWF0IjoxNzUwMzU0MDE4LCJqdGkiOiIwMjJhYTI5YzkxODk0ZWFlYmNmYTQ0NTc4MTc3ZTg1NyIsInVzZXJfaWQiOjl9.QHWPX7v2Pq98YUDbgLI4ZfvZA7SC6StGs_su-cozv1w	2025-06-19 17:26:58.432562+00	2025-06-26 17:26:58+00	9	022aa29c91894eaebcfa44578177e857
98	eyJhbGciOiJIUzI1NiIsInR5cCI6IkpXVCJ9.eyJ0b2tlbl90eXBlIjoicmVmcmVzaCIsImV4cCI6MTc1MDk1ODgxOCwiaWF0IjoxNzUwMzU0MDE4LCJqdGkiOiI0YzAwYzRkMjI1MTc0YzRiYjZmOGJjMmM0MTNkNDk2MyIsInVzZXJfaWQiOjl9.hFbjxklMC40MVZzieePIVbmdsS_bRm_aZnoEY8JsFfQ	2025-06-19 17:26:58.449038+00	2025-06-26 17:26:58+00	9	4c00c4d225174c4bb6f8bc2c413d4963
99	eyJhbGciOiJIUzI1NiIsInR5cCI6IkpXVCJ9.eyJ0b2tlbl90eXBlIjoicmVmcmVzaCIsImV4cCI6MTc1MDk1ODgxOCwiaWF0IjoxNzUwMzU0MDE4LCJqdGkiOiJkZjVmMmJjYWMzYTU0ZmU5YmZkZWE4Y2RjMjZlY2QzYiIsInVzZXJfaWQiOjl9.U2R5ZOmXibI0ZQ_lJ_KO-d8VtEtSvimSVqTrTHsaR1k	2025-06-19 17:26:58.591135+00	2025-06-26 17:26:58+00	9	df5f2bcac3a54fe9bfdea8cdc26ecd3b
100	eyJhbGciOiJIUzI1NiIsInR5cCI6IkpXVCJ9.eyJ0b2tlbl90eXBlIjoicmVmcmVzaCIsImV4cCI6MTc1MDk1ODgxOCwiaWF0IjoxNzUwMzU0MDE4LCJqdGkiOiI1NTYxZWU3NDlhZDA0YWY5YjczMTY2OGFiNzlmMzlkMSIsInVzZXJfaWQiOjl9.XutSHNGxOTCafNgvJdU33MWm9iR_eff6J8PtLhwzp5s	2025-06-19 17:26:58.594203+00	2025-06-26 17:26:58+00	9	5561ee749ad04af9b731668ab79f39d1
101	eyJhbGciOiJIUzI1NiIsInR5cCI6IkpXVCJ9.eyJ0b2tlbl90eXBlIjoicmVmcmVzaCIsImV4cCI6MTc1MDk2MjYxOCwiaWF0IjoxNzUwMzU3ODE4LCJqdGkiOiIyMmIxN2Y2ZjQ3Y2M0NzMyODA2ZWI2YzZlYWQ2NTYxMCIsInVzZXJfaWQiOjl9.tzGFdjavl-yaPzAr_ekYlj4stvsyZ04E89bO26UCl6g	2025-06-19 18:30:18.04544+00	2025-06-26 18:30:18+00	9	22b17f6f47cc4732806eb6c6ead65610
102	eyJhbGciOiJIUzI1NiIsInR5cCI6IkpXVCJ9.eyJ0b2tlbl90eXBlIjoicmVmcmVzaCIsImV4cCI6MTc1MDk2MjYxOCwiaWF0IjoxNzUwMzU3ODE4LCJqdGkiOiIwZDAzMDg1MmJiM2E0ZmEzYTliMDQ2YzEzZDI0YjA5ZiIsInVzZXJfaWQiOjl9.Hl6LnCvuOkVAxOnWOrmALmxfV-OOR9ZLp9enyVtJSrE	2025-06-19 18:30:18.051848+00	2025-06-26 18:30:18+00	9	0d030852bb3a4fa3a9b046c13d24b09f
103	eyJhbGciOiJIUzI1NiIsInR5cCI6IkpXVCJ9.eyJ0b2tlbl90eXBlIjoicmVmcmVzaCIsImV4cCI6MTc1MDk2MjYxOCwiaWF0IjoxNzUwMzU3ODE4LCJqdGkiOiIzOTNiYzZiMjg2ZDk0Mjc2Yjg2MTNjOWRjNGZlZGVkOCIsInVzZXJfaWQiOjl9.FQeVIc2iFmppMaa8zFsHYE7LaItapdTMJw8Qrs1jvKk	2025-06-19 18:30:18.199902+00	2025-06-26 18:30:18+00	9	393bc6b286d94276b8613c9dc4feded8
104	eyJhbGciOiJIUzI1NiIsInR5cCI6IkpXVCJ9.eyJ0b2tlbl90eXBlIjoicmVmcmVzaCIsImV4cCI6MTc1MDk2MjYxOCwiaWF0IjoxNzUwMzU3ODE4LCJqdGkiOiI0Y2JhMjY4NTc0OGY0ZmQ5ODYzYmE4MWYyNjBiM2NmMSIsInVzZXJfaWQiOjl9.RIgn-Qcfvz0IvgZq6-gYaxKsnRF8OyfGmKsL1Fvg71E	2025-06-19 18:30:18.202209+00	2025-06-26 18:30:18+00	9	4cba2685748f4fd9863ba81f260b3cf1
105	eyJhbGciOiJIUzI1NiIsInR5cCI6IkpXVCJ9.eyJ0b2tlbl90eXBlIjoicmVmcmVzaCIsImV4cCI6MTc1MDk4MTYyOSwiaWF0IjoxNzUwMzc2ODI5LCJqdGkiOiIyYmRiZTg4N2YwOTU0OTFiOGZkNjMyODc3MTNkMjlhZCIsInVzZXJfaWQiOjl9.p5EePEFEidpdc2Ob5YQDBQxwxaQ_XMS8zMepU4tLBSg	2025-06-19 23:47:09.945257+00	2025-06-26 23:47:09+00	9	2bdbe887f095491b8fd63287713d29ad
106	eyJhbGciOiJIUzI1NiIsInR5cCI6IkpXVCJ9.eyJ0b2tlbl90eXBlIjoicmVmcmVzaCIsImV4cCI6MTc1MDk4MTYyOSwiaWF0IjoxNzUwMzc2ODI5LCJqdGkiOiIxZTYxMDRhYmFkMWI0NDc4OTc2OWE1MjU1NDhmNTNhYSIsInVzZXJfaWQiOjl9.i1HRSk3eKotK3y_4f0UQx4xRw8X5jA0Zs5Fi1F0wAwQ	2025-06-19 23:47:09.952005+00	2025-06-26 23:47:09+00	9	1e6104abad1b44789769a525548f53aa
107	eyJhbGciOiJIUzI1NiIsInR5cCI6IkpXVCJ9.eyJ0b2tlbl90eXBlIjoicmVmcmVzaCIsImV4cCI6MTc1MDk4MTYzMCwiaWF0IjoxNzUwMzc2ODMwLCJqdGkiOiI3YjZjMDQyNWMyNjg0MTkzYjhhNzM4NjE1NWNkNmIxNSIsInVzZXJfaWQiOjl9.K89dtFXrFVq-rIdo2F0Kc6Yy6mNqlrHx0OweV20WgOw	2025-06-19 23:47:10.096873+00	2025-06-26 23:47:10+00	9	7b6c0425c2684193b8a7386155cd6b15
108	eyJhbGciOiJIUzI1NiIsInR5cCI6IkpXVCJ9.eyJ0b2tlbl90eXBlIjoicmVmcmVzaCIsImV4cCI6MTc1MDk4MTYzMCwiaWF0IjoxNzUwMzc2ODMwLCJqdGkiOiI1MzhkNWUzMzdkNTQ0ZjEwOGE0OWE2OGZiOWY4MWNhYSIsInVzZXJfaWQiOjl9.ZuToabNYFs-eP6Aviu-pRO1Gy41P2oPV1SGowMsVEG0	2025-06-19 23:47:10.09948+00	2025-06-26 23:47:10+00	9	538d5e337d544f108a49a68fb9f81caa
109	eyJhbGciOiJIUzI1NiIsInR5cCI6IkpXVCJ9.eyJ0b2tlbl90eXBlIjoicmVmcmVzaCIsImV4cCI6MTc1MDk4NDMxMiwiaWF0IjoxNzUwMzc5NTEyLCJqdGkiOiJmYzg3YmUzODdhNGE0ZmQzODJmNzdiZjhkYTBiODcwMiIsInVzZXJfaWQiOjl9.WbvxX7hYPk67GkvVIoGKgAtON3LZbicC2Jm2TU0do8I	2025-06-20 00:31:52.617468+00	2025-06-27 00:31:52+00	9	fc87be387a4a4fd382f77bf8da0b8702
110	eyJhbGciOiJIUzI1NiIsInR5cCI6IkpXVCJ9.eyJ0b2tlbl90eXBlIjoicmVmcmVzaCIsImV4cCI6MTc1MDk4NDMxMiwiaWF0IjoxNzUwMzc5NTEyLCJqdGkiOiJlM2E1N2JhNzEzMTA0NTAxODI2ODA5ZWY4OTE0MzFhYyIsInVzZXJfaWQiOjl9.aPZPa6w68nrxDIJsAu14nCmj6yF1x6-YdYsFYMGaOAA	2025-06-20 00:31:52.622704+00	2025-06-27 00:31:52+00	9	e3a57ba713104501826809ef891431ac
111	eyJhbGciOiJIUzI1NiIsInR5cCI6IkpXVCJ9.eyJ0b2tlbl90eXBlIjoicmVmcmVzaCIsImV4cCI6MTc1MDk4NDMxMiwiaWF0IjoxNzUwMzc5NTEyLCJqdGkiOiIyNmRlZTk0ZjczNzA0NzFlYWIzYTVmNmNhMTlmYjA3MCIsInVzZXJfaWQiOjl9.82guK5KF6Uc1AfZmcEYZYkCwhoZPzxWGt42otQnrq94	2025-06-20 00:31:52.763744+00	2025-06-27 00:31:52+00	9	26dee94f7370471eab3a5f6ca19fb070
112	eyJhbGciOiJIUzI1NiIsInR5cCI6IkpXVCJ9.eyJ0b2tlbl90eXBlIjoicmVmcmVzaCIsImV4cCI6MTc1MDk4NDMxMiwiaWF0IjoxNzUwMzc5NTEyLCJqdGkiOiIyNWExOWI2MDg3ZjU0M2VkYThkZmZhNDJlODBiNzM3ZSIsInVzZXJfaWQiOjl9.0nR4HhPi1RqyrZa9hv1C25EuD58OkmzZHjujCZPbYh0	2025-06-20 00:31:52.766055+00	2025-06-27 00:31:52+00	9	25a19b6087f543eda8dffa42e80b737e
113	eyJhbGciOiJIUzI1NiIsInR5cCI6IkpXVCJ9.eyJ0b2tlbl90eXBlIjoicmVmcmVzaCIsImV4cCI6MTc1MDk4NzM4NSwiaWF0IjoxNzUwMzgyNTg1LCJqdGkiOiJiNDBiMTFlZDk4M2U0ZTc2OWIxN2ZmMjZhZTY2MGNkOCIsInVzZXJfaWQiOjl9.XRx_RnGGZUkOPUfhK23s59SZZGmqBcfMR5pe_ZQjB-o	2025-06-20 01:23:05.982379+00	2025-06-27 01:23:05+00	9	b40b11ed983e4e769b17ff26ae660cd8
114	eyJhbGciOiJIUzI1NiIsInR5cCI6IkpXVCJ9.eyJ0b2tlbl90eXBlIjoicmVmcmVzaCIsImV4cCI6MTc1MDk4NzM4NSwiaWF0IjoxNzUwMzgyNTg1LCJqdGkiOiIyZmY3YmJkNzAzMGM0MGEwOGM0MmZjMWYyN2UyZGExZSIsInVzZXJfaWQiOjl9.sVD3QmBTf6g6gp4LjNbEGVtRnbXU4sh-sKz6BVikPQs	2025-06-20 01:23:05.988529+00	2025-06-27 01:23:05+00	9	2ff7bbd7030c40a08c42fc1f27e2da1e
115	eyJhbGciOiJIUzI1NiIsInR5cCI6IkpXVCJ9.eyJ0b2tlbl90eXBlIjoicmVmcmVzaCIsImV4cCI6MTc1MDk4NzM4NiwiaWF0IjoxNzUwMzgyNTg2LCJqdGkiOiI1ZDczNGU5OWZiODU0ZGM1YjI4NGYyMTYyYTg0YmY4OSIsInVzZXJfaWQiOjl9.A4k59H05I_rx3BZY-cQjAhRMRVkxTguCdnmw0AzqS5M	2025-06-20 01:23:06.12906+00	2025-06-27 01:23:06+00	9	5d734e99fb854dc5b284f2162a84bf89
116	eyJhbGciOiJIUzI1NiIsInR5cCI6IkpXVCJ9.eyJ0b2tlbl90eXBlIjoicmVmcmVzaCIsImV4cCI6MTc1MDk4NzM4NiwiaWF0IjoxNzUwMzgyNTg2LCJqdGkiOiJmODVlOTRkMDRmNDQ0Mzc3ODc4YjViZTk3NTM5NGY3MSIsInVzZXJfaWQiOjl9.EV3FIrNeqZb41Cb5ohXiC_n4v5KGvzNBmfJxhW1pEVs	2025-06-20 01:23:06.13112+00	2025-06-27 01:23:06+00	9	f85e94d04f444377878b5be975394f71
117	eyJhbGciOiJIUzI1NiIsInR5cCI6IkpXVCJ9.eyJ0b2tlbl90eXBlIjoicmVmcmVzaCIsImV4cCI6MTc1MDk5NDQ4MywiaWF0IjoxNzUwMzg5NjgzLCJqdGkiOiI1ZmM1ZWM4ODQ5Zjk0MWYxODdkZWZiNzYxYjBjYzkwMyIsInVzZXJfaWQiOjl9.NSd6Ey-OSGqFqZIk52pYs3b2EwH7qzfmpgKLL3xlwow	2025-06-20 03:21:23.53875+00	2025-06-27 03:21:23+00	9	5fc5ec8849f941f187defb761b0cc903
118	eyJhbGciOiJIUzI1NiIsInR5cCI6IkpXVCJ9.eyJ0b2tlbl90eXBlIjoicmVmcmVzaCIsImV4cCI6MTc1MDk5NDQ4MywiaWF0IjoxNzUwMzg5NjgzLCJqdGkiOiI0NTY5YmQ4N2Y5ZjY0NGMxOTk3NWIxMDZjM2NlYjU2NCIsInVzZXJfaWQiOjl9.4cj5pET56H7rzFNpdRa_vYFFWndOC4cRH289Q7fSaQk	2025-06-20 03:21:23.551969+00	2025-06-27 03:21:23+00	9	4569bd87f9f644c19975b106c3ceb564
119	eyJhbGciOiJIUzI1NiIsInR5cCI6IkpXVCJ9.eyJ0b2tlbl90eXBlIjoicmVmcmVzaCIsImV4cCI6MTc1MDk5NDQ4MywiaWF0IjoxNzUwMzg5NjgzLCJqdGkiOiI1ZWM3MGQ0NWM4ZDg0MTMyOTJkZjc2ZjdjYzljNzk2MiIsInVzZXJfaWQiOjl9.Dws0KI4gY04uZXRwscRbIyO2bjRSoAv0DEg-JzA3Kjw	2025-06-20 03:21:23.69165+00	2025-06-27 03:21:23+00	9	5ec70d45c8d8413292df76f7cc9c7962
120	eyJhbGciOiJIUzI1NiIsInR5cCI6IkpXVCJ9.eyJ0b2tlbl90eXBlIjoicmVmcmVzaCIsImV4cCI6MTc1MDk5NDQ4MywiaWF0IjoxNzUwMzg5NjgzLCJqdGkiOiJiNDU2ZmQxYTQ2MjI0ZjYxOTc4YTVlOGU2MDMyMDU4MSIsInVzZXJfaWQiOjl9.4YXBXXRFacfYVRTwPTuAJFmY_P7ICJdtaRvm9eUWhyE	2025-06-20 03:21:23.694051+00	2025-06-27 03:21:23+00	9	b456fd1a46224f61978a5e8e60320581
121	eyJhbGciOiJIUzI1NiIsInR5cCI6IkpXVCJ9.eyJ0b2tlbl90eXBlIjoicmVmcmVzaCIsImV4cCI6MTc1MDk5NDU0MCwiaWF0IjoxNzUwMzg5NzQwLCJqdGkiOiI0MzFkYjdjNjUxOTg0ZTA1ODVhYjJlNzkzZGJjN2QyOCIsInVzZXJfaWQiOjl9._teTJi1TpytAb1Au9Qaow0yzj2vk9q1lsfVpwUFGoro	2025-06-20 03:22:20.140376+00	2025-06-27 03:22:20+00	9	431db7c651984e0585ab2e793dbc7d28
122	eyJhbGciOiJIUzI1NiIsInR5cCI6IkpXVCJ9.eyJ0b2tlbl90eXBlIjoicmVmcmVzaCIsImV4cCI6MTc1MDk5NDU0MCwiaWF0IjoxNzUwMzg5NzQwLCJqdGkiOiJlMGQ2NDViY2FiNDM0NzdiODBlZTU4ZWExNmIzMWRjMSIsInVzZXJfaWQiOjl9.K6KIKA7njOu-FTVZ2wnqB_rIpzGdKxEnxx1gx4CS5OQ	2025-06-20 03:22:20.150505+00	2025-06-27 03:22:20+00	9	e0d645bcab43477b80ee58ea16b31dc1
123	eyJhbGciOiJIUzI1NiIsInR5cCI6IkpXVCJ9.eyJ0b2tlbl90eXBlIjoicmVmcmVzaCIsImV4cCI6MTc1MDk5NDU0MCwiaWF0IjoxNzUwMzg5NzQwLCJqdGkiOiIwZGJkNTEyNTY3ZWQ0NTdkYjg2NjMyOGJhOTA4ZGM4MyIsInVzZXJfaWQiOjl9.EOqazpJaoGs4GXiLV7kkXSi7RIRkz5RV7Mo4EOTYEZw	2025-06-20 03:22:20.302017+00	2025-06-27 03:22:20+00	9	0dbd512567ed457db866328ba908dc83
124	eyJhbGciOiJIUzI1NiIsInR5cCI6IkpXVCJ9.eyJ0b2tlbl90eXBlIjoicmVmcmVzaCIsImV4cCI6MTc1MDk5NDU0MCwiaWF0IjoxNzUwMzg5NzQwLCJqdGkiOiI1ODhkNjgxZjEyMWQ0NzE1OGE4YmE0MjBhNjU0YmEwYiIsInVzZXJfaWQiOjl9.Ctap-02FPUpuNnuyc9PL9ak6jVovhO_dU2dRMjD0Ku4	2025-06-20 03:22:20.304817+00	2025-06-27 03:22:20+00	9	588d681f121d47158a8ba420a654ba0b
125	eyJhbGciOiJIUzI1NiIsInR5cCI6IkpXVCJ9.eyJ0b2tlbl90eXBlIjoicmVmcmVzaCIsImV4cCI6MTc1MTAwMDQ4NSwiaWF0IjoxNzUwMzk1Njg1LCJqdGkiOiIyYjUwMTk4NjBkOTY0ZTU2YmM1Yzk3NzVjYTA5YzAzYyIsInVzZXJfaWQiOjl9.rC9w0JdS6jBRAjFS-Vwg5JVcwrdXeh5EAjcbnJWkuoU	2025-06-20 05:01:25.271969+00	2025-06-27 05:01:25+00	9	2b5019860d964e56bc5c9775ca09c03c
126	eyJhbGciOiJIUzI1NiIsInR5cCI6IkpXVCJ9.eyJ0b2tlbl90eXBlIjoicmVmcmVzaCIsImV4cCI6MTc1MTAwMDQ4NSwiaWF0IjoxNzUwMzk1Njg1LCJqdGkiOiJmYmIyMmIyMjRjNGM0YWQ2ODEyMDE1NDM4YWY1ZDlhYiIsInVzZXJfaWQiOjl9.KWMv-Re-SC69MbcWPzNubaJ0sExenvS_RUFXqMatEsM	2025-06-20 05:01:25.279732+00	2025-06-27 05:01:25+00	9	fbb22b224c4c4ad6812015438af5d9ab
127	eyJhbGciOiJIUzI1NiIsInR5cCI6IkpXVCJ9.eyJ0b2tlbl90eXBlIjoicmVmcmVzaCIsImV4cCI6MTc1MTAwMDQ4NSwiaWF0IjoxNzUwMzk1Njg1LCJqdGkiOiJmYzFkYTA3YTU2YWE0NzgxOGNlNzdjOWU5ODFkMzRkNSIsInVzZXJfaWQiOjl9.wFBJv1THkZo3T8bTZp5sr24tcZxx92WF7M9KsFwlowc	2025-06-20 05:01:25.421018+00	2025-06-27 05:01:25+00	9	fc1da07a56aa47818ce77c9e981d34d5
128	eyJhbGciOiJIUzI1NiIsInR5cCI6IkpXVCJ9.eyJ0b2tlbl90eXBlIjoicmVmcmVzaCIsImV4cCI6MTc1MTAwMDQ4NSwiaWF0IjoxNzUwMzk1Njg1LCJqdGkiOiI4ODdlYjE2NmZjMzI0ZDA1OTVmYmVhYmFiZTgwY2E5MyIsInVzZXJfaWQiOjl9.Nmwhj4DoL7rQXC_RsTRijL68aFikHEQycw8U2OGWVuo	2025-06-20 05:01:25.424025+00	2025-06-27 05:01:25+00	9	887eb166fc324d0595fbeababe80ca93
129	eyJhbGciOiJIUzI1NiIsInR5cCI6IkpXVCJ9.eyJ0b2tlbl90eXBlIjoicmVmcmVzaCIsImV4cCI6MTc1MTAwNDIzOSwiaWF0IjoxNzUwMzk5NDM5LCJqdGkiOiI0MDBhYTk2MmU1Nzk0Y2QwYjc3NDk3MjljNzFlZWFlZCIsInVzZXJfaWQiOjl9.aOqtsRE1dWYD0In5wN2Mq5-biqrdgASe9-dQtz4h2kU	2025-06-20 06:03:59.646368+00	2025-06-27 06:03:59+00	9	400aa962e5794cd0b7749729c71eeaed
130	eyJhbGciOiJIUzI1NiIsInR5cCI6IkpXVCJ9.eyJ0b2tlbl90eXBlIjoicmVmcmVzaCIsImV4cCI6MTc1MTAwNDIzOSwiaWF0IjoxNzUwMzk5NDM5LCJqdGkiOiI5ZGFlNWJkOWExZDU0NDIwOWY4ZGRhNjAzMjVjMDc0YSIsInVzZXJfaWQiOjl9.qyiWcvYjz588ctOhlirpHhdGcYHK5UEx5pBXJYKmc7Y	2025-06-20 06:03:59.656706+00	2025-06-27 06:03:59+00	9	9dae5bd9a1d544209f8dda60325c074a
131	eyJhbGciOiJIUzI1NiIsInR5cCI6IkpXVCJ9.eyJ0b2tlbl90eXBlIjoicmVmcmVzaCIsImV4cCI6MTc1MTAwNDIzOSwiaWF0IjoxNzUwMzk5NDM5LCJqdGkiOiJjMjU3YjMwM2JiYTM0YjEwOGMzNDgyN2Q2MmMyNjU5MyIsInVzZXJfaWQiOjl9.djp9PMVM3cH8YwKjy6wP76kUkMv18IJuqAh7Qz_BGXs	2025-06-20 06:03:59.806283+00	2025-06-27 06:03:59+00	9	c257b303bba34b108c34827d62c26593
132	eyJhbGciOiJIUzI1NiIsInR5cCI6IkpXVCJ9.eyJ0b2tlbl90eXBlIjoicmVmcmVzaCIsImV4cCI6MTc1MTAwNDIzOSwiaWF0IjoxNzUwMzk5NDM5LCJqdGkiOiIzZGEyMTYyOTMxZjI0ZDcxYjY2Y2YzZGVlOWM3NjY5YSIsInVzZXJfaWQiOjl9.qwX7zTkmGNOUaT8ghJXrWGwQV_gbrljXUUZM01Wad0c	2025-06-20 06:03:59.808646+00	2025-06-27 06:03:59+00	9	3da2162931f24d71b66cf3dee9c7669a
133	eyJhbGciOiJIUzI1NiIsInR5cCI6IkpXVCJ9.eyJ0b2tlbl90eXBlIjoicmVmcmVzaCIsImV4cCI6MTc1MTA0NjY1NywiaWF0IjoxNzUwNDQxODU3LCJqdGkiOiI1MWI0YzRiOGQzMzM0MWY5YjE5ZmE2MTRjYjBjODVjZSIsInVzZXJfaWQiOjl9.Zn_7UJAkpBw_iSTC6VyUwsnqayKY9NCFHO0uuwS9UUQ	2025-06-20 17:50:57.765028+00	2025-06-27 17:50:57+00	9	51b4c4b8d33341f9b19fa614cb0c85ce
134	eyJhbGciOiJIUzI1NiIsInR5cCI6IkpXVCJ9.eyJ0b2tlbl90eXBlIjoicmVmcmVzaCIsImV4cCI6MTc1MTA0NjY1NywiaWF0IjoxNzUwNDQxODU3LCJqdGkiOiJiMjg4NTlmNWY3ZDI0N2VkOTlkZDkxOTE3Yjg2OTMyZiIsInVzZXJfaWQiOjl9.YzAaq1J9x8a8z2aOQu9V1jo1tNcY0kz1BHgHS1uZOf8	2025-06-20 17:50:57.772247+00	2025-06-27 17:50:57+00	9	b28859f5f7d247ed99dd91917b86932f
135	eyJhbGciOiJIUzI1NiIsInR5cCI6IkpXVCJ9.eyJ0b2tlbl90eXBlIjoicmVmcmVzaCIsImV4cCI6MTc1MTA0NjY1NywiaWF0IjoxNzUwNDQxODU3LCJqdGkiOiI4ZjE3MjIwNDhlMzY0MjY1YWM3ZjZlZTAxNzIzZmIzYSIsInVzZXJfaWQiOjl9.H45ryKnuxe9LasLA8xf79558fR5EJaYBeeN689ZLbMo	2025-06-20 17:50:57.909924+00	2025-06-27 17:50:57+00	9	8f1722048e364265ac7f6ee01723fb3a
136	eyJhbGciOiJIUzI1NiIsInR5cCI6IkpXVCJ9.eyJ0b2tlbl90eXBlIjoicmVmcmVzaCIsImV4cCI6MTc1MTA0NjY1NywiaWF0IjoxNzUwNDQxODU3LCJqdGkiOiIxMDljMzdmY2M4OWI0ZWI3OTU0ODhjNDJmZjFjZmM3MCIsInVzZXJfaWQiOjl9.Q39TMsaXoIdJ610KqrjCXhJQk7N5V8lCKphDslP_3_M	2025-06-20 17:50:57.912028+00	2025-06-27 17:50:57+00	9	109c37fcc89b4eb795488c42ff1cfc70
137	eyJhbGciOiJIUzI1NiIsInR5cCI6IkpXVCJ9.eyJ0b2tlbl90eXBlIjoicmVmcmVzaCIsImV4cCI6MTc1MTA1MTc4NiwiaWF0IjoxNzUwNDQ2OTg2LCJqdGkiOiJkZDkyMTEyNmZkYzU0ZDhiODg3MGExMTU3NDkxZDEwNSIsInVzZXJfaWQiOjl9.NE_wmjxDKjLR9zG7SgKbXb-wUech9oaAV5t1KGZeEFQ	2025-06-20 19:16:26.310483+00	2025-06-27 19:16:26+00	9	dd921126fdc54d8b8870a1157491d105
138	eyJhbGciOiJIUzI1NiIsInR5cCI6IkpXVCJ9.eyJ0b2tlbl90eXBlIjoicmVmcmVzaCIsImV4cCI6MTc1MTA1MTc4NiwiaWF0IjoxNzUwNDQ2OTg2LCJqdGkiOiJhZmNjMzM0MDIwZTI0NDMxODJhYTE3OWNjMmU1ZTE4OCIsInVzZXJfaWQiOjl9.TY12KsYMXc6sd_WKpH5QHVDJr3kzgZoPqpEiKxVbjHk	2025-06-20 19:16:26.31619+00	2025-06-27 19:16:26+00	9	afcc334020e2443182aa179cc2e5e188
139	eyJhbGciOiJIUzI1NiIsInR5cCI6IkpXVCJ9.eyJ0b2tlbl90eXBlIjoicmVmcmVzaCIsImV4cCI6MTc1MTA1MTc4NiwiaWF0IjoxNzUwNDQ2OTg2LCJqdGkiOiIxMmJmZTdmOWQ5OWY0NTA5YTFhMjk3MmE4NGE3MzJiZiIsInVzZXJfaWQiOjl9.uxzK6zP8prDoRICu4-nE1NTFbPjrhNOjOZ03e8G2Fxk	2025-06-20 19:16:26.455015+00	2025-06-27 19:16:26+00	9	12bfe7f9d99f4509a1a2972a84a732bf
140	eyJhbGciOiJIUzI1NiIsInR5cCI6IkpXVCJ9.eyJ0b2tlbl90eXBlIjoicmVmcmVzaCIsImV4cCI6MTc1MTA1MTc4NiwiaWF0IjoxNzUwNDQ2OTg2LCJqdGkiOiI5MGRhOWUyMzNkNzU0YjM1OGVjN2UxNDE3YjFkMmRiMSIsInVzZXJfaWQiOjl9.YIb2lj6Nw05ylEXoUmIhBpzEYidqnfX7DfpoX0ieGIg	2025-06-20 19:16:26.457562+00	2025-06-27 19:16:26+00	9	90da9e233d754b358ec7e1417b1d2db1
141	eyJhbGciOiJIUzI1NiIsInR5cCI6IkpXVCJ9.eyJ0b2tlbl90eXBlIjoicmVmcmVzaCIsImV4cCI6MTc1MTA1NjQ2NiwiaWF0IjoxNzUwNDUxNjY2LCJqdGkiOiI4YzE3MDAwMjBhZmY0NjEwYmE1MDYwMTBkZGQ0YjlkZiIsInVzZXJfaWQiOjl9.XvYaR9bYnPnzX4_bEq1vIzu7vgvY9TZQdiu7ZmAaB94	2025-06-20 20:34:26.601514+00	2025-06-27 20:34:26+00	9	8c1700020aff4610ba506010ddd4b9df
142	eyJhbGciOiJIUzI1NiIsInR5cCI6IkpXVCJ9.eyJ0b2tlbl90eXBlIjoicmVmcmVzaCIsImV4cCI6MTc1MTA1NjQ2NiwiaWF0IjoxNzUwNDUxNjY2LCJqdGkiOiIxMzYxNmJmNmIxNGI0NjBlYTU0MWUxZWUyNzY4ZjkwYiIsInVzZXJfaWQiOjl9.2DZQt49GYtceS-IdmDEYQMuHVHX1cr18VnsqIATxdf0	2025-06-20 20:34:26.614189+00	2025-06-27 20:34:26+00	9	13616bf6b14b460ea541e1ee2768f90b
143	eyJhbGciOiJIUzI1NiIsInR5cCI6IkpXVCJ9.eyJ0b2tlbl90eXBlIjoicmVmcmVzaCIsImV4cCI6MTc1MTA1NjQ2NiwiaWF0IjoxNzUwNDUxNjY2LCJqdGkiOiI3ZWE5OTIzN2M3Yzg0YmFlODM3NGFiNDA1MGRiNGNhNyIsInVzZXJfaWQiOjl9.fKNHaqfWD7EzJSWOJrnAuJeFKLV4TiEcovksp1n7coQ	2025-06-20 20:34:26.748615+00	2025-06-27 20:34:26+00	9	7ea99237c7c84bae8374ab4050db4ca7
144	eyJhbGciOiJIUzI1NiIsInR5cCI6IkpXVCJ9.eyJ0b2tlbl90eXBlIjoicmVmcmVzaCIsImV4cCI6MTc1MTA1NjQ2NiwiaWF0IjoxNzUwNDUxNjY2LCJqdGkiOiJiYTE3Zjg1NGY3ZDI0YjM2OWJhMjQ0NTBhNmIwMWQ0MCIsInVzZXJfaWQiOjl9.eaoR6ukL_RBZM22hpyE5zS3ELM2H5bGxhEqSIeiGcoc	2025-06-20 20:34:26.751+00	2025-06-27 20:34:26+00	9	ba17f854f7d24b369ba24450a6b01d40
145	eyJhbGciOiJIUzI1NiIsInR5cCI6IkpXVCJ9.eyJ0b2tlbl90eXBlIjoicmVmcmVzaCIsImV4cCI6MTc1MTA3MDIyMywiaWF0IjoxNzUwNDY1NDIzLCJqdGkiOiJjZTQ5NTc1OTk5MDY0MjRjYmNjZjRlZTgyNWVlNzY1YyIsInVzZXJfaWQiOjl9.t1z_SEEvAAe7fLClWO6RHLuYZKwJMC_WucPoTN6mixU	2025-06-21 00:23:43.705283+00	2025-06-28 00:23:43+00	9	ce4957599906424cbccf4ee825ee765c
146	eyJhbGciOiJIUzI1NiIsInR5cCI6IkpXVCJ9.eyJ0b2tlbl90eXBlIjoicmVmcmVzaCIsImV4cCI6MTc1MTA3MDIyMywiaWF0IjoxNzUwNDY1NDIzLCJqdGkiOiJkNDYyMzI2NDhmMDY0MzFlOWU5OGVlODhiZDJmMTFkZSIsInVzZXJfaWQiOjl9.LeOLo9C3Xd0unzRhjGQ0oisuiAEu00gyW3ltGKQfAPA	2025-06-21 00:23:43.72276+00	2025-06-28 00:23:43+00	9	d46232648f06431e9e98ee88bd2f11de
147	eyJhbGciOiJIUzI1NiIsInR5cCI6IkpXVCJ9.eyJ0b2tlbl90eXBlIjoicmVmcmVzaCIsImV4cCI6MTc1MTA3MDIyMywiaWF0IjoxNzUwNDY1NDIzLCJqdGkiOiJlZjk0NTExNmFjNjg0YmMzYWUzMjQ1YzNhOWIxZWNhNSIsInVzZXJfaWQiOjl9.bx0BIMw9EmaFwK4R2nvdhNi5mZ1OohLhcjQudjALkiY	2025-06-21 00:23:43.868444+00	2025-06-28 00:23:43+00	9	ef945116ac684bc3ae3245c3a9b1eca5
148	eyJhbGciOiJIUzI1NiIsInR5cCI6IkpXVCJ9.eyJ0b2tlbl90eXBlIjoicmVmcmVzaCIsImV4cCI6MTc1MTA3MDIyMywiaWF0IjoxNzUwNDY1NDIzLCJqdGkiOiI2MzRlODk2OTBiYzI0NDk0OGMwMTM4OGQ3ZjFiMWM3MyIsInVzZXJfaWQiOjl9.Q3XWmbsHBFiW-NSl-hU1wbs6ts9qzF4-sNAib5l_V-g	2025-06-21 00:23:43.870886+00	2025-06-28 00:23:43+00	9	634e89690bc244948c01388d7f1b1c73
149	eyJhbGciOiJIUzI1NiIsInR5cCI6IkpXVCJ9.eyJ0b2tlbl90eXBlIjoicmVmcmVzaCIsImV4cCI6MTc1MTA3MjEwNiwiaWF0IjoxNzUwNDY3MzA2LCJqdGkiOiJmM2RhMWI2ZDVmOTI0ZWE1YmZkOGU2MDE4NGU5NjZjNSIsInVzZXJfaWQiOjl9.EjozaJap6syePLUrveGJ9R0hHZAWfEcMwBGjG88vDf8	2025-06-21 00:55:06.731511+00	2025-06-28 00:55:06+00	9	f3da1b6d5f924ea5bfd8e60184e966c5
150	eyJhbGciOiJIUzI1NiIsInR5cCI6IkpXVCJ9.eyJ0b2tlbl90eXBlIjoicmVmcmVzaCIsImV4cCI6MTc1MTA3MjEwNiwiaWF0IjoxNzUwNDY3MzA2LCJqdGkiOiI1NGMxM2EwNGMzZTY0YmRjODI3ZGU1YTFhYTQyNWQ4YyIsInVzZXJfaWQiOjl9.MSr0m0mzCa5fY1MKTMaqjR4ol9DXMS6DQA0eNLSd2oY	2025-06-21 00:55:06.738828+00	2025-06-28 00:55:06+00	9	54c13a04c3e64bdc827de5a1aa425d8c
151	eyJhbGciOiJIUzI1NiIsInR5cCI6IkpXVCJ9.eyJ0b2tlbl90eXBlIjoicmVmcmVzaCIsImV4cCI6MTc1MTA3MjEwNiwiaWF0IjoxNzUwNDY3MzA2LCJqdGkiOiJlODJhY2FmYTY5Mjk0OTIyYTQ2Yzc2ZWExODRiNDcyYSIsInVzZXJfaWQiOjl9.8o9S_FYxgx4eGZ-rprdicwvfzZqJFuq6rp8Tli97sbs	2025-06-21 00:55:06.872694+00	2025-06-28 00:55:06+00	9	e82acafa69294922a46c76ea184b472a
152	eyJhbGciOiJIUzI1NiIsInR5cCI6IkpXVCJ9.eyJ0b2tlbl90eXBlIjoicmVmcmVzaCIsImV4cCI6MTc1MTA3MjEwNiwiaWF0IjoxNzUwNDY3MzA2LCJqdGkiOiJjODhiMTc0NTU2ZGU0YjE4OTEzZTlmZGMxZTc2YzM4MSIsInVzZXJfaWQiOjl9.x3x4x4UtJ3QSYnpedYuJ5qIqJru6SnJSRahIClExkZc	2025-06-21 00:55:06.875433+00	2025-06-28 00:55:06+00	9	c88b174556de4b18913e9fdc1e76c381
153	eyJhbGciOiJIUzI1NiIsInR5cCI6IkpXVCJ9.eyJ0b2tlbl90eXBlIjoicmVmcmVzaCIsImV4cCI6MTc1MTA3MzQxMSwiaWF0IjoxNzUwNDY4NjExLCJqdGkiOiJiYzQwNWJlNDQ3Mzk0ZGRiYjIzOTI5M2VlMTdlMWEzZCIsInVzZXJfaWQiOjl9.398ic06Kfnl6OWr8A0O0yO3GJF5nhDAhspFrlIcnpxA	2025-06-21 01:16:51.935316+00	2025-06-28 01:16:51+00	9	bc405be447394ddbb239293ee17e1a3d
154	eyJhbGciOiJIUzI1NiIsInR5cCI6IkpXVCJ9.eyJ0b2tlbl90eXBlIjoicmVmcmVzaCIsImV4cCI6MTc1MTA3MzQxMSwiaWF0IjoxNzUwNDY4NjExLCJqdGkiOiIwNWE0MTRkNDk5ZDk0ZTUyYjY4MDc5MTZkMzU2Y2EwMyIsInVzZXJfaWQiOjl9.o4q6kATYcL1DtL-Y0xBST92JI0-pFZi4k09-yrbFduU	2025-06-21 01:16:51.943162+00	2025-06-28 01:16:51+00	9	05a414d499d94e52b6807916d356ca03
155	eyJhbGciOiJIUzI1NiIsInR5cCI6IkpXVCJ9.eyJ0b2tlbl90eXBlIjoicmVmcmVzaCIsImV4cCI6MTc1MTA3MzQxMiwiaWF0IjoxNzUwNDY4NjEyLCJqdGkiOiI4ZTkyNmY4MmFjMzE0MmVhOTgwOGIyNzc1OWUxMDJlZSIsInVzZXJfaWQiOjl9.qTKTdWyHBuFBmLLEFedGXGcyHVlbqbipqAIs2EgQ6DY	2025-06-21 01:16:52.088356+00	2025-06-28 01:16:52+00	9	8e926f82ac3142ea9808b27759e102ee
156	eyJhbGciOiJIUzI1NiIsInR5cCI6IkpXVCJ9.eyJ0b2tlbl90eXBlIjoicmVmcmVzaCIsImV4cCI6MTc1MTA3MzQxMiwiaWF0IjoxNzUwNDY4NjEyLCJqdGkiOiJiOGU0NzM0MzM4NzM0OTk2YWNjYTNkOTdhOTVkZWI4MiIsInVzZXJfaWQiOjl9.9zTRo59DM_PfsJ-Rau5XaAryeqfjfSRDh4ndVLgcFqE	2025-06-21 01:16:52.101527+00	2025-06-28 01:16:52+00	9	b8e4734338734996acca3d97a95deb82
157	eyJhbGciOiJIUzI1NiIsInR5cCI6IkpXVCJ9.eyJ0b2tlbl90eXBlIjoicmVmcmVzaCIsImV4cCI6MTc1MTA3MzY0NCwiaWF0IjoxNzUwNDY4ODQ0LCJqdGkiOiI4OTRhZTAyMzhhNGY0NDU0YmU4Njk0ZTU3MDBhNzQ0ZSIsInVzZXJfaWQiOjcwfQ.eypVL1XIzfx2_QxYJKGvr1ygyGjxTKtWPBykv-CV1CY	2025-06-21 01:20:44.614254+00	2025-06-28 01:20:44+00	70	894ae0238a4f4454be8694e5700a744e
158	eyJhbGciOiJIUzI1NiIsInR5cCI6IkpXVCJ9.eyJ0b2tlbl90eXBlIjoicmVmcmVzaCIsImV4cCI6MTc1MTA3MzY0NCwiaWF0IjoxNzUwNDY4ODQ0LCJqdGkiOiIzMWE4OTRmZGI1ZDM0NmIwOGM5ZGU0MWZkNTZjZTgzNyIsInVzZXJfaWQiOjcwfQ.Y6RVitO8OCg12ZF8S8k85reZZRKR-OeVmBeJHFXgSiI	2025-06-21 01:20:44.861982+00	2025-06-28 01:20:44+00	70	31a894fdb5d346b08c9de41fd56ce837
159	eyJhbGciOiJIUzI1NiIsInR5cCI6IkpXVCJ9.eyJ0b2tlbl90eXBlIjoicmVmcmVzaCIsImV4cCI6MTc1MTA3MzY0NCwiaWF0IjoxNzUwNDY4ODQ0LCJqdGkiOiJlMTRhNmRkODIwOTg0ZWQ5YjJkNWViYjRkYjllM2FkNyIsInVzZXJfaWQiOjcwfQ.ZwmMTF-9Z7a0sJby0rZ8hh6aTGAKsAtB4uuZY0psaOU	2025-06-21 01:20:44.864869+00	2025-06-28 01:20:44+00	70	e14a6dd820984ed9b2d5ebb4db9e3ad7
160	eyJhbGciOiJIUzI1NiIsInR5cCI6IkpXVCJ9.eyJ0b2tlbl90eXBlIjoicmVmcmVzaCIsImV4cCI6MTc1MTA3MzY0NSwiaWF0IjoxNzUwNDY4ODQ1LCJqdGkiOiI1ZjE2MTViMjQzOWU0YWYxODg3Y2MzNjViM2Y1ZTEwMSIsInVzZXJfaWQiOjcwfQ.5O5jtFXY3U0kKSyoZOfddKIhBrbC-L6yKCzFu86r6hk	2025-06-21 01:20:45.003665+00	2025-06-28 01:20:45+00	70	5f1615b2439e4af1887cc365b3f5e101
161	eyJhbGciOiJIUzI1NiIsInR5cCI6IkpXVCJ9.eyJ0b2tlbl90eXBlIjoicmVmcmVzaCIsImV4cCI6MTc1MTA3MzY0NSwiaWF0IjoxNzUwNDY4ODQ1LCJqdGkiOiI1ZWUzODRjMTRhNzY0ZjZmYjA1ODhmZmI3YjU5ZmI3NCIsInVzZXJfaWQiOjcwfQ.hW_iaL_RKfhLJTwK-snA6rGZQJOAq8ZGnMDBboJu1AM	2025-06-21 01:20:45.005747+00	2025-06-28 01:20:45+00	70	5ee384c14a764f6fb0588ffb7b59fb74
162	eyJhbGciOiJIUzI1NiIsInR5cCI6IkpXVCJ9.eyJ0b2tlbl90eXBlIjoicmVmcmVzaCIsImV4cCI6MTc1MTA3NTU4OCwiaWF0IjoxNzUwNDcwNzg4LCJqdGkiOiJhYTlkZGIyNTRmYzc0MDdjOWVmZjdmZTc1ODA1NGU0OSIsInVzZXJfaWQiOjl9.AHks44g-HTLyENeovMLJBjudQiAsxk1kRIYoCnDQGSw	2025-06-21 01:53:08.261201+00	2025-06-28 01:53:08+00	9	aa9ddb254fc7407c9eff7fe758054e49
163	eyJhbGciOiJIUzI1NiIsInR5cCI6IkpXVCJ9.eyJ0b2tlbl90eXBlIjoicmVmcmVzaCIsImV4cCI6MTc1MTA3NTU4OCwiaWF0IjoxNzUwNDcwNzg4LCJqdGkiOiI3NzY4MmRlOGI5NGU0YzBhODc1MThlOGFjMTBjYjQyNiIsInVzZXJfaWQiOjl9.D-FSHtpT0ZCJeRDqKPxmoXg9u8VQfEQ6Q48PuyK2UyE	2025-06-21 01:53:08.266451+00	2025-06-28 01:53:08+00	9	77682de8b94e4c0a87518e8ac10cb426
164	eyJhbGciOiJIUzI1NiIsInR5cCI6IkpXVCJ9.eyJ0b2tlbl90eXBlIjoicmVmcmVzaCIsImV4cCI6MTc1MTA3NTU4OCwiaWF0IjoxNzUwNDcwNzg4LCJqdGkiOiJjOWNiOGJiZWU2MGI0ZDM4YWVlNmM3YThjOTkyOTc5NiIsInVzZXJfaWQiOjl9.Tl-sVj16qHC6Bi1gc4dJfSKYnPemOAXPTSxnSMzKdBE	2025-06-21 01:53:08.397452+00	2025-06-28 01:53:08+00	9	c9cb8bbee60b4d38aee6c7a8c9929796
165	eyJhbGciOiJIUzI1NiIsInR5cCI6IkpXVCJ9.eyJ0b2tlbl90eXBlIjoicmVmcmVzaCIsImV4cCI6MTc1MTA3NTU4OCwiaWF0IjoxNzUwNDcwNzg4LCJqdGkiOiI4NzJlNWVlMWY0YzY0MDdiOGZmZTJmMzE2NTkwYTI0ZiIsInVzZXJfaWQiOjl9.uP-eycWj0DZ5GVG9h-ayfL3qRc2G8C7x9o37N5Zq5FM	2025-06-21 01:53:08.400189+00	2025-06-28 01:53:08+00	9	872e5ee1f4c6407b8ffe2f316590a24f
166	eyJhbGciOiJIUzI1NiIsInR5cCI6IkpXVCJ9.eyJ0b2tlbl90eXBlIjoicmVmcmVzaCIsImV4cCI6MTc1MTA3NzEzNywiaWF0IjoxNzUwNDcyMzM3LCJqdGkiOiJmODZkM2VmMGZkZTk0ZGMyODQwZGEzYzJjNjI0NjFlYyIsInVzZXJfaWQiOjl9.47s3m3JTXvCgRYM3uBsXl3Ojuvq2jknLmeS7nt7cccM	2025-06-21 02:18:57.544026+00	2025-06-28 02:18:57+00	9	f86d3ef0fde94dc2840da3c2c62461ec
167	eyJhbGciOiJIUzI1NiIsInR5cCI6IkpXVCJ9.eyJ0b2tlbl90eXBlIjoicmVmcmVzaCIsImV4cCI6MTc1MTA3NzEzNywiaWF0IjoxNzUwNDcyMzM3LCJqdGkiOiIyYzM5YzRlNDc2N2E0NGQzOWQ4ZWYyMDk4ODAzNzc1ZiIsInVzZXJfaWQiOjl9.5LomHSc7Y8iELgZj7pMTKcd-Fp_AKLknyiEVILfbb08	2025-06-21 02:18:57.547866+00	2025-06-28 02:18:57+00	9	2c39c4e4767a44d39d8ef2098803775f
168	eyJhbGciOiJIUzI1NiIsInR5cCI6IkpXVCJ9.eyJ0b2tlbl90eXBlIjoicmVmcmVzaCIsImV4cCI6MTc1MTA3NzEzNywiaWF0IjoxNzUwNDcyMzM3LCJqdGkiOiJmNmI4NTdkNDc4Yjg0NDVlYWNlYWUwMGEzZWE3OTI1YiIsInVzZXJfaWQiOjl9.JcdLOF-xw1-bBOgRQR67EjbT1NrRPMsJVLur3L8V6O4	2025-06-21 02:18:57.682996+00	2025-06-28 02:18:57+00	9	f6b857d478b8445eaceae00a3ea7925b
169	eyJhbGciOiJIUzI1NiIsInR5cCI6IkpXVCJ9.eyJ0b2tlbl90eXBlIjoicmVmcmVzaCIsImV4cCI6MTc1MTA3NzEzNywiaWF0IjoxNzUwNDcyMzM3LCJqdGkiOiJhNDU0MWQ0YWU0MTA0MGM5OThhNjJkOWJjNjU3ZjkzZiIsInVzZXJfaWQiOjl9.7SRMd3QK1xcHLZHB5e_a2v4sI8Dykylg5M0QjeXrIMo	2025-06-21 02:18:57.685242+00	2025-06-28 02:18:57+00	9	a4541d4ae41040c998a62d9bc657f93f
170	eyJhbGciOiJIUzI1NiIsInR5cCI6IkpXVCJ9.eyJ0b2tlbl90eXBlIjoicmVmcmVzaCIsImV4cCI6MTc1MTA3ODY4MSwiaWF0IjoxNzUwNDczODgxLCJqdGkiOiI4NmZlZGIyMTM2ZTM0NWQyYmJlZGVhNDZmMTgyZWJlNSIsInVzZXJfaWQiOjl9.cFhJrBrdNhJC6LlVE7aC74ZPJC931cx6XcISm0bKRPM	2025-06-21 02:44:41.439531+00	2025-06-28 02:44:41+00	9	86fedb2136e345d2bbedea46f182ebe5
171	eyJhbGciOiJIUzI1NiIsInR5cCI6IkpXVCJ9.eyJ0b2tlbl90eXBlIjoicmVmcmVzaCIsImV4cCI6MTc1MTA3ODY4MSwiaWF0IjoxNzUwNDczODgxLCJqdGkiOiJhM2RiNDUxZmZiM2Q0OTExYTlmZmJkMjIyZGIxMGZmOSIsInVzZXJfaWQiOjl9.tGIGqtDQeY_xaOP_Djelm2JB4aZYSeXHQ-SfxGcWWaI	2025-06-21 02:44:41.449336+00	2025-06-28 02:44:41+00	9	a3db451ffb3d4911a9ffbd222db10ff9
172	eyJhbGciOiJIUzI1NiIsInR5cCI6IkpXVCJ9.eyJ0b2tlbl90eXBlIjoicmVmcmVzaCIsImV4cCI6MTc1MTA3ODY4MSwiaWF0IjoxNzUwNDczODgxLCJqdGkiOiIwYWYxYmU4ODZlZDM0MTgxYmQ1NWU5MGM4OGE5MWUyZCIsInVzZXJfaWQiOjl9.zDzrF73ucAmOi05b9R5_90SFLtPIzt_QuMfIYdnBmNg	2025-06-21 02:44:41.58303+00	2025-06-28 02:44:41+00	9	0af1be886ed34181bd55e90c88a91e2d
173	eyJhbGciOiJIUzI1NiIsInR5cCI6IkpXVCJ9.eyJ0b2tlbl90eXBlIjoicmVmcmVzaCIsImV4cCI6MTc1MTA3ODY4MSwiaWF0IjoxNzUwNDczODgxLCJqdGkiOiI2OGI1YzNhNjg3YTI0ZWYxOTJmYzAwN2Q0ZDQzYzRjMSIsInVzZXJfaWQiOjl9.lyPzaww-Naf4ctqn-kRticXQD_Zy5vbhcveoVlWKLf8	2025-06-21 02:44:41.585789+00	2025-06-28 02:44:41+00	9	68b5c3a687a24ef192fc007d4d43c4c1
\.


--
-- Data for Name: topics; Type: TABLE DATA; Schema: public; Owner: estuary
--

COPY public.topics (id, content) FROM stdin;
1	Mindfulness & Meditation
2	Nutrition & Diet
3	Fitness & Movement
4	Mental Health
5	Relationships & Communication
6	Work-Life Balance
7	Self-Care & Wellness
8	Spirituality & Purpose
9	Personal Development
10	Emotional Healing
\.


--
-- Data for Name: user_engagement; Type: TABLE DATA; Schema: public; Owner: estuary
--

COPY public.user_engagement (id, date, logins, session_duration_seconds, pages_viewed, searches_performed, bookings_viewed, practitioners_viewed, services_viewed, user_id) FROM stdin;
\.


--
-- Data for Name: users_user; Type: TABLE DATA; Schema: public; Owner: estuary
--

COPY public.users_user (id, password, last_login, is_superuser, is_staff, is_active, date_joined, email, uuid, first_name, last_name, phone_number, phone_number_verified, timezone, is_practitioner, account_status, last_login_ip, last_active, created_at, updated_at) FROM stdin;
17	pbkdf2_sha256$870000$c064oDVTIbRE3TGF3FpDnQ$WvSL3Sdqn4I5e/hWju9e8kUf3Yb+DpDzGSwpVk6jBAk=	2025-06-10 18:47:38.399475+00	f	f	t	2025-06-10 18:47:38.09216+00	test_practitioner_20250610114738@example.com	0c5263aa-dcbe-47ae-a3c6-fa670de22107	Test	Practitioner	\N	f	UTC	f	active	\N	\N	2025-06-10 18:47:38.236715+00	2025-06-10 18:47:38.236721+00
18	pbkdf2_sha256$870000$OZCzoUjLkLnMR0jxLA0Bo2$guBGeoB+Z4N6rcaRqUCVnc/44IdKdq0Bvw5iCfBXRmI=	2025-06-10 18:47:38.744863+00	f	f	t	2025-06-10 18:47:38.446341+00	test_client_20250610114738@example.com	da5d75af-9b66-4a90-b6f1-a03738b3f167	Test	Client	\N	f	UTC	f	active	\N	\N	2025-06-10 18:47:38.595587+00	2025-06-10 18:47:38.595591+00
2	pbkdf2_sha256$870000$CHpAf8FBtMoumsBJVVQgR0$YupclEi8NYQjh/aLV8cR52tP27ilRMuEzns3P1WqHZU=	2025-06-10 05:52:52.465856+00	f	f	t	2025-06-10 04:08:15.497815+00	user@example.com	c023768f-170c-4a47-8f4e-c6d300af3469	John	Doe	\N	f	UTC	f	active	\N	\N	2025-06-10 04:08:15.654074+00	2025-06-10 04:08:15.654096+00
19	pbkdf2_sha256$870000$lBTBwsvRBd9DS3Qs1Vdt4X$IChpbEOB/z3XqJPrZ025BOQxKaBY9cBrkEdtBpyP9Z0=	2025-06-10 18:50:48.553779+00	f	f	t	2025-06-10 18:50:48.217655+00	test_practitioner_20250610115048@example.com	9a5c1973-a1e6-4f1a-af27-62975d03cdc2	Test	Practitioner	\N	f	UTC	f	active	\N	\N	2025-06-10 18:50:48.367523+00	2025-06-10 18:50:48.367531+00
3		\N	f	f	t	2025-06-10 04:31:25.330562+00	jane@example.com	ec6e68b0-aad3-4da7-a2cb-3a3bd9575dfc	Jane	Smith	\N	f	UTC	t	active	\N	\N	2025-06-10 04:31:25.330803+00	2025-06-10 04:31:25.330806+00
4		\N	f	f	t	2025-06-10 04:31:25.341619+00	john@example.com	bb56abc6-72f3-4c9e-a137-05d70e39f8ad	John	Doe	\N	f	UTC	t	active	\N	\N	2025-06-10 04:31:25.341723+00	2025-06-10 04:31:25.341726+00
5		\N	f	f	t	2025-06-10 04:31:25.345043+00	sarah@example.com	d1948e2e-9ab7-4f2a-98b8-ccc226434adb	Sarah	Johnson	\N	f	UTC	t	active	\N	\N	2025-06-10 04:31:25.345164+00	2025-06-10 04:31:25.345166+00
6		\N	f	f	t	2025-06-10 04:31:25.348597+00	mike@example.com	0a5f1c3f-5ea5-4acb-ac9f-0065dd910247	Mike	Wilson	\N	f	UTC	t	active	\N	\N	2025-06-10 04:31:25.348683+00	2025-06-10 04:31:25.348685+00
7		\N	f	f	t	2025-06-10 04:31:25.370491+00	reviewer@example.com	6934ccdd-dfc2-41c8-bc1d-c6d8099d1481	Review	User	\N	f	UTC	f	active	\N	\N	2025-06-10 04:31:25.370579+00	2025-06-10 04:31:25.370581+00
8		\N	f	f	t	2025-06-10 04:38:29.607785+00	reviewer1@example.com	549a6c95-5eef-494d-a224-f1c3c75c307d	Happy	Client	\N	f	UTC	f	active	\N	\N	2025-06-10 04:38:29.607923+00	2025-06-10 04:38:29.607925+00
9	pbkdf2_sha256$870000$hDSxNEMWYpoxhc27JGugrx$LNp3isYc1FlzlfQaAa4YKyEOyI0Fz2dBX2rWHTiURuM=	2025-06-21 02:44:41.588744+00	t	t	t	2025-06-10 05:59:35.990136+00	richard.j.nielsen@gmail.com	00464bf7-f7e9-4dad-a4cd-44ee62d56a84	string	string	12505379263	f	string	f	active	\N	\N	2025-06-10 05:59:36.140218+00	2025-06-17 21:54:54.328991+00
20	pbkdf2_sha256$870000$NDEOAUm3OVBbK8uFJfVdwz$T7Sm5v5azVzvObbKMyNgZopBgff13YXw/2LlVkngX+c=	2025-06-10 18:50:48.962062+00	f	f	t	2025-06-10 18:50:48.609805+00	test_client_20250610115048@example.com	d6f03095-9e55-4ce4-8f89-d18f669bada8	Test	Client	\N	f	UTC	f	active	\N	\N	2025-06-10 18:50:48.805425+00	2025-06-10 18:50:48.80544+00
10	pbkdf2_sha256$870000$5JYpKm8lO9sE1h41y19dvP$0IdXkrrkFeBjbFe/IQBxfTKGJWor4M+3n8VpdRo3TkI=	2025-06-10 16:49:00.180836+00	f	f	t	2025-06-10 16:48:21.757539+00	category_test@example.com	994be039-0cc2-4865-9cb0-4abffd6bc025	Category	Test	\N	f	UTC	f	active	\N	\N	2025-06-10 16:48:21.757718+00	2025-06-10 16:48:21.900738+00
1	pbkdf2_sha256$870000$3rUiSE2porimiXV8YNU4bc$KoP+400vUFBYIl/s9XkGe5c8HxRvv5pB/mtxNEoHqhc=	2025-06-10 05:52:52.594776+00	f	f	t	2025-06-10 04:08:15.356402+00	practitioner@example.com	11ab7eb1-011e-4f20-9c3c-124931800201	Jane	Smith	\N	f	UTC	t	active	\N	\N	2025-06-10 04:08:15.484882+00	2025-06-10 16:53:18.20308+00
12	pbkdf2_sha256$870000$3xHaEoYTRL3T4NvyeZ8Gx9$MIOLC72Kdsx42Yv/O9hYWYJdFVLDxj1234gMG9JhSoE=	2025-06-10 18:13:31.727647+00	f	f	t	2025-06-10 17:44:07.295845+00	test_practitioner@example.com	572ea013-be78-43cc-852e-a94912d1af30	Test	Practitioner	\N	f	UTC	f	active	\N	\N	2025-06-10 17:44:07.433906+00	2025-06-10 17:44:07.433914+00
11	pbkdf2_sha256$870000$GUTLJnbHP56enImvvs4hJ4$NpdPpK+7a8cOTKXeo4QOXBSXMhxSyf9ukbsgIra4G+A=	2025-06-10 16:55:46.810071+00	f	f	t	2025-06-10 16:55:46.458701+00	test_categories@example.com	fb67a37a-f6b5-45e8-8000-a67b39d87b6e	Test	Categories	\N	f	UTC	f	active	\N	\N	2025-06-10 16:55:46.458885+00	2025-06-10 16:55:46.638326+00
21	pbkdf2_sha256$870000$oUFcJ47aJX2wgdOSIYXQcb$2aYpJX/7CbO1QAz0OyhD6Nnydx/YWSDgCTrWs9uJCYQ=	2025-06-10 18:54:16.543271+00	f	f	t	2025-06-10 18:54:16.270536+00	test_practitioner_20250610115416@example.com	30df85cc-7743-4bb7-9b0d-4e34bddb5f29	Test	Practitioner	\N	f	UTC	f	active	\N	\N	2025-06-10 18:54:16.399172+00	2025-06-10 18:54:16.399179+00
13	pbkdf2_sha256$870000$flxM0OrZviuoDzMCjQ2FEQ$iVB/Z93BH1KYW19wXhbh4i6vVYKT1YP7eVq7SLgO0Vc=	2025-06-10 18:39:26.370412+00	f	f	t	2025-06-10 18:36:36.534821+00	test_practitioner_api@example.com	6d1b749c-26e3-4d21-b491-07d567f8a5a4	Test	Practitioner	\N	f	UTC	f	active	\N	\N	2025-06-10 18:36:36.665811+00	2025-06-10 18:36:36.665818+00
14	pbkdf2_sha256$870000$Yj213eX3XnQFuf2dJjTr0l$2DwJOnt5dbT5hAcfLdHQcCssMa5Cy0lR9cHcc9FjY8g=	2025-06-10 18:40:57.859881+00	f	f	t	2025-06-10 18:40:57.546811+00	test_practitioner_api_20250610114057@example.com	9026913e-7ecd-4c76-b7a4-2372855152cc	Test	Practitioner	\N	f	UTC	f	active	\N	\N	2025-06-10 18:40:57.680708+00	2025-06-10 18:40:57.680724+00
15	pbkdf2_sha256$870000$0mXnd12ywIxYiNfEAUrdJ4$13446j51XcdFQpb9J+R0GLN7z/AOEU16OeHfbt8Iy40=	2025-06-10 18:41:47.270517+00	f	f	t	2025-06-10 18:41:46.980624+00	test_practitioner_api_20250610114146@example.com	e712f9b0-a923-4552-ac56-3a6cd74974a7	Test	Practitioner	\N	f	UTC	f	active	\N	\N	2025-06-10 18:41:47.122188+00	2025-06-10 18:41:47.122194+00
16	pbkdf2_sha256$870000$WeE3lRLgXqqMVEzUDtMchB$/ioGV2IwQKLq4G9g/N2rcINiPHL0al56WqEvNGybV2s=	2025-06-10 18:42:24.506211+00	f	f	t	2025-06-10 18:42:24.216911+00	test_practitioner_api_20250610114224@example.com	61350de6-7c02-4ff4-b3c1-bd3268eeb7f7	Test	Practitioner	\N	f	UTC	f	active	\N	\N	2025-06-10 18:42:24.35468+00	2025-06-10 18:42:24.354692+00
22	pbkdf2_sha256$870000$W3yqrcirHMg0ePeDkY5VbG$af9wZSeXx424biDTx1mzIEiUhTK0zwjGmmao2W0KFMg=	2025-06-10 18:54:16.864729+00	f	f	t	2025-06-10 18:54:16.588831+00	test_client_20250610115416@example.com	47a91f0c-49dd-4ae9-b213-c9eebf10a9ff	Test	Client	\N	f	UTC	f	active	\N	\N	2025-06-10 18:54:16.729162+00	2025-06-10 18:54:16.729181+00
23	pbkdf2_sha256$870000$R6ZqpMEa74DDeqw1r7fXML$F0cT3x79EJk9onKVNxWYVRBLgKUlE+8Bs1A3RMAbLn0=	2025-06-10 18:55:59.732308+00	f	f	t	2025-06-10 18:55:59.438345+00	test_practitioner_20250610115559@example.com	8259ce13-c745-4850-8796-2ba763b30cea	Test	Practitioner	\N	f	UTC	f	active	\N	\N	2025-06-10 18:55:59.578348+00	2025-06-10 18:55:59.578364+00
24	pbkdf2_sha256$870000$GFyoINVkWuRtwsH3Sy0x2i$rK8PkhVJPWA/iprItnRwlvmabZoTLLd6+kQTdDDHFtQ=	2025-06-10 18:56:00.051065+00	f	f	t	2025-06-10 18:55:59.780615+00	test_client_20250610115559@example.com	6bcce298-25aa-4f36-aea8-1dd7ad9b3129	Test	Client	\N	f	UTC	f	active	\N	\N	2025-06-10 18:55:59.914947+00	2025-06-10 18:55:59.914954+00
25	pbkdf2_sha256$870000$xq4ujjScb34eZJNEslNrsp$fzD+N76h68siJ4K6NXIGlJAljZgDB4SGW+ShlM5NrpY=	2025-06-10 18:59:37.49186+00	f	f	t	2025-06-10 18:59:37.216004+00	test_prac_20250610115937@example.com	6e0882c4-6023-4e5b-b778-bc3498670fdf	Test	Practitioner	\N	f	UTC	f	active	\N	\N	2025-06-10 18:59:37.350875+00	2025-06-10 18:59:37.350881+00
26	pbkdf2_sha256$870000$QWrnsmvLsB4YhS0dMTg3VS$0fb67w8PEEOdUp749pL1Tq9SWrcH7+muB1TGfVNLq7M=	2025-06-10 18:59:38.361736+00	f	f	t	2025-06-10 18:59:38.08542+00	test_client_20250610115937@example.com	f4821c17-7e3a-4be2-a7f1-1b47553661b4	Test	Client	\N	f	UTC	f	active	\N	\N	2025-06-10 18:59:38.218027+00	2025-06-10 18:59:38.218032+00
27	pbkdf2_sha256$870000$RcfGwVQZhJQ5N5W2dN6ULF$spzwdLTPKbJbEx+IbZLabnJI/rIKe2x/J6Rej2LiVp8=	2025-06-10 19:01:03.479109+00	f	f	t	2025-06-10 19:01:03.190961+00	test_prac_20250610120103@example.com	49b88752-dccb-484a-a695-7dc20009df0a	Test	Practitioner	\N	f	UTC	f	active	\N	\N	2025-06-10 19:01:03.320931+00	2025-06-10 19:01:03.320938+00
28	pbkdf2_sha256$870000$0sg2mE4Irefo8Q9K8gr6cY$+BDw8bcOS/mlRGh2Ltw/IDt/y40CoyfvhoLcycD56bg=	2025-06-10 19:01:04.692359+00	f	f	t	2025-06-10 19:01:04.40982+00	test_client_20250610120103@example.com	cfa215c9-d848-410a-b808-83ac958e9064	Test	Client	\N	f	UTC	f	active	\N	\N	2025-06-10 19:01:04.552781+00	2025-06-10 19:01:04.552785+00
29	pbkdf2_sha256$870000$P8knHCtpi9P8Lx4b1BwvST$zAstQA1u2tsk2Vn3bIK+Fa6d2cOoYZkyDcFy3makTa0=	2025-06-10 19:08:46.660985+00	f	f	t	2025-06-10 19:08:46.37416+00	test_credit_user_20250610120846@example.com	a82e79b6-be0f-4d43-ba15-273af9edba4c	Credit	Tester	\N	f	UTC	f	active	\N	\N	2025-06-10 19:08:46.506422+00	2025-06-10 19:08:46.506429+00
30	pbkdf2_sha256$870000$kwWMTIBxLApi7BGBppZQgS$1mo8/eU6n6bPvtN5bepToaz2DuHcWMdrZde0W7y/T3Y=	2025-06-10 19:09:52.247247+00	f	f	t	2025-06-10 19:09:51.93706+00	test_credit_user_20250610120951@example.com	6ccac2fe-6fb3-4ceb-83a9-27712b8cc352	Credit	Tester	\N	f	UTC	f	active	\N	\N	2025-06-10 19:09:52.077628+00	2025-06-10 19:09:52.077634+00
31	pbkdf2_sha256$870000$Aly30etkExhVZeZ2VmL1by$v8DtGftUvGYCMraHPRA/HGC5NCv5P3AB/L9Qe/rW1EY=	2025-06-10 19:12:46.848766+00	f	f	t	2025-06-10 19:12:46.57432+00	test_credit_user_20250610121246@example.com	bff7fd6a-46c1-4acd-9e52-8f40318db8d5	Credit	Tester	\N	f	UTC	f	active	\N	\N	2025-06-10 19:12:46.702588+00	2025-06-10 19:12:46.702595+00
32	pbkdf2_sha256$870000$w8uLqtcnwdH9yx3lqes8as$UDHlBuewedPpLsUBEN0kzmgzBiYWRQ6+a9k2hVxwInY=	2025-06-10 19:19:22.009795+00	f	f	t	2025-06-10 19:19:21.710074+00	test_prac_20250610121921@example.com	2706b070-cb54-4e19-b6ed-7c4e1716c01b	Test	Practitioner	\N	f	UTC	f	active	\N	\N	2025-06-10 19:19:21.848736+00	2025-06-10 19:19:21.848745+00
33	pbkdf2_sha256$870000$dXJ5CyLDpHhwKaaf0eMdqF$H+9VmF8oUxda8Fljm+7mjRF8a3iRd3Ha4GoG/E3JKyo=	2025-06-10 19:19:23.182609+00	f	f	t	2025-06-10 19:19:22.912891+00	test_client_20250610121921@example.com	b2893fbc-4be6-4ec6-be4f-c6e86a27b4fb	Test	Client	\N	f	UTC	f	active	\N	\N	2025-06-10 19:19:23.045313+00	2025-06-10 19:19:23.045321+00
34	pbkdf2_sha256$870000$jFriEMhNGYHavVJG2NCy4m$aryGNM0lWOAfXn5EgtA6Bz47KAcQ5fKq+JKQumWy5JU=	2025-06-10 19:20:54.255739+00	f	f	t	2025-06-10 19:20:53.960951+00	test_prac_20250610122053@example.com	0dfa630b-a2b8-4fb4-8e53-b6b88e9182bd	Test	Practitioner	\N	f	UTC	f	active	\N	\N	2025-06-10 19:20:54.093062+00	2025-06-10 19:20:54.093098+00
35	pbkdf2_sha256$870000$DF0eCU5ybqjpmq3tl8JOXF$KNsBhX3rImS2Fsch560cA1Duw5mDnVkD4GUg1LTh9FI=	2025-06-10 19:20:55.225593+00	f	f	t	2025-06-10 19:20:54.957247+00	test_client_20250610122053@example.com	758d273b-71b7-4b7c-95bd-68c7d150d3b8	Test	Client	\N	f	UTC	f	active	\N	\N	2025-06-10 19:20:55.089395+00	2025-06-10 19:20:55.0894+00
36	pbkdf2_sha256$870000$NUvuXAqwiSTcRZguCfuqu6$KB1u8Q14Q08DVPRwaJbx6helIlp+QfA1Wy7EEBT0yNg=	2025-06-10 19:22:24.402111+00	f	f	t	2025-06-10 19:22:24.105209+00	test_prac_20250610122223@example.com	295c194a-88ee-49f9-b590-7f363f025532	Test	Practitioner	\N	f	UTC	f	active	\N	\N	2025-06-10 19:22:24.237396+00	2025-06-10 19:22:24.237412+00
37	pbkdf2_sha256$870000$s7fuuIF9oLSvIKBziPkdlM$oRNJ2E1EdwdhfNC1ElusOdcwuRxr6CvFyiHvf+TZ4R4=	2025-06-10 19:22:25.610561+00	f	f	t	2025-06-10 19:22:25.311216+00	test_client_20250610122223@example.com	0ff6ea77-de5c-4bc4-8412-ffd479e6dcae	Test	Client	\N	f	UTC	f	active	\N	\N	2025-06-10 19:22:25.464297+00	2025-06-10 19:22:25.464302+00
38	pbkdf2_sha256$870000$DYeLh2iirUw515qPR8cczR$zoMkLYerwyCb/3eqLcsLoSpMsXNAkx7uaEVgB8rPA0o=	2025-06-10 19:23:44.614706+00	f	f	t	2025-06-10 19:23:44.322261+00	test_prac_20250610122344@example.com	f0dc391f-4c4a-44a1-af19-ad78c55c20d5	Test	Practitioner	\N	f	UTC	f	active	\N	\N	2025-06-10 19:23:44.465438+00	2025-06-10 19:23:44.465458+00
39	pbkdf2_sha256$870000$bOG8O3q64NzCqQgjlsx6Fp$Z86TNrtZwsbJ4t9oNMClJAkNnP7y+Fb3lFuB7k9pYc0=	2025-06-10 19:23:45.608393+00	f	f	t	2025-06-10 19:23:45.327532+00	test_client_20250610122344@example.com	787fb75a-cbed-47fa-a7d4-412bc4b87a5c	Test	Client	\N	f	UTC	f	active	\N	\N	2025-06-10 19:23:45.461143+00	2025-06-10 19:23:45.461151+00
40	pbkdf2_sha256$870000$MtufSNuR4dMOn5jUjjjRw8$NRD/RhXat6psvkn9UxcuOCm1Pe/tBFED5x2clgDH1kw=	2025-06-10 19:24:23.684159+00	f	f	t	2025-06-10 19:24:23.401226+00	test_prac_20250610122423@example.com	1e35f129-45d6-4e32-846e-c4fcd9e4ca57	Test	Practitioner	\N	f	UTC	f	active	\N	\N	2025-06-10 19:24:23.529381+00	2025-06-10 19:24:23.529387+00
41	pbkdf2_sha256$870000$UYX3ME5341Px87Nmoo0IWp$2f7tE2w0h/kHKu+I+cFfuBtTYYTd3vem3RSHBmjh9q4=	2025-06-10 19:24:24.639918+00	f	f	t	2025-06-10 19:24:24.346114+00	test_client_20250610122423@example.com	687dadd3-b57c-4beb-8b35-25e6b619113c	Test	Client	\N	f	UTC	f	active	\N	\N	2025-06-10 19:24:24.495189+00	2025-06-10 19:24:24.495196+00
42	pbkdf2_sha256$870000$1uZrKS5Mq8qXtfgXL3iHEL$EsNAMgLfDR1updHVPZfA/UEwwHcTupHI/+hJkDEMdXg=	2025-06-10 19:37:46.482711+00	f	f	t	2025-06-10 19:37:46.194495+00	test_prac_20250610123746@example.com	e4ae55d0-53a8-4ed3-994a-84ee1e4b222b	Test	Practitioner	\N	f	UTC	f	active	\N	\N	2025-06-10 19:37:46.332956+00	2025-06-10 19:37:46.332964+00
43	pbkdf2_sha256$870000$FlKfWkdwL9lUEUncupXjuY$AyF9tOs8UaF9FOipjpAisbx6ecRYXwz06c1MHi8ltxA=	2025-06-10 19:37:47.635228+00	f	f	t	2025-06-10 19:37:47.369651+00	test_client_20250610123746@example.com	a579fe7a-2e3d-4647-b76c-4c96315b1908	Test	Client	\N	f	UTC	f	active	\N	\N	2025-06-10 19:37:47.502654+00	2025-06-10 19:37:47.502659+00
44	pbkdf2_sha256$870000$H6Xp26DFKmm8wgxIhDROZ6$uBr4nOJpKIb5TY01vttjeXqVGRCoGWzlF5j+6DoJu9c=	2025-06-10 19:38:32.570124+00	f	f	t	2025-06-10 19:38:32.260868+00	test_prac_20250610123832@example.com	640d463b-6391-41f2-833d-75075b3c28e9	Test	Practitioner	\N	f	UTC	f	active	\N	\N	2025-06-10 19:38:32.409154+00	2025-06-10 19:38:32.409168+00
45	pbkdf2_sha256$870000$JNHSGQhqPvX00vjPLfP2J7$eoqllDvAj8hPx4YI9vkTziTHfTaqeBF4E2tOPRtU3z4=	2025-06-10 19:38:33.530888+00	f	f	t	2025-06-10 19:38:33.267734+00	test_client_20250610123832@example.com	d3f165c4-c9ea-4ef7-957a-ace48eb00907	Test	Client	\N	f	UTC	f	active	\N	\N	2025-06-10 19:38:33.397731+00	2025-06-10 19:38:33.397734+00
46	pbkdf2_sha256$870000$6LJwq1uZDAaEYq5iPzxpES$xKjyRV5STsU5dqQfxJ0F0qKZLKmKRBrIRvjvWgoJ7s8=	2025-06-10 19:40:54.375525+00	f	f	t	2025-06-10 19:40:54.090419+00	test_prac_20250610124054@example.com	d736b5e9-ec86-41f7-a403-8d361979ab71	Test	Practitioner	\N	f	UTC	f	active	\N	\N	2025-06-10 19:40:54.233198+00	2025-06-10 19:40:54.233209+00
47	pbkdf2_sha256$870000$q2IuOFZBxDHdfOiguYf3dQ$F5nxUawgDvqIveCTwTRwFLA/vezPqbhuuwGYQa1l41k=	2025-06-10 19:40:55.278193+00	f	f	t	2025-06-10 19:40:55.010525+00	test_client_20250610124054@example.com	a3e6ad40-0f20-4bbf-86f4-986a5c0d02bd	Test	Client	\N	f	UTC	f	active	\N	\N	2025-06-10 19:40:55.142191+00	2025-06-10 19:40:55.142196+00
48	pbkdf2_sha256$870000$MS7kWYNUzfqE9ChbtkI49N$AE628TN+iNDhESMC4DmdOXEAZ4u8MHMYUgeBR2Xml+g=	2025-06-10 19:41:32.449571+00	f	f	t	2025-06-10 19:41:32.160163+00	test_prac_20250610124132@example.com	d0924c47-a395-408b-881f-48006e048b18	Test	Practitioner	\N	f	UTC	f	active	\N	\N	2025-06-10 19:41:32.294624+00	2025-06-10 19:41:32.294633+00
49	pbkdf2_sha256$870000$yzxneEGFGwhPyYCSJBGCPJ$aBFwr4lFqJ3cFQ4DNeuYoar4zUE9K+iCkI1agXWhpx0=	2025-06-10 19:41:33.377471+00	f	f	t	2025-06-10 19:41:33.113943+00	test_client_20250610124132@example.com	b8b01f75-0d29-4a25-91f3-2e13f07faca6	Test	Client	\N	f	UTC	f	active	\N	\N	2025-06-10 19:41:33.243781+00	2025-06-10 19:41:33.243785+00
52	pbkdf2_sha256$870000$gv7rawmKqYRfxYVZqS8yAm$ifpfWSD2Z9vnC8cWijqL8BFN4q+woAmpmNOZlMXjtDI=	\N	t	t	t	2025-06-16 04:28:01.971543+00	admin@estuary.com	670e5548-cafd-409e-ad72-dceb2fc98d16	Admin	User	\N	f	UTC	f	active	\N	\N	2025-06-16 04:28:01.971746+00	2025-06-16 04:28:02.125613+00
50	pbkdf2_sha256$870000$AyONg1W3RxtK7SeITamlOr$lSxR80zF0sYBcYJEI0nLpK04TRab0C9W6cIM64M8014=	2025-06-10 23:37:20.337844+00	f	f	t	2025-06-10 23:37:19.379834+00	test_1749598638.892212@example.com	afd9c7d3-7a38-46de-a732-2e6f212f9a7b	Test	User	\N	f	UTC	f	active	\N	\N	2025-06-10 23:37:19.860182+00	2025-06-10 23:37:19.860193+00
53	pbkdf2_sha256$870000$Oh1wdkxNhlCWgDyaAiYMQo$MHQUPEpvl/dN8BA/bJajYMwFv/YNeKdNOkULUFJg40o=	\N	f	f	t	2025-06-16 04:28:02.145013+00	testclient@example.com	9f2a6c44-ea79-4a75-aab2-47402ede0d68	Test	Client	\N	f	UTC	f	active	\N	\N	2025-06-16 04:28:02.145137+00	2025-06-16 04:28:02.320174+00
54	pbkdf2_sha256$870000$E7bIUnUfYHpyn7RlUt5Mqo$98aWhoQpZm1vXnTBhJRKAULsSC6wR0guO/2zcxrrNwA=	\N	f	f	t	2025-06-16 04:28:02.322717+00	testprac@example.com	08d8b010-ac0b-4df0-8d98-92bd70f9d7da	Test	Practitioner	\N	f	UTC	t	active	\N	\N	2025-06-16 04:28:02.322807+00	2025-06-16 04:28:02.473675+00
51	pbkdf2_sha256$870000$friTPL7PulDEqH0uocv0YV$SH2jiCi/8vZ1t+/R8WQxPJjmNyWLNMV4GhTWqF1kAcI=	2025-06-10 23:40:16.40128+00	f	f	t	2025-06-10 23:40:15.971915+00	test_1749598815.610289@example.com	25105ab9-dd6a-4497-98a3-6aafcc3c27d6	Test	User	\N	f	UTC	f	active	\N	\N	2025-06-10 23:40:16.105608+00	2025-06-10 23:40:16.105618+00
55	pbkdf2_sha256$870000$8MnDDTnJ5lhwonY76sotTX$7yAuN2msyJmB/kIYOZBTbg02o/ea8AkOr9wqJCciVD8=	\N	f	f	t	2025-06-17 22:05:45.166409+00	user1@example.com	345cf308-a612-4615-94c7-7f8e8ae574ad	User1	Test	\N	f	UTC	f	active	\N	\N	2025-06-17 22:05:45.166571+00	2025-06-17 22:05:45.309819+00
56	pbkdf2_sha256$870000$1mn40uzIUInyE8p7fQF4jM$wIXztlJoLUSj+09l/Fhpj37eQlqgYwEovKd+N+vmGQo=	\N	f	f	t	2025-06-17 22:05:45.317174+00	user2@example.com	517503a5-d9af-4dec-a2f2-95ca96e8b0e4	User2	Test	\N	f	UTC	f	active	\N	\N	2025-06-17 22:05:45.317248+00	2025-06-17 22:05:45.439251+00
57	pbkdf2_sha256$870000$ntJp7UdnVzwlMYdzUy5ZjI$6A9RpQP62uAvpzCXKrRTjqBThd8IzFDfgf/a1m/AiX0=	\N	f	f	t	2025-06-17 22:05:45.440044+00	user3@example.com	79fea359-2324-4ef7-be66-7b063bda18d6	User3	Test	\N	f	UTC	f	active	\N	\N	2025-06-17 22:05:45.440104+00	2025-06-17 22:05:45.63376+00
58	pbkdf2_sha256$870000$Bz6aJ1FakHd55SH77HdEZE$VsU2YjJjS6ENeh/7nqdyeKQf1NE2uVGbauejclfjSCM=	\N	f	f	t	2025-06-17 22:05:45.63483+00	user4@example.com	ee242f0d-35a0-4b4a-956f-4ab75be3bf0a	User4	Test	\N	f	UTC	f	active	\N	\N	2025-06-17 22:05:45.634896+00	2025-06-17 22:05:45.760126+00
59	pbkdf2_sha256$870000$bCdQL87G84VDPcv1xmBZJt$sAUt+6NaTH1e93NyOQYyZGT0FAfyCUI8l9tRSQmOglE=	\N	f	f	t	2025-06-17 22:05:45.761228+00	user5@example.com	ee970995-42ba-4c92-9089-81a5c13dd472	User5	Test	\N	f	UTC	f	active	\N	\N	2025-06-17 22:05:45.761302+00	2025-06-17 22:05:45.895473+00
60	pbkdf2_sha256$870000$WV58dqGzGNOn3VDVepVcd9$4maUatggqV7r16pH1CjhElM5nIDTGFMwx+tTvxpe+Q4=	\N	f	f	t	2025-06-17 22:05:45.896668+00	user6@example.com	630a8726-5b73-462c-b15e-cdb1a493c131	User6	Test	\N	f	UTC	f	active	\N	\N	2025-06-17 22:05:45.896724+00	2025-06-17 22:05:46.078807+00
61	pbkdf2_sha256$870000$PhuXZuO0eOeKIbBxQZtCan$J4ETFJA7oaJnA8H2sb5UuuFfIUSoNr2eOPK9ulmOau4=	\N	f	f	t	2025-06-17 22:05:46.079844+00	user7@example.com	c5a9f279-7dc8-422b-b52a-0046ceb0562a	User7	Test	\N	f	UTC	f	active	\N	\N	2025-06-17 22:05:46.079902+00	2025-06-17 22:05:46.203028+00
62	pbkdf2_sha256$870000$bCcTi3oHIv8NIOgx0bKihw$b4ulbUsZN7CbeXcdZNa+hIkcwO6H0IhnEC6tTK9Lkso=	\N	f	f	t	2025-06-17 22:05:46.205221+00	user8@example.com	7a0dc332-e8a4-4248-b9e1-e5709e24f202	User8	Test	\N	f	UTC	f	active	\N	\N	2025-06-17 22:05:46.205292+00	2025-06-17 22:05:46.37958+00
63	pbkdf2_sha256$870000$s2L2LpcQg431NIDrMMIHFv$Cm/jwVfplZcQOpjiVe7aVuC5t3fONtdtMrOlIT11GX8=	\N	f	f	t	2025-06-17 22:05:46.381203+00	user9@example.com	b8b3ef15-ed29-41b3-9dc4-cb204f4ec3fb	User9	Test	\N	f	UTC	f	active	\N	\N	2025-06-17 22:05:46.381289+00	2025-06-17 22:05:46.52809+00
64	pbkdf2_sha256$870000$EFZUu3YNHapAoASSO1hDgV$l70iebyzK3LHhO3a/3FFH4QBwhuZ6H+YzdP2q/d/3ZM=	\N	f	f	t	2025-06-17 22:05:46.528965+00	user10@example.com	b89cc308-41e8-4eeb-8a96-07e5c431d59e	User10	Test	\N	f	UTC	f	active	\N	\N	2025-06-17 22:05:46.529029+00	2025-06-17 22:05:46.650883+00
65	pbkdf2_sha256$870000$vs9Vjbx3eUO5ufV6n82Ls6$5HJqfCYscHMR4i92DoYu0CVP81uIdLM85G+M1P4D0bA=	\N	f	f	t	2025-06-17 22:05:46.651926+00	practitioner1@example.com	92c8e6ee-25d6-45c5-8f6b-1873233cef4d	Practitioner1	Test	\N	f	UTC	t	active	\N	\N	2025-06-17 22:05:46.651993+00	2025-06-17 22:05:46.847019+00
66	pbkdf2_sha256$870000$ZstXWhmtEDptVcKitlRa2A$9hF1cc2XbvXWxn1CY7d7NF6rR5SmMtrKNhqW5NNpg8I=	\N	f	f	t	2025-06-17 22:05:46.852745+00	practitioner2@example.com	c5669b59-1cdf-4966-97ba-38cc0099a5c5	Practitioner2	Test	\N	f	UTC	t	active	\N	\N	2025-06-17 22:05:46.852804+00	2025-06-17 22:05:46.9753+00
67	pbkdf2_sha256$870000$jqhDvesdB8E5KsBsGP0Yqp$TE+uvlY3IQHNMJqfAkInJGwiQND1K0iAb555pwYLq68=	\N	f	f	t	2025-06-17 22:05:46.977253+00	practitioner3@example.com	f8361df8-0623-44bd-b797-91e23314a102	Practitioner3	Test	\N	f	UTC	t	active	\N	\N	2025-06-17 22:05:46.977305+00	2025-06-17 22:05:47.099351+00
68	pbkdf2_sha256$870000$nAsYsQrc82F2OFsrzbSulO$VhiRd01e/C+7mcr8QUapmm8gQuIf/8AVrdGDmINm/BM=	\N	f	f	t	2025-06-17 22:05:47.101416+00	practitioner4@example.com	fb3f8ebe-2f2a-4b3d-a064-1fbfebf5e6c3	Practitioner4	Test	\N	f	UTC	t	active	\N	\N	2025-06-17 22:05:47.101477+00	2025-06-17 22:05:47.289072+00
69	pbkdf2_sha256$870000$dPXkwfNBiGazMbbXBJMuIt$7H/6S2P2TVO6QUh77ODOg1u44yLflrsBXMSRhikExaE=	\N	f	f	t	2025-06-17 22:05:47.290943+00	practitioner5@example.com	579aa052-8ca3-4e38-8324-ef919f5f9561	Practitioner5	Test	\N	f	UTC	t	active	\N	\N	2025-06-17 22:05:47.290997+00	2025-06-17 22:05:47.413893+00
70	pbkdf2_sha256$870000$jUTmKoEiUqdEaR55L9nCjN$2p32kPIdkSs3FwgP9+6wu4X0KQFyHCIeIvKZ8y9vAwk=	2025-06-21 01:20:45.007929+00	f	f	t	2025-06-21 01:20:44.434772+00	test@gmail.com	6e59bc70-f05d-45ea-a980-b843672426cb	rr	r	\N	f	UTC	f	active	\N	\N	2025-06-21 01:20:44.608159+00	2025-06-21 01:20:44.608164+00
\.


--
-- Data for Name: users_user_groups; Type: TABLE DATA; Schema: public; Owner: estuary
--

COPY public.users_user_groups (id, user_id, group_id) FROM stdin;
\.


--
-- Data for Name: users_user_user_permissions; Type: TABLE DATA; Schema: public; Owner: estuary
--

COPY public.users_user_user_permissions (id, user_id, permission_id) FROM stdin;
\.


--
-- Data for Name: users_userfavoritepractitioner; Type: TABLE DATA; Schema: public; Owner: estuary
--

COPY public.users_userfavoritepractitioner (id, created_at, updated_at, practitioner_id, user_id) FROM stdin;
3	2025-06-21 00:24:12.802072+00	2025-06-21 00:24:12.802086+00	4	9
4	2025-06-21 00:24:30.617281+00	2025-06-21 00:24:30.617305+00	7	9
\.


--
-- Data for Name: users_userfavoriteservice; Type: TABLE DATA; Schema: public; Owner: estuary
--

COPY public.users_userfavoriteservice (id, created_at, updated_at, service_id, user_id) FROM stdin;
2	2025-06-21 01:14:25.154502+00	2025-06-21 01:14:25.154513+00	44	9
\.


--
-- Data for Name: users_userpaymentprofile; Type: TABLE DATA; Schema: public; Owner: estuary
--

COPY public.users_userpaymentprofile (id, created_at, updated_at, stripe_customer_id, stripe_account_id, billing_address, default_currency, user_id) FROM stdin;
1	2025-06-10 18:02:22.281687+00	2025-06-10 18:06:44.433123+00	cus_STTWZRvPUAdFM3	\N	\N	USD	12
2	2025-06-10 18:36:37.129328+00	2025-06-10 18:36:37.519694+00	cus_STU0UokdHBaT4M	\N	\N	USD	13
3	2025-06-10 18:40:58.24741+00	2025-06-10 18:40:58.654228+00	cus_STU4fAX41Q4RLz	\N	\N	USD	14
4	2025-06-10 18:41:47.525936+00	2025-06-10 18:41:47.891467+00	cus_STU5fGIm6zAVzB	\N	\N	USD	15
5	2025-06-10 18:42:24.791154+00	2025-06-10 18:42:25.197042+00	cus_STU6bD9xUZAMcA	\N	\N	USD	16
6	2025-06-10 18:47:38.768127+00	2025-06-10 18:47:39.183011+00	cus_STUBO6w388P3ZX	\N	\N	USD	17
7	2025-06-10 18:50:49.250598+00	2025-06-10 18:50:49.625308+00	cus_STUEsagCKibQTK	\N	\N	USD	19
8	2025-06-10 18:54:16.967882+00	2025-06-10 18:54:17.341042+00	cus_STUHl237rvUsL4	\N	\N	USD	21
9	2025-06-10 18:56:00.161984+00	2025-06-10 18:56:00.583317+00	cus_STUJx8JJvpecBS	\N	\N	USD	23
10	2025-06-10 18:59:37.560661+00	2025-06-10 18:59:37.937829+00	cus_STUNrAblK6meFi	\N	\N	USD	25
11	2025-06-10 19:01:03.607905+00	2025-06-10 19:01:04.256615+00	cus_STUOrRXeHCYlDY	\N	\N	USD	27
12	2025-06-10 19:12:46.948602+00	2025-06-10 19:12:47.323927+00	cus_STUaB1ySCMQoEh	\N	\N	USD	31
13	2025-06-10 19:19:22.354082+00	2025-06-10 19:19:22.76073+00	cus_STUh4hhDlm0pm4	\N	\N	USD	32
14	2025-06-10 19:20:54.413396+00	2025-06-10 19:20:54.790266+00	cus_STUiNF4X2uLQ9H	\N	\N	USD	34
15	2025-06-10 19:22:24.778431+00	2025-06-10 19:22:25.153176+00	cus_STUkJEkaHAHYXT	\N	\N	USD	36
16	2025-06-10 19:23:44.785072+00	2025-06-10 19:23:45.177481+00	cus_STUlkb2snio0cG	\N	\N	USD	38
17	2025-06-10 19:24:23.812227+00	2025-06-10 19:24:24.190118+00	cus_STUmgiFOqw6NUG	\N	\N	USD	40
18	2025-06-10 19:37:46.611504+00	2025-06-10 19:37:47.214319+00	cus_STUzrseiGqHrQE	\N	\N	USD	42
19	2025-06-10 19:37:47.728067+00	2025-06-10 19:37:48.051286+00	cus_STUzwPCvkKwXE4	\N	\N	USD	43
20	2025-06-10 19:38:32.701691+00	2025-06-10 19:38:33.116398+00	cus_STV0olHIlL6ctT	\N	\N	USD	44
21	2025-06-10 19:38:33.608293+00	2025-06-10 19:38:33.936561+00	cus_STV0BLkcR5wES6	\N	\N	USD	45
22	2025-06-10 19:40:54.49827+00	2025-06-10 19:40:54.857981+00	cus_STV2KlSxvUTZ44	\N	\N	USD	46
23	2025-06-10 19:40:55.364074+00	2025-06-10 19:40:55.696416+00	cus_STV2uZdS4K1I5P	\N	\N	USD	47
24	2025-06-10 19:41:32.592319+00	2025-06-10 19:41:32.959459+00	cus_STV3H6nM1XGPpt	\N	\N	USD	48
25	2025-06-10 19:41:33.477802+00	2025-06-10 19:41:33.818527+00	cus_STV3iXUiA27DnR	\N	\N	USD	49
26	2025-06-20 05:21:18.317933+00	2025-06-20 05:21:18.569576+00	cus_SX1Qfj7w2RESpQ	\N	\N	USD	9
\.


--
-- Data for Name: users_userprofile; Type: TABLE DATA; Schema: public; Owner: estuary
--

COPY public.users_userprofile (id, created_at, updated_at, display_name, bio, avatar_url, gender, birthdate, phone_verification_token, address_id, user_id) FROM stdin;
\.


--
-- Data for Name: users_usersociallinks; Type: TABLE DATA; Schema: public; Owner: estuary
--

COPY public.users_usersociallinks (id, created_at, updated_at, instagram, twitter, linkedin, youtube, tiktok, facebook, website, user_id) FROM stdin;
\.


--
-- Data for Name: utils_address; Type: TABLE DATA; Schema: public; Owner: estuary
--

COPY public.utils_address (id, created_at, updated_at, name, address_line_1, address_line_2, city, state_province, state_province_code, postal_code, country_code, city_slug, state_slug, metro_area, latitude, longitude, timezone, is_verified, location_type, active_service_count, country_id) FROM stdin;
\.


--
-- Data for Name: utils_holiday; Type: TABLE DATA; Schema: public; Owner: estuary
--

COPY public.utils_holiday (id, created_at, updated_at, name, date, is_recurring, is_business_day, country_id) FROM stdin;
\.


--
-- Data for Name: utils_language; Type: TABLE DATA; Schema: public; Owner: estuary
--

COPY public.utils_language (id, created_at, updated_at, name, native_name, code, code_3, is_rtl, is_active, "order") FROM stdin;
\.


--
-- Data for Name: verification_documents; Type: TABLE DATA; Schema: public; Owner: estuary
--

COPY public.verification_documents (id, document_type, document_url, status, rejection_reason, notes, expires_at, created_at, updated_at, practitioner_id) FROM stdin;
\.


--
-- Data for Name: waitlists; Type: TABLE DATA; Schema: public; Owner: estuary
--

COPY public.waitlists (id, joined_at, "position", status, notified_at, notification_count, last_notification, notes, service_id, service_session_id, user_id) FROM stdin;
\.


--
-- Name: auth_group_id_seq; Type: SEQUENCE SET; Schema: public; Owner: estuary
--

SELECT pg_catalog.setval('public.auth_group_id_seq', 1, false);


--
-- Name: auth_group_permissions_id_seq; Type: SEQUENCE SET; Schema: public; Owner: estuary
--

SELECT pg_catalog.setval('public.auth_group_permissions_id_seq', 1, false);


--
-- Name: auth_permission_id_seq; Type: SEQUENCE SET; Schema: public; Owner: estuary
--

SELECT pg_catalog.setval('public.auth_permission_id_seq', 489, true);


--
-- Name: bookings_booking_id_seq; Type: SEQUENCE SET; Schema: public; Owner: estuary
--

SELECT pg_catalog.setval('public.bookings_booking_id_seq', 29, true);


--
-- Name: bookings_bookingnote_id_seq; Type: SEQUENCE SET; Schema: public; Owner: estuary
--

SELECT pg_catalog.setval('public.bookings_bookingnote_id_seq', 1, false);


--
-- Name: bookings_bookingreminder_id_seq; Type: SEQUENCE SET; Schema: public; Owner: estuary
--

SELECT pg_catalog.setval('public.bookings_bookingreminder_id_seq', 1, false);


--
-- Name: certifications_id_seq; Type: SEQUENCE SET; Schema: public; Owner: estuary
--

SELECT pg_catalog.setval('public.certifications_id_seq', 4, true);


--
-- Name: common_modality_id_seq; Type: SEQUENCE SET; Schema: public; Owner: estuary
--

SELECT pg_catalog.setval('public.common_modality_id_seq', 10, true);


--
-- Name: community_communityfollow_id_seq; Type: SEQUENCE SET; Schema: public; Owner: estuary
--

SELECT pg_catalog.setval('public.community_communityfollow_id_seq', 1, false);


--
-- Name: community_communitytopic_id_seq; Type: SEQUENCE SET; Schema: public; Owner: estuary
--

SELECT pg_catalog.setval('public.community_communitytopic_id_seq', 1, false);


--
-- Name: community_post_id_seq; Type: SEQUENCE SET; Schema: public; Owner: estuary
--

SELECT pg_catalog.setval('public.community_post_id_seq', 1, false);


--
-- Name: community_post_topics_id_seq; Type: SEQUENCE SET; Schema: public; Owner: estuary
--

SELECT pg_catalog.setval('public.community_post_topics_id_seq', 1, false);


--
-- Name: community_postcomment_id_seq; Type: SEQUENCE SET; Schema: public; Owner: estuary
--

SELECT pg_catalog.setval('public.community_postcomment_id_seq', 1, false);


--
-- Name: community_postpurchasevisibility_id_seq; Type: SEQUENCE SET; Schema: public; Owner: estuary
--

SELECT pg_catalog.setval('public.community_postpurchasevisibility_id_seq', 1, false);


--
-- Name: community_postreaction_id_seq; Type: SEQUENCE SET; Schema: public; Owner: estuary
--

SELECT pg_catalog.setval('public.community_postreaction_id_seq', 1, false);


--
-- Name: django_admin_log_id_seq; Type: SEQUENCE SET; Schema: public; Owner: estuary
--

SELECT pg_catalog.setval('public.django_admin_log_id_seq', 1, true);


--
-- Name: django_content_type_id_seq; Type: SEQUENCE SET; Schema: public; Owner: estuary
--

SELECT pg_catalog.setval('public.django_content_type_id_seq', 122, true);


--
-- Name: django_migrations_id_seq; Type: SEQUENCE SET; Schema: public; Owner: estuary
--

SELECT pg_catalog.setval('public.django_migrations_id_seq', 87, true);


--
-- Name: educations_id_seq; Type: SEQUENCE SET; Schema: public; Owner: estuary
--

SELECT pg_catalog.setval('public.educations_id_seq', 4, true);


--
-- Name: external_service_fees_id_seq; Type: SEQUENCE SET; Schema: public; Owner: estuary
--

SELECT pg_catalog.setval('public.external_service_fees_id_seq', 2, true);


--
-- Name: locations_city_id_seq; Type: SEQUENCE SET; Schema: public; Owner: estuary
--

SELECT pg_catalog.setval('public.locations_city_id_seq', 1, false);


--
-- Name: locations_country_id_seq; Type: SEQUENCE SET; Schema: public; Owner: estuary
--

SELECT pg_catalog.setval('public.locations_country_id_seq', 1, false);


--
-- Name: locations_practitionerlocation_id_seq; Type: SEQUENCE SET; Schema: public; Owner: estuary
--

SELECT pg_catalog.setval('public.locations_practitionerlocation_id_seq', 1, false);


--
-- Name: locations_state_id_seq; Type: SEQUENCE SET; Schema: public; Owner: estuary
--

SELECT pg_catalog.setval('public.locations_state_id_seq', 1, false);


--
-- Name: locations_zipcode_id_seq; Type: SEQUENCE SET; Schema: public; Owner: estuary
--

SELECT pg_catalog.setval('public.locations_zipcode_id_seq', 1, false);


--
-- Name: media_mediaprocessingjob_id_seq; Type: SEQUENCE SET; Schema: public; Owner: estuary
--

SELECT pg_catalog.setval('public.media_mediaprocessingjob_id_seq', 1, false);


--
-- Name: media_mediaversion_id_seq; Type: SEQUENCE SET; Schema: public; Owner: estuary
--

SELECT pg_catalog.setval('public.media_mediaversion_id_seq', 1, false);


--
-- Name: messaging_blockeduser_id_seq; Type: SEQUENCE SET; Schema: public; Owner: estuary
--

SELECT pg_catalog.setval('public.messaging_blockeduser_id_seq', 1, false);


--
-- Name: messaging_conversation_id_seq; Type: SEQUENCE SET; Schema: public; Owner: estuary
--

SELECT pg_catalog.setval('public.messaging_conversation_id_seq', 1, true);


--
-- Name: messaging_conversationparticipant_id_seq; Type: SEQUENCE SET; Schema: public; Owner: estuary
--

SELECT pg_catalog.setval('public.messaging_conversationparticipant_id_seq', 2, true);


--
-- Name: messaging_message_id_seq; Type: SEQUENCE SET; Schema: public; Owner: estuary
--

SELECT pg_catalog.setval('public.messaging_message_id_seq', 9, true);


--
-- Name: messaging_messagenotificationpreference_id_seq; Type: SEQUENCE SET; Schema: public; Owner: estuary
--

SELECT pg_catalog.setval('public.messaging_messagenotificationpreference_id_seq', 1, false);


--
-- Name: messaging_messagereceipt_id_seq; Type: SEQUENCE SET; Schema: public; Owner: estuary
--

SELECT pg_catalog.setval('public.messaging_messagereceipt_id_seq', 11, true);


--
-- Name: messaging_typingindicator_id_seq; Type: SEQUENCE SET; Schema: public; Owner: estuary
--

SELECT pg_catalog.setval('public.messaging_typingindicator_id_seq', 1, false);


--
-- Name: out_of_office_id_seq; Type: SEQUENCE SET; Schema: public; Owner: estuary
--

SELECT pg_catalog.setval('public.out_of_office_id_seq', 1, false);


--
-- Name: package_completion_records_id_seq; Type: SEQUENCE SET; Schema: public; Owner: estuary
--

SELECT pg_catalog.setval('public.package_completion_records_id_seq', 9, true);


--
-- Name: payments_earningstransaction_id_seq; Type: SEQUENCE SET; Schema: public; Owner: estuary
--

SELECT pg_catalog.setval('public.payments_earningstransaction_id_seq', 23, true);


--
-- Name: payments_order_id_seq; Type: SEQUENCE SET; Schema: public; Owner: estuary
--

SELECT pg_catalog.setval('public.payments_order_id_seq', 33, true);


--
-- Name: payments_paymentmethod_id_seq; Type: SEQUENCE SET; Schema: public; Owner: estuary
--

SELECT pg_catalog.setval('public.payments_paymentmethod_id_seq', 2, true);


--
-- Name: payments_practitionerearnings_id_seq; Type: SEQUENCE SET; Schema: public; Owner: estuary
--

SELECT pg_catalog.setval('public.payments_practitionerearnings_id_seq', 2, true);


--
-- Name: payments_practitionerpayout_id_seq; Type: SEQUENCE SET; Schema: public; Owner: estuary
--

SELECT pg_catalog.setval('public.payments_practitionerpayout_id_seq', 1, false);


--
-- Name: payments_usercreditbalance_id_seq; Type: SEQUENCE SET; Schema: public; Owner: estuary
--

SELECT pg_catalog.setval('public.payments_usercreditbalance_id_seq', 4, true);


--
-- Name: payments_usercredittransaction_id_seq; Type: SEQUENCE SET; Schema: public; Owner: estuary
--

SELECT pg_catalog.setval('public.payments_usercredittransaction_id_seq', 3, true);


--
-- Name: practitioner_subscriptions_id_seq; Type: SEQUENCE SET; Schema: public; Owner: estuary
--

SELECT pg_catalog.setval('public.practitioner_subscriptions_id_seq', 19, true);


--
-- Name: practitioners_clientnote_id_seq; Type: SEQUENCE SET; Schema: public; Owner: estuary
--

SELECT pg_catalog.setval('public.practitioners_clientnote_id_seq', 1, false);


--
-- Name: practitioners_practitioner_certifications_id_seq; Type: SEQUENCE SET; Schema: public; Owner: estuary
--

SELECT pg_catalog.setval('public.practitioners_practitioner_certifications_id_seq', 6, true);


--
-- Name: practitioners_practitioner_educations_id_seq; Type: SEQUENCE SET; Schema: public; Owner: estuary
--

SELECT pg_catalog.setval('public.practitioners_practitioner_educations_id_seq', 6, true);


--
-- Name: practitioners_practitioner_id_seq; Type: SEQUENCE SET; Schema: public; Owner: estuary
--

SELECT pg_catalog.setval('public.practitioners_practitioner_id_seq', 32, true);


--
-- Name: practitioners_practitioner_modalities_id_seq; Type: SEQUENCE SET; Schema: public; Owner: estuary
--

SELECT pg_catalog.setval('public.practitioners_practitioner_modalities_id_seq', 15, true);


--
-- Name: practitioners_practitioner_questions_id_seq; Type: SEQUENCE SET; Schema: public; Owner: estuary
--

SELECT pg_catalog.setval('public.practitioners_practitioner_questions_id_seq', 3, true);


--
-- Name: practitioners_practitioner_specializations_id_seq; Type: SEQUENCE SET; Schema: public; Owner: estuary
--

SELECT pg_catalog.setval('public.practitioners_practitioner_specializations_id_seq', 14, true);


--
-- Name: practitioners_practitioner_styles_id_seq; Type: SEQUENCE SET; Schema: public; Owner: estuary
--

SELECT pg_catalog.setval('public.practitioners_practitioner_styles_id_seq', 9, true);


--
-- Name: practitioners_practitioner_topics_id_seq; Type: SEQUENCE SET; Schema: public; Owner: estuary
--

SELECT pg_catalog.setval('public.practitioners_practitioner_topics_id_seq', 19, true);


--
-- Name: practitioners_schedule_id_seq; Type: SEQUENCE SET; Schema: public; Owner: estuary
--

SELECT pg_catalog.setval('public.practitioners_schedule_id_seq', 4, true);


--
-- Name: practitioners_schedulepreference_id_seq; Type: SEQUENCE SET; Schema: public; Owner: estuary
--

SELECT pg_catalog.setval('public.practitioners_schedulepreference_id_seq', 1, false);


--
-- Name: practitioners_scheduletimeslot_id_seq; Type: SEQUENCE SET; Schema: public; Owner: estuary
--

SELECT pg_catalog.setval('public.practitioners_scheduletimeslot_id_seq', 15, true);


--
-- Name: practitioners_serviceschedule_id_seq; Type: SEQUENCE SET; Schema: public; Owner: estuary
--

SELECT pg_catalog.setval('public.practitioners_serviceschedule_id_seq', 1, false);


--
-- Name: questions_id_seq; Type: SEQUENCE SET; Schema: public; Owner: estuary
--

SELECT pg_catalog.setval('public.questions_id_seq', 3, true);


--
-- Name: reviews_review_id_seq; Type: SEQUENCE SET; Schema: public; Owner: estuary
--

SELECT pg_catalog.setval('public.reviews_review_id_seq', 5, true);


--
-- Name: reviews_reviewanswer_id_seq; Type: SEQUENCE SET; Schema: public; Owner: estuary
--

SELECT pg_catalog.setval('public.reviews_reviewanswer_id_seq', 1, false);


--
-- Name: reviews_reviewquestion_id_seq; Type: SEQUENCE SET; Schema: public; Owner: estuary
--

SELECT pg_catalog.setval('public.reviews_reviewquestion_id_seq', 1, false);


--
-- Name: reviews_reviewreport_id_seq; Type: SEQUENCE SET; Schema: public; Owner: estuary
--

SELECT pg_catalog.setval('public.reviews_reviewreport_id_seq', 1, false);


--
-- Name: reviews_reviewvote_id_seq; Type: SEQUENCE SET; Schema: public; Owner: estuary
--

SELECT pg_catalog.setval('public.reviews_reviewvote_id_seq', 1, false);


--
-- Name: rooms_room_id_seq; Type: SEQUENCE SET; Schema: public; Owner: estuary
--

SELECT pg_catalog.setval('public.rooms_room_id_seq', 1, false);


--
-- Name: rooms_roombookingrelation_id_seq; Type: SEQUENCE SET; Schema: public; Owner: estuary
--

SELECT pg_catalog.setval('public.rooms_roombookingrelation_id_seq', 1, false);


--
-- Name: rooms_roomparticipant_id_seq; Type: SEQUENCE SET; Schema: public; Owner: estuary
--

SELECT pg_catalog.setval('public.rooms_roomparticipant_id_seq', 1, false);


--
-- Name: rooms_roomrecording_id_seq; Type: SEQUENCE SET; Schema: public; Owner: estuary
--

SELECT pg_catalog.setval('public.rooms_roomrecording_id_seq', 1, false);


--
-- Name: rooms_roomtemplate_id_seq; Type: SEQUENCE SET; Schema: public; Owner: estuary
--

SELECT pg_catalog.setval('public.rooms_roomtemplate_id_seq', 1, false);


--
-- Name: rooms_roomtoken_id_seq; Type: SEQUENCE SET; Schema: public; Owner: estuary
--

SELECT pg_catalog.setval('public.rooms_roomtoken_id_seq', 1, false);


--
-- Name: rooms_videotoken_id_seq; Type: SEQUENCE SET; Schema: public; Owner: estuary
--

SELECT pg_catalog.setval('public.rooms_videotoken_id_seq', 1, false);


--
-- Name: schedule_availabilities_id_seq; Type: SEQUENCE SET; Schema: public; Owner: estuary
--

SELECT pg_catalog.setval('public.schedule_availabilities_id_seq', 1, false);


--
-- Name: service_benefits_id_seq; Type: SEQUENCE SET; Schema: public; Owner: estuary
--

SELECT pg_catalog.setval('public.service_benefits_id_seq', 1, false);


--
-- Name: service_relationships_id_seq; Type: SEQUENCE SET; Schema: public; Owner: estuary
--

SELECT pg_catalog.setval('public.service_relationships_id_seq', 16, true);


--
-- Name: service_sessions_id_seq; Type: SEQUENCE SET; Schema: public; Owner: estuary
--

SELECT pg_catalog.setval('public.service_sessions_id_seq', 16, true);


--
-- Name: service_type_commissions_id_seq; Type: SEQUENCE SET; Schema: public; Owner: estuary
--

SELECT pg_catalog.setval('public.service_type_commissions_id_seq', 5, true);


--
-- Name: services_practitionerservicecategory_id_seq; Type: SEQUENCE SET; Schema: public; Owner: estuary
--

SELECT pg_catalog.setval('public.services_practitionerservicecategory_id_seq', 14, true);


--
-- Name: services_service_id_seq; Type: SEQUENCE SET; Schema: public; Owner: estuary
--

SELECT pg_catalog.setval('public.services_service_id_seq', 46, true);


--
-- Name: services_service_languages_id_seq; Type: SEQUENCE SET; Schema: public; Owner: estuary
--

SELECT pg_catalog.setval('public.services_service_languages_id_seq', 1, false);


--
-- Name: services_servicecategory_id_seq; Type: SEQUENCE SET; Schema: public; Owner: estuary
--

SELECT pg_catalog.setval('public.services_servicecategory_id_seq', 4, true);


--
-- Name: services_servicepractitioner_id_seq; Type: SEQUENCE SET; Schema: public; Owner: estuary
--

SELECT pg_catalog.setval('public.services_servicepractitioner_id_seq', 22, true);


--
-- Name: services_serviceresource_id_seq; Type: SEQUENCE SET; Schema: public; Owner: estuary
--

SELECT pg_catalog.setval('public.services_serviceresource_id_seq', 1, false);


--
-- Name: services_serviceresourceaccess_id_seq; Type: SEQUENCE SET; Schema: public; Owner: estuary
--

SELECT pg_catalog.setval('public.services_serviceresourceaccess_id_seq', 1, false);


--
-- Name: services_servicetype_id_seq; Type: SEQUENCE SET; Schema: public; Owner: estuary
--

SELECT pg_catalog.setval('public.services_servicetype_id_seq', 7, true);


--
-- Name: session_agenda_items_id_seq; Type: SEQUENCE SET; Schema: public; Owner: estuary
--

SELECT pg_catalog.setval('public.session_agenda_items_id_seq', 1, false);


--
-- Name: session_participants_id_seq; Type: SEQUENCE SET; Schema: public; Owner: estuary
--

SELECT pg_catalog.setval('public.session_participants_id_seq', 1, false);


--
-- Name: specializations_id_seq; Type: SEQUENCE SET; Schema: public; Owner: estuary
--

SELECT pg_catalog.setval('public.specializations_id_seq', 10, true);


--
-- Name: streams_livestream_id_seq; Type: SEQUENCE SET; Schema: public; Owner: estuary
--

SELECT pg_catalog.setval('public.streams_livestream_id_seq', 1, false);


--
-- Name: streams_livestreamanalytics_id_seq; Type: SEQUENCE SET; Schema: public; Owner: estuary
--

SELECT pg_catalog.setval('public.streams_livestreamanalytics_id_seq', 1, false);


--
-- Name: streams_livestreamviewer_id_seq; Type: SEQUENCE SET; Schema: public; Owner: estuary
--

SELECT pg_catalog.setval('public.streams_livestreamviewer_id_seq', 1, false);


--
-- Name: streams_stream_categories_id_seq; Type: SEQUENCE SET; Schema: public; Owner: estuary
--

SELECT pg_catalog.setval('public.streams_stream_categories_id_seq', 1, false);


--
-- Name: streams_stream_id_seq; Type: SEQUENCE SET; Schema: public; Owner: estuary
--

SELECT pg_catalog.setval('public.streams_stream_id_seq', 1, false);


--
-- Name: streams_streamanalytics_id_seq; Type: SEQUENCE SET; Schema: public; Owner: estuary
--

SELECT pg_catalog.setval('public.streams_streamanalytics_id_seq', 1, false);


--
-- Name: streams_streamcategory_id_seq; Type: SEQUENCE SET; Schema: public; Owner: estuary
--

SELECT pg_catalog.setval('public.streams_streamcategory_id_seq', 4, true);


--
-- Name: streams_streampost_id_seq; Type: SEQUENCE SET; Schema: public; Owner: estuary
--

SELECT pg_catalog.setval('public.streams_streampost_id_seq', 1, false);


--
-- Name: streams_streampostcomment_id_seq; Type: SEQUENCE SET; Schema: public; Owner: estuary
--

SELECT pg_catalog.setval('public.streams_streampostcomment_id_seq', 1, false);


--
-- Name: streams_streampostlike_id_seq; Type: SEQUENCE SET; Schema: public; Owner: estuary
--

SELECT pg_catalog.setval('public.streams_streampostlike_id_seq', 1, false);


--
-- Name: streams_streampostmedia_id_seq; Type: SEQUENCE SET; Schema: public; Owner: estuary
--

SELECT pg_catalog.setval('public.streams_streampostmedia_id_seq', 1, false);


--
-- Name: streams_streampostview_id_seq; Type: SEQUENCE SET; Schema: public; Owner: estuary
--

SELECT pg_catalog.setval('public.streams_streampostview_id_seq', 1, false);


--
-- Name: streams_streamschedule_id_seq; Type: SEQUENCE SET; Schema: public; Owner: estuary
--

SELECT pg_catalog.setval('public.streams_streamschedule_id_seq', 1, false);


--
-- Name: streams_streamsubscription_id_seq; Type: SEQUENCE SET; Schema: public; Owner: estuary
--

SELECT pg_catalog.setval('public.streams_streamsubscription_id_seq', 1, false);


--
-- Name: streams_streamtip_id_seq; Type: SEQUENCE SET; Schema: public; Owner: estuary
--

SELECT pg_catalog.setval('public.streams_streamtip_id_seq', 1, false);


--
-- Name: styles_id_seq; Type: SEQUENCE SET; Schema: public; Owner: estuary
--

SELECT pg_catalog.setval('public.styles_id_seq', 10, true);


--
-- Name: subscription_tiers_id_seq; Type: SEQUENCE SET; Schema: public; Owner: estuary
--

SELECT pg_catalog.setval('public.subscription_tiers_id_seq', 5, true);


--
-- Name: tier_commission_adjustments_id_seq; Type: SEQUENCE SET; Schema: public; Owner: estuary
--

SELECT pg_catalog.setval('public.tier_commission_adjustments_id_seq', 8, true);


--
-- Name: token_blacklist_blacklistedtoken_id_seq; Type: SEQUENCE SET; Schema: public; Owner: estuary
--

SELECT pg_catalog.setval('public.token_blacklist_blacklistedtoken_id_seq', 19, true);


--
-- Name: token_blacklist_outstandingtoken_id_seq; Type: SEQUENCE SET; Schema: public; Owner: estuary
--

SELECT pg_catalog.setval('public.token_blacklist_outstandingtoken_id_seq', 173, true);


--
-- Name: topics_id_seq; Type: SEQUENCE SET; Schema: public; Owner: estuary
--

SELECT pg_catalog.setval('public.topics_id_seq', 10, true);


--
-- Name: users_user_groups_id_seq; Type: SEQUENCE SET; Schema: public; Owner: estuary
--

SELECT pg_catalog.setval('public.users_user_groups_id_seq', 1, false);


--
-- Name: users_user_id_seq; Type: SEQUENCE SET; Schema: public; Owner: estuary
--

SELECT pg_catalog.setval('public.users_user_id_seq', 70, true);


--
-- Name: users_user_user_permissions_id_seq; Type: SEQUENCE SET; Schema: public; Owner: estuary
--

SELECT pg_catalog.setval('public.users_user_user_permissions_id_seq', 1, false);


--
-- Name: users_userfavoritepractitioner_id_seq; Type: SEQUENCE SET; Schema: public; Owner: estuary
--

SELECT pg_catalog.setval('public.users_userfavoritepractitioner_id_seq', 7, true);


--
-- Name: users_userfavoriteservice_id_seq; Type: SEQUENCE SET; Schema: public; Owner: estuary
--

SELECT pg_catalog.setval('public.users_userfavoriteservice_id_seq', 2, true);


--
-- Name: users_userpaymentprofile_id_seq; Type: SEQUENCE SET; Schema: public; Owner: estuary
--

SELECT pg_catalog.setval('public.users_userpaymentprofile_id_seq', 26, true);


--
-- Name: users_userprofile_id_seq; Type: SEQUENCE SET; Schema: public; Owner: estuary
--

SELECT pg_catalog.setval('public.users_userprofile_id_seq', 1, false);


--
-- Name: users_usersociallinks_id_seq; Type: SEQUENCE SET; Schema: public; Owner: estuary
--

SELECT pg_catalog.setval('public.users_usersociallinks_id_seq', 1, false);


--
-- Name: utils_address_id_seq; Type: SEQUENCE SET; Schema: public; Owner: estuary
--

SELECT pg_catalog.setval('public.utils_address_id_seq', 1, false);


--
-- Name: utils_holiday_id_seq; Type: SEQUENCE SET; Schema: public; Owner: estuary
--

SELECT pg_catalog.setval('public.utils_holiday_id_seq', 1, false);


--
-- Name: utils_language_id_seq; Type: SEQUENCE SET; Schema: public; Owner: estuary
--

SELECT pg_catalog.setval('public.utils_language_id_seq', 1, false);


--
-- Name: auth_group auth_group_name_key; Type: CONSTRAINT; Schema: public; Owner: estuary
--

ALTER TABLE ONLY public.auth_group
    ADD CONSTRAINT auth_group_name_key UNIQUE (name);


--
-- Name: auth_group_permissions auth_group_permissions_group_id_permission_id_0cd325b0_uniq; Type: CONSTRAINT; Schema: public; Owner: estuary
--

ALTER TABLE ONLY public.auth_group_permissions
    ADD CONSTRAINT auth_group_permissions_group_id_permission_id_0cd325b0_uniq UNIQUE (group_id, permission_id);


--
-- Name: auth_group_permissions auth_group_permissions_pkey; Type: CONSTRAINT; Schema: public; Owner: estuary
--

ALTER TABLE ONLY public.auth_group_permissions
    ADD CONSTRAINT auth_group_permissions_pkey PRIMARY KEY (id);


--
-- Name: auth_group auth_group_pkey; Type: CONSTRAINT; Schema: public; Owner: estuary
--

ALTER TABLE ONLY public.auth_group
    ADD CONSTRAINT auth_group_pkey PRIMARY KEY (id);


--
-- Name: auth_permission auth_permission_content_type_id_codename_01ab375a_uniq; Type: CONSTRAINT; Schema: public; Owner: estuary
--

ALTER TABLE ONLY public.auth_permission
    ADD CONSTRAINT auth_permission_content_type_id_codename_01ab375a_uniq UNIQUE (content_type_id, codename);


--
-- Name: auth_permission auth_permission_pkey; Type: CONSTRAINT; Schema: public; Owner: estuary
--

ALTER TABLE ONLY public.auth_permission
    ADD CONSTRAINT auth_permission_pkey PRIMARY KEY (id);


--
-- Name: bookings_booking bookings_booking_pkey; Type: CONSTRAINT; Schema: public; Owner: estuary
--

ALTER TABLE ONLY public.bookings_booking
    ADD CONSTRAINT bookings_booking_pkey PRIMARY KEY (id);


--
-- Name: bookings_booking bookings_booking_public_uuid_key; Type: CONSTRAINT; Schema: public; Owner: estuary
--

ALTER TABLE ONLY public.bookings_booking
    ADD CONSTRAINT bookings_booking_public_uuid_key UNIQUE (public_uuid);


--
-- Name: bookings_bookingnote bookings_bookingnote_pkey; Type: CONSTRAINT; Schema: public; Owner: estuary
--

ALTER TABLE ONLY public.bookings_bookingnote
    ADD CONSTRAINT bookings_bookingnote_pkey PRIMARY KEY (id);


--
-- Name: bookings_bookingreminder bookings_bookingreminder_pkey; Type: CONSTRAINT; Schema: public; Owner: estuary
--

ALTER TABLE ONLY public.bookings_bookingreminder
    ADD CONSTRAINT bookings_bookingreminder_pkey PRIMARY KEY (id);


--
-- Name: certifications certifications_pkey; Type: CONSTRAINT; Schema: public; Owner: estuary
--

ALTER TABLE ONLY public.certifications
    ADD CONSTRAINT certifications_pkey PRIMARY KEY (id);


--
-- Name: common_modality common_modality_name_key; Type: CONSTRAINT; Schema: public; Owner: estuary
--

ALTER TABLE ONLY public.common_modality
    ADD CONSTRAINT common_modality_name_key UNIQUE (name);


--
-- Name: common_modality common_modality_pkey; Type: CONSTRAINT; Schema: public; Owner: estuary
--

ALTER TABLE ONLY public.common_modality
    ADD CONSTRAINT common_modality_pkey PRIMARY KEY (id);


--
-- Name: community_communityfollow community_communityfollow_pkey; Type: CONSTRAINT; Schema: public; Owner: estuary
--

ALTER TABLE ONLY public.community_communityfollow
    ADD CONSTRAINT community_communityfollow_pkey PRIMARY KEY (id);


--
-- Name: community_communitytopic community_communitytopic_name_key; Type: CONSTRAINT; Schema: public; Owner: estuary
--

ALTER TABLE ONLY public.community_communitytopic
    ADD CONSTRAINT community_communitytopic_name_key UNIQUE (name);


--
-- Name: community_communitytopic community_communitytopic_pkey; Type: CONSTRAINT; Schema: public; Owner: estuary
--

ALTER TABLE ONLY public.community_communitytopic
    ADD CONSTRAINT community_communitytopic_pkey PRIMARY KEY (id);


--
-- Name: community_communitytopic community_communitytopic_slug_key; Type: CONSTRAINT; Schema: public; Owner: estuary
--

ALTER TABLE ONLY public.community_communitytopic
    ADD CONSTRAINT community_communitytopic_slug_key UNIQUE (slug);


--
-- Name: community_post community_post_pkey; Type: CONSTRAINT; Schema: public; Owner: estuary
--

ALTER TABLE ONLY public.community_post
    ADD CONSTRAINT community_post_pkey PRIMARY KEY (id);


--
-- Name: community_post_topics community_post_topics_pkey; Type: CONSTRAINT; Schema: public; Owner: estuary
--

ALTER TABLE ONLY public.community_post_topics
    ADD CONSTRAINT community_post_topics_pkey PRIMARY KEY (id);


--
-- Name: community_post_topics community_post_topics_post_id_communitytopic_id_7af4631b_uniq; Type: CONSTRAINT; Schema: public; Owner: estuary
--

ALTER TABLE ONLY public.community_post_topics
    ADD CONSTRAINT community_post_topics_post_id_communitytopic_id_7af4631b_uniq UNIQUE (post_id, communitytopic_id);


--
-- Name: community_postcomment community_postcomment_pkey; Type: CONSTRAINT; Schema: public; Owner: estuary
--

ALTER TABLE ONLY public.community_postcomment
    ADD CONSTRAINT community_postcomment_pkey PRIMARY KEY (id);


--
-- Name: community_postpurchasevisibility community_postpurchasevisibility_pkey; Type: CONSTRAINT; Schema: public; Owner: estuary
--

ALTER TABLE ONLY public.community_postpurchasevisibility
    ADD CONSTRAINT community_postpurchasevisibility_pkey PRIMARY KEY (id);


--
-- Name: community_postreaction community_postreaction_pkey; Type: CONSTRAINT; Schema: public; Owner: estuary
--

ALTER TABLE ONLY public.community_postreaction
    ADD CONSTRAINT community_postreaction_pkey PRIMARY KEY (id);


--
-- Name: django_admin_log django_admin_log_pkey; Type: CONSTRAINT; Schema: public; Owner: estuary
--

ALTER TABLE ONLY public.django_admin_log
    ADD CONSTRAINT django_admin_log_pkey PRIMARY KEY (id);


--
-- Name: django_content_type django_content_type_app_label_model_76bd3d3b_uniq; Type: CONSTRAINT; Schema: public; Owner: estuary
--

ALTER TABLE ONLY public.django_content_type
    ADD CONSTRAINT django_content_type_app_label_model_76bd3d3b_uniq UNIQUE (app_label, model);


--
-- Name: django_content_type django_content_type_pkey; Type: CONSTRAINT; Schema: public; Owner: estuary
--

ALTER TABLE ONLY public.django_content_type
    ADD CONSTRAINT django_content_type_pkey PRIMARY KEY (id);


--
-- Name: django_migrations django_migrations_pkey; Type: CONSTRAINT; Schema: public; Owner: estuary
--

ALTER TABLE ONLY public.django_migrations
    ADD CONSTRAINT django_migrations_pkey PRIMARY KEY (id);


--
-- Name: django_session django_session_pkey; Type: CONSTRAINT; Schema: public; Owner: estuary
--

ALTER TABLE ONLY public.django_session
    ADD CONSTRAINT django_session_pkey PRIMARY KEY (session_key);


--
-- Name: educations educations_pkey; Type: CONSTRAINT; Schema: public; Owner: estuary
--

ALTER TABLE ONLY public.educations
    ADD CONSTRAINT educations_pkey PRIMARY KEY (id);


--
-- Name: external_service_fees external_service_fees_pkey; Type: CONSTRAINT; Schema: public; Owner: estuary
--

ALTER TABLE ONLY public.external_service_fees
    ADD CONSTRAINT external_service_fees_pkey PRIMARY KEY (id);


--
-- Name: financial_reports financial_reports_pkey; Type: CONSTRAINT; Schema: public; Owner: estuary
--

ALTER TABLE ONLY public.financial_reports
    ADD CONSTRAINT financial_reports_pkey PRIMARY KEY (id);


--
-- Name: locations_city locations_city_pkey; Type: CONSTRAINT; Schema: public; Owner: estuary
--

ALTER TABLE ONLY public.locations_city
    ADD CONSTRAINT locations_city_pkey PRIMARY KEY (id);


--
-- Name: locations_city locations_city_state_id_slug_16e5cc98_uniq; Type: CONSTRAINT; Schema: public; Owner: estuary
--

ALTER TABLE ONLY public.locations_city
    ADD CONSTRAINT locations_city_state_id_slug_16e5cc98_uniq UNIQUE (state_id, slug);


--
-- Name: locations_country locations_country_code_3_key; Type: CONSTRAINT; Schema: public; Owner: estuary
--

ALTER TABLE ONLY public.locations_country
    ADD CONSTRAINT locations_country_code_3_key UNIQUE (code_3);


--
-- Name: locations_country locations_country_code_key; Type: CONSTRAINT; Schema: public; Owner: estuary
--

ALTER TABLE ONLY public.locations_country
    ADD CONSTRAINT locations_country_code_key UNIQUE (code);


--
-- Name: locations_country locations_country_name_key; Type: CONSTRAINT; Schema: public; Owner: estuary
--

ALTER TABLE ONLY public.locations_country
    ADD CONSTRAINT locations_country_name_key UNIQUE (name);


--
-- Name: locations_country locations_country_pkey; Type: CONSTRAINT; Schema: public; Owner: estuary
--

ALTER TABLE ONLY public.locations_country
    ADD CONSTRAINT locations_country_pkey PRIMARY KEY (id);


--
-- Name: locations_country locations_country_slug_key; Type: CONSTRAINT; Schema: public; Owner: estuary
--

ALTER TABLE ONLY public.locations_country
    ADD CONSTRAINT locations_country_slug_key UNIQUE (slug);


--
-- Name: locations_practitionerlocation locations_practitionerlocation_pkey; Type: CONSTRAINT; Schema: public; Owner: estuary
--

ALTER TABLE ONLY public.locations_practitionerlocation
    ADD CONSTRAINT locations_practitionerlocation_pkey PRIMARY KEY (id);


--
-- Name: locations_state locations_state_country_id_slug_3383d53a_uniq; Type: CONSTRAINT; Schema: public; Owner: estuary
--

ALTER TABLE ONLY public.locations_state
    ADD CONSTRAINT locations_state_country_id_slug_3383d53a_uniq UNIQUE (country_id, slug);


--
-- Name: locations_state locations_state_pkey; Type: CONSTRAINT; Schema: public; Owner: estuary
--

ALTER TABLE ONLY public.locations_state
    ADD CONSTRAINT locations_state_pkey PRIMARY KEY (id);


--
-- Name: locations_zipcode locations_zipcode_code_key; Type: CONSTRAINT; Schema: public; Owner: estuary
--

ALTER TABLE ONLY public.locations_zipcode
    ADD CONSTRAINT locations_zipcode_code_key UNIQUE (code);


--
-- Name: locations_zipcode locations_zipcode_pkey; Type: CONSTRAINT; Schema: public; Owner: estuary
--

ALTER TABLE ONLY public.locations_zipcode
    ADD CONSTRAINT locations_zipcode_pkey PRIMARY KEY (id);


--
-- Name: media_media media_media_pkey; Type: CONSTRAINT; Schema: public; Owner: estuary
--

ALTER TABLE ONLY public.media_media
    ADD CONSTRAINT media_media_pkey PRIMARY KEY (id);


--
-- Name: media_media media_media_public_uuid_key; Type: CONSTRAINT; Schema: public; Owner: estuary
--

ALTER TABLE ONLY public.media_media
    ADD CONSTRAINT media_media_public_uuid_key UNIQUE (public_uuid);


--
-- Name: media_mediaprocessingjob media_mediaprocessingjob_job_id_key; Type: CONSTRAINT; Schema: public; Owner: estuary
--

ALTER TABLE ONLY public.media_mediaprocessingjob
    ADD CONSTRAINT media_mediaprocessingjob_job_id_key UNIQUE (job_id);


--
-- Name: media_mediaprocessingjob media_mediaprocessingjob_pkey; Type: CONSTRAINT; Schema: public; Owner: estuary
--

ALTER TABLE ONLY public.media_mediaprocessingjob
    ADD CONSTRAINT media_mediaprocessingjob_pkey PRIMARY KEY (id);


--
-- Name: media_mediaversion media_mediaversion_media_id_version_type_940795c2_uniq; Type: CONSTRAINT; Schema: public; Owner: estuary
--

ALTER TABLE ONLY public.media_mediaversion
    ADD CONSTRAINT media_mediaversion_media_id_version_type_940795c2_uniq UNIQUE (media_id, version_type);


--
-- Name: media_mediaversion media_mediaversion_pkey; Type: CONSTRAINT; Schema: public; Owner: estuary
--

ALTER TABLE ONLY public.media_mediaversion
    ADD CONSTRAINT media_mediaversion_pkey PRIMARY KEY (id);


--
-- Name: messaging_blockeduser messaging_blockeduser_blocker_id_blocked_id_0f649889_uniq; Type: CONSTRAINT; Schema: public; Owner: estuary
--

ALTER TABLE ONLY public.messaging_blockeduser
    ADD CONSTRAINT messaging_blockeduser_blocker_id_blocked_id_0f649889_uniq UNIQUE (blocker_id, blocked_id);


--
-- Name: messaging_blockeduser messaging_blockeduser_pkey; Type: CONSTRAINT; Schema: public; Owner: estuary
--

ALTER TABLE ONLY public.messaging_blockeduser
    ADD CONSTRAINT messaging_blockeduser_pkey PRIMARY KEY (id);


--
-- Name: messaging_conversation messaging_conversation_pkey; Type: CONSTRAINT; Schema: public; Owner: estuary
--

ALTER TABLE ONLY public.messaging_conversation
    ADD CONSTRAINT messaging_conversation_pkey PRIMARY KEY (id);


--
-- Name: messaging_conversationparticipant messaging_conversationpa_conversation_id_user_id_b1de430d_uniq; Type: CONSTRAINT; Schema: public; Owner: estuary
--

ALTER TABLE ONLY public.messaging_conversationparticipant
    ADD CONSTRAINT messaging_conversationpa_conversation_id_user_id_b1de430d_uniq UNIQUE (conversation_id, user_id);


--
-- Name: messaging_conversationparticipant messaging_conversationparticipant_pkey; Type: CONSTRAINT; Schema: public; Owner: estuary
--

ALTER TABLE ONLY public.messaging_conversationparticipant
    ADD CONSTRAINT messaging_conversationparticipant_pkey PRIMARY KEY (id);


--
-- Name: messaging_message messaging_message_pkey; Type: CONSTRAINT; Schema: public; Owner: estuary
--

ALTER TABLE ONLY public.messaging_message
    ADD CONSTRAINT messaging_message_pkey PRIMARY KEY (id);


--
-- Name: messaging_messagenotificationpreference messaging_messagenotificationpreference_pkey; Type: CONSTRAINT; Schema: public; Owner: estuary
--

ALTER TABLE ONLY public.messaging_messagenotificationpreference
    ADD CONSTRAINT messaging_messagenotificationpreference_pkey PRIMARY KEY (id);


--
-- Name: messaging_messagenotificationpreference messaging_messagenotificationpreference_user_id_key; Type: CONSTRAINT; Schema: public; Owner: estuary
--

ALTER TABLE ONLY public.messaging_messagenotificationpreference
    ADD CONSTRAINT messaging_messagenotificationpreference_user_id_key UNIQUE (user_id);


--
-- Name: messaging_messagereceipt messaging_messagereceipt_message_id_user_id_9977d447_uniq; Type: CONSTRAINT; Schema: public; Owner: estuary
--

ALTER TABLE ONLY public.messaging_messagereceipt
    ADD CONSTRAINT messaging_messagereceipt_message_id_user_id_9977d447_uniq UNIQUE (message_id, user_id);


--
-- Name: messaging_messagereceipt messaging_messagereceipt_pkey; Type: CONSTRAINT; Schema: public; Owner: estuary
--

ALTER TABLE ONLY public.messaging_messagereceipt
    ADD CONSTRAINT messaging_messagereceipt_pkey PRIMARY KEY (id);


--
-- Name: messaging_typingindicator messaging_typingindicator_conversation_id_user_id_018efd6f_uniq; Type: CONSTRAINT; Schema: public; Owner: estuary
--

ALTER TABLE ONLY public.messaging_typingindicator
    ADD CONSTRAINT messaging_typingindicator_conversation_id_user_id_018efd6f_uniq UNIQUE (conversation_id, user_id);


--
-- Name: messaging_typingindicator messaging_typingindicator_pkey; Type: CONSTRAINT; Schema: public; Owner: estuary
--

ALTER TABLE ONLY public.messaging_typingindicator
    ADD CONSTRAINT messaging_typingindicator_pkey PRIMARY KEY (id);


--
-- Name: out_of_office out_of_office_pkey; Type: CONSTRAINT; Schema: public; Owner: estuary
--

ALTER TABLE ONLY public.out_of_office
    ADD CONSTRAINT out_of_office_pkey PRIMARY KEY (id);


--
-- Name: package_completion_records package_completion_records_package_booking_id_key; Type: CONSTRAINT; Schema: public; Owner: estuary
--

ALTER TABLE ONLY public.package_completion_records
    ADD CONSTRAINT package_completion_records_package_booking_id_key UNIQUE (package_booking_id);


--
-- Name: package_completion_records package_completion_records_pkey; Type: CONSTRAINT; Schema: public; Owner: estuary
--

ALTER TABLE ONLY public.package_completion_records
    ADD CONSTRAINT package_completion_records_pkey PRIMARY KEY (id);


--
-- Name: payments_earningstransaction payments_earningstransaction_pkey; Type: CONSTRAINT; Schema: public; Owner: estuary
--

ALTER TABLE ONLY public.payments_earningstransaction
    ADD CONSTRAINT payments_earningstransaction_pkey PRIMARY KEY (id);


--
-- Name: payments_order payments_order_pkey; Type: CONSTRAINT; Schema: public; Owner: estuary
--

ALTER TABLE ONLY public.payments_order
    ADD CONSTRAINT payments_order_pkey PRIMARY KEY (id);


--
-- Name: payments_order payments_order_public_uuid_key; Type: CONSTRAINT; Schema: public; Owner: estuary
--

ALTER TABLE ONLY public.payments_order
    ADD CONSTRAINT payments_order_public_uuid_key UNIQUE (public_uuid);


--
-- Name: payments_paymentmethod payments_paymentmethod_pkey; Type: CONSTRAINT; Schema: public; Owner: estuary
--

ALTER TABLE ONLY public.payments_paymentmethod
    ADD CONSTRAINT payments_paymentmethod_pkey PRIMARY KEY (id);


--
-- Name: payments_paymentmethod payments_paymentmethod_stripe_payment_method_id_key; Type: CONSTRAINT; Schema: public; Owner: estuary
--

ALTER TABLE ONLY public.payments_paymentmethod
    ADD CONSTRAINT payments_paymentmethod_stripe_payment_method_id_key UNIQUE (stripe_payment_method_id);


--
-- Name: payments_practitionerearnings payments_practitionerearnings_pkey; Type: CONSTRAINT; Schema: public; Owner: estuary
--

ALTER TABLE ONLY public.payments_practitionerearnings
    ADD CONSTRAINT payments_practitionerearnings_pkey PRIMARY KEY (id);


--
-- Name: payments_practitionerearnings payments_practitionerearnings_practitioner_id_key; Type: CONSTRAINT; Schema: public; Owner: estuary
--

ALTER TABLE ONLY public.payments_practitionerearnings
    ADD CONSTRAINT payments_practitionerearnings_practitioner_id_key UNIQUE (practitioner_id);


--
-- Name: payments_practitionerpayout payments_practitionerpayout_pkey; Type: CONSTRAINT; Schema: public; Owner: estuary
--

ALTER TABLE ONLY public.payments_practitionerpayout
    ADD CONSTRAINT payments_practitionerpayout_pkey PRIMARY KEY (id);


--
-- Name: payments_usercreditbalance payments_usercreditbalance_pkey; Type: CONSTRAINT; Schema: public; Owner: estuary
--

ALTER TABLE ONLY public.payments_usercreditbalance
    ADD CONSTRAINT payments_usercreditbalance_pkey PRIMARY KEY (id);


--
-- Name: payments_usercreditbalance payments_usercreditbalance_user_id_key; Type: CONSTRAINT; Schema: public; Owner: estuary
--

ALTER TABLE ONLY public.payments_usercreditbalance
    ADD CONSTRAINT payments_usercreditbalance_user_id_key UNIQUE (user_id);


--
-- Name: payments_usercredittransaction payments_usercredittransaction_pkey; Type: CONSTRAINT; Schema: public; Owner: estuary
--

ALTER TABLE ONLY public.payments_usercredittransaction
    ADD CONSTRAINT payments_usercredittransaction_pkey PRIMARY KEY (id);


--
-- Name: practitioner_onboarding_progress practitioner_onboarding_progress_pkey; Type: CONSTRAINT; Schema: public; Owner: estuary
--

ALTER TABLE ONLY public.practitioner_onboarding_progress
    ADD CONSTRAINT practitioner_onboarding_progress_pkey PRIMARY KEY (id);


--
-- Name: practitioner_onboarding_progress practitioner_onboarding_progress_practitioner_id_key; Type: CONSTRAINT; Schema: public; Owner: estuary
--

ALTER TABLE ONLY public.practitioner_onboarding_progress
    ADD CONSTRAINT practitioner_onboarding_progress_practitioner_id_key UNIQUE (practitioner_id);


--
-- Name: practitioner_performance practitioner_performance_pkey; Type: CONSTRAINT; Schema: public; Owner: estuary
--

ALTER TABLE ONLY public.practitioner_performance
    ADD CONSTRAINT practitioner_performance_pkey PRIMARY KEY (id);


--
-- Name: practitioner_performance practitioner_performance_practitioner_id_date_3a4b6b27_uniq; Type: CONSTRAINT; Schema: public; Owner: estuary
--

ALTER TABLE ONLY public.practitioner_performance
    ADD CONSTRAINT practitioner_performance_practitioner_id_date_3a4b6b27_uniq UNIQUE (practitioner_id, date);


--
-- Name: practitioner_subscriptions practitioner_subscriptions_pkey; Type: CONSTRAINT; Schema: public; Owner: estuary
--

ALTER TABLE ONLY public.practitioner_subscriptions
    ADD CONSTRAINT practitioner_subscriptions_pkey PRIMARY KEY (id);


--
-- Name: practitioners_clientnote practitioners_clientnote_pkey; Type: CONSTRAINT; Schema: public; Owner: estuary
--

ALTER TABLE ONLY public.practitioners_clientnote
    ADD CONSTRAINT practitioners_clientnote_pkey PRIMARY KEY (id);


--
-- Name: practitioners_practitioner_certifications practitioners_practition_practitioner_id_certific_9a1a00b6_uniq; Type: CONSTRAINT; Schema: public; Owner: estuary
--

ALTER TABLE ONLY public.practitioners_practitioner_certifications
    ADD CONSTRAINT practitioners_practition_practitioner_id_certific_9a1a00b6_uniq UNIQUE (practitioner_id, certification_id);


--
-- Name: practitioners_practitioner_educations practitioners_practition_practitioner_id_educatio_83ef90e5_uniq; Type: CONSTRAINT; Schema: public; Owner: estuary
--

ALTER TABLE ONLY public.practitioners_practitioner_educations
    ADD CONSTRAINT practitioners_practition_practitioner_id_educatio_83ef90e5_uniq UNIQUE (practitioner_id, education_id);


--
-- Name: practitioners_practitioner_modalities practitioners_practition_practitioner_id_modality_ae777140_uniq; Type: CONSTRAINT; Schema: public; Owner: estuary
--

ALTER TABLE ONLY public.practitioners_practitioner_modalities
    ADD CONSTRAINT practitioners_practition_practitioner_id_modality_ae777140_uniq UNIQUE (practitioner_id, modality_id);


--
-- Name: practitioners_practitioner_questions practitioners_practition_practitioner_id_question_ead9ab00_uniq; Type: CONSTRAINT; Schema: public; Owner: estuary
--

ALTER TABLE ONLY public.practitioners_practitioner_questions
    ADD CONSTRAINT practitioners_practition_practitioner_id_question_ead9ab00_uniq UNIQUE (practitioner_id, question_id);


--
-- Name: practitioners_practitioner_specializations practitioners_practition_practitioner_id_speciali_0eaaa8bd_uniq; Type: CONSTRAINT; Schema: public; Owner: estuary
--

ALTER TABLE ONLY public.practitioners_practitioner_specializations
    ADD CONSTRAINT practitioners_practition_practitioner_id_speciali_0eaaa8bd_uniq UNIQUE (practitioner_id, specialize_id);


--
-- Name: practitioners_practitioner_styles practitioners_practition_practitioner_id_style_id_dcc1e678_uniq; Type: CONSTRAINT; Schema: public; Owner: estuary
--

ALTER TABLE ONLY public.practitioners_practitioner_styles
    ADD CONSTRAINT practitioners_practition_practitioner_id_style_id_dcc1e678_uniq UNIQUE (practitioner_id, style_id);


--
-- Name: practitioners_practitioner_topics practitioners_practition_practitioner_id_topic_id_bdc25dfc_uniq; Type: CONSTRAINT; Schema: public; Owner: estuary
--

ALTER TABLE ONLY public.practitioners_practitioner_topics
    ADD CONSTRAINT practitioners_practition_practitioner_id_topic_id_bdc25dfc_uniq UNIQUE (practitioner_id, topic_id);


--
-- Name: practitioners_practitioner_certifications practitioners_practitioner_certifications_pkey; Type: CONSTRAINT; Schema: public; Owner: estuary
--

ALTER TABLE ONLY public.practitioners_practitioner_certifications
    ADD CONSTRAINT practitioners_practitioner_certifications_pkey PRIMARY KEY (id);


--
-- Name: practitioners_practitioner_educations practitioners_practitioner_educations_pkey; Type: CONSTRAINT; Schema: public; Owner: estuary
--

ALTER TABLE ONLY public.practitioners_practitioner_educations
    ADD CONSTRAINT practitioners_practitioner_educations_pkey PRIMARY KEY (id);


--
-- Name: practitioners_practitioner_modalities practitioners_practitioner_modalities_pkey; Type: CONSTRAINT; Schema: public; Owner: estuary
--

ALTER TABLE ONLY public.practitioners_practitioner_modalities
    ADD CONSTRAINT practitioners_practitioner_modalities_pkey PRIMARY KEY (id);


--
-- Name: practitioners_practitioner practitioners_practitioner_pkey; Type: CONSTRAINT; Schema: public; Owner: estuary
--

ALTER TABLE ONLY public.practitioners_practitioner
    ADD CONSTRAINT practitioners_practitioner_pkey PRIMARY KEY (id);


--
-- Name: practitioners_practitioner practitioners_practitioner_public_uuid_key; Type: CONSTRAINT; Schema: public; Owner: estuary
--

ALTER TABLE ONLY public.practitioners_practitioner
    ADD CONSTRAINT practitioners_practitioner_public_uuid_key UNIQUE (public_uuid);


--
-- Name: practitioners_practitioner_questions practitioners_practitioner_questions_pkey; Type: CONSTRAINT; Schema: public; Owner: estuary
--

ALTER TABLE ONLY public.practitioners_practitioner_questions
    ADD CONSTRAINT practitioners_practitioner_questions_pkey PRIMARY KEY (id);


--
-- Name: practitioners_practitioner practitioners_practitioner_slug_key; Type: CONSTRAINT; Schema: public; Owner: estuary
--

ALTER TABLE ONLY public.practitioners_practitioner
    ADD CONSTRAINT practitioners_practitioner_slug_key UNIQUE (slug);


--
-- Name: practitioners_practitioner_specializations practitioners_practitioner_specializations_pkey; Type: CONSTRAINT; Schema: public; Owner: estuary
--

ALTER TABLE ONLY public.practitioners_practitioner_specializations
    ADD CONSTRAINT practitioners_practitioner_specializations_pkey PRIMARY KEY (id);


--
-- Name: practitioners_practitioner_styles practitioners_practitioner_styles_pkey; Type: CONSTRAINT; Schema: public; Owner: estuary
--

ALTER TABLE ONLY public.practitioners_practitioner_styles
    ADD CONSTRAINT practitioners_practitioner_styles_pkey PRIMARY KEY (id);


--
-- Name: practitioners_practitioner_topics practitioners_practitioner_topics_pkey; Type: CONSTRAINT; Schema: public; Owner: estuary
--

ALTER TABLE ONLY public.practitioners_practitioner_topics
    ADD CONSTRAINT practitioners_practitioner_topics_pkey PRIMARY KEY (id);


--
-- Name: practitioners_practitioner practitioners_practitioner_user_id_key; Type: CONSTRAINT; Schema: public; Owner: estuary
--

ALTER TABLE ONLY public.practitioners_practitioner
    ADD CONSTRAINT practitioners_practitioner_user_id_key UNIQUE (user_id);


--
-- Name: practitioners_schedule practitioners_schedule_pkey; Type: CONSTRAINT; Schema: public; Owner: estuary
--

ALTER TABLE ONLY public.practitioners_schedule
    ADD CONSTRAINT practitioners_schedule_pkey PRIMARY KEY (id);


--
-- Name: practitioners_schedulepreference practitioners_schedulepreference_pkey; Type: CONSTRAINT; Schema: public; Owner: estuary
--

ALTER TABLE ONLY public.practitioners_schedulepreference
    ADD CONSTRAINT practitioners_schedulepreference_pkey PRIMARY KEY (id);


--
-- Name: practitioners_schedulepreference practitioners_schedulepreference_practitioner_id_key; Type: CONSTRAINT; Schema: public; Owner: estuary
--

ALTER TABLE ONLY public.practitioners_schedulepreference
    ADD CONSTRAINT practitioners_schedulepreference_practitioner_id_key UNIQUE (practitioner_id);


--
-- Name: practitioners_scheduletimeslot practitioners_scheduletimeslot_pkey; Type: CONSTRAINT; Schema: public; Owner: estuary
--

ALTER TABLE ONLY public.practitioners_scheduletimeslot
    ADD CONSTRAINT practitioners_scheduletimeslot_pkey PRIMARY KEY (id);


--
-- Name: practitioners_serviceschedule practitioners_serviceschedule_pkey; Type: CONSTRAINT; Schema: public; Owner: estuary
--

ALTER TABLE ONLY public.practitioners_serviceschedule
    ADD CONSTRAINT practitioners_serviceschedule_pkey PRIMARY KEY (id);


--
-- Name: questions questions_pkey; Type: CONSTRAINT; Schema: public; Owner: estuary
--

ALTER TABLE ONLY public.questions
    ADD CONSTRAINT questions_pkey PRIMARY KEY (id);


--
-- Name: reviews_review reviews_review_pkey; Type: CONSTRAINT; Schema: public; Owner: estuary
--

ALTER TABLE ONLY public.reviews_review
    ADD CONSTRAINT reviews_review_pkey PRIMARY KEY (id);


--
-- Name: reviews_review reviews_review_public_uuid_key; Type: CONSTRAINT; Schema: public; Owner: estuary
--

ALTER TABLE ONLY public.reviews_review
    ADD CONSTRAINT reviews_review_public_uuid_key UNIQUE (public_uuid);


--
-- Name: reviews_reviewanswer reviews_reviewanswer_pkey; Type: CONSTRAINT; Schema: public; Owner: estuary
--

ALTER TABLE ONLY public.reviews_reviewanswer
    ADD CONSTRAINT reviews_reviewanswer_pkey PRIMARY KEY (id);


--
-- Name: reviews_reviewanswer reviews_reviewanswer_review_id_question_id_79dfa9d6_uniq; Type: CONSTRAINT; Schema: public; Owner: estuary
--

ALTER TABLE ONLY public.reviews_reviewanswer
    ADD CONSTRAINT reviews_reviewanswer_review_id_question_id_79dfa9d6_uniq UNIQUE (review_id, question_id);


--
-- Name: reviews_reviewquestion reviews_reviewquestion_pkey; Type: CONSTRAINT; Schema: public; Owner: estuary
--

ALTER TABLE ONLY public.reviews_reviewquestion
    ADD CONSTRAINT reviews_reviewquestion_pkey PRIMARY KEY (id);


--
-- Name: reviews_reviewreport reviews_reviewreport_pkey; Type: CONSTRAINT; Schema: public; Owner: estuary
--

ALTER TABLE ONLY public.reviews_reviewreport
    ADD CONSTRAINT reviews_reviewreport_pkey PRIMARY KEY (id);


--
-- Name: reviews_reviewreport reviews_reviewreport_review_id_user_id_bd7c69d4_uniq; Type: CONSTRAINT; Schema: public; Owner: estuary
--

ALTER TABLE ONLY public.reviews_reviewreport
    ADD CONSTRAINT reviews_reviewreport_review_id_user_id_bd7c69d4_uniq UNIQUE (review_id, user_id);


--
-- Name: reviews_reviewvote reviews_reviewvote_pkey; Type: CONSTRAINT; Schema: public; Owner: estuary
--

ALTER TABLE ONLY public.reviews_reviewvote
    ADD CONSTRAINT reviews_reviewvote_pkey PRIMARY KEY (id);


--
-- Name: reviews_reviewvote reviews_reviewvote_review_id_user_id_5ad65844_uniq; Type: CONSTRAINT; Schema: public; Owner: estuary
--

ALTER TABLE ONLY public.reviews_reviewvote
    ADD CONSTRAINT reviews_reviewvote_review_id_user_id_5ad65844_uniq UNIQUE (review_id, user_id);


--
-- Name: rooms_room rooms_room_booking_id_key; Type: CONSTRAINT; Schema: public; Owner: estuary
--

ALTER TABLE ONLY public.rooms_room
    ADD CONSTRAINT rooms_room_booking_id_key UNIQUE (booking_id);


--
-- Name: rooms_room rooms_room_livekit_room_name_key; Type: CONSTRAINT; Schema: public; Owner: estuary
--

ALTER TABLE ONLY public.rooms_room
    ADD CONSTRAINT rooms_room_livekit_room_name_key UNIQUE (livekit_room_name);


--
-- Name: rooms_room rooms_room_livekit_room_sid_key; Type: CONSTRAINT; Schema: public; Owner: estuary
--

ALTER TABLE ONLY public.rooms_room
    ADD CONSTRAINT rooms_room_livekit_room_sid_key UNIQUE (livekit_room_sid);


--
-- Name: rooms_room rooms_room_name_key; Type: CONSTRAINT; Schema: public; Owner: estuary
--

ALTER TABLE ONLY public.rooms_room
    ADD CONSTRAINT rooms_room_name_key UNIQUE (name);


--
-- Name: rooms_room rooms_room_pkey; Type: CONSTRAINT; Schema: public; Owner: estuary
--

ALTER TABLE ONLY public.rooms_room
    ADD CONSTRAINT rooms_room_pkey PRIMARY KEY (id);


--
-- Name: rooms_room rooms_room_public_uuid_key; Type: CONSTRAINT; Schema: public; Owner: estuary
--

ALTER TABLE ONLY public.rooms_room
    ADD CONSTRAINT rooms_room_public_uuid_key UNIQUE (public_uuid);


--
-- Name: rooms_room rooms_room_service_session_id_key; Type: CONSTRAINT; Schema: public; Owner: estuary
--

ALTER TABLE ONLY public.rooms_room
    ADD CONSTRAINT rooms_room_service_session_id_key UNIQUE (service_session_id);


--
-- Name: rooms_roombookingrelation rooms_roombookingrelation_pkey; Type: CONSTRAINT; Schema: public; Owner: estuary
--

ALTER TABLE ONLY public.rooms_roombookingrelation
    ADD CONSTRAINT rooms_roombookingrelation_pkey PRIMARY KEY (id);


--
-- Name: rooms_roombookingrelation rooms_roombookingrelation_room_id_booking_id_619e1a1f_uniq; Type: CONSTRAINT; Schema: public; Owner: estuary
--

ALTER TABLE ONLY public.rooms_roombookingrelation
    ADD CONSTRAINT rooms_roombookingrelation_room_id_booking_id_619e1a1f_uniq UNIQUE (room_id, booking_id);


--
-- Name: rooms_roomparticipant rooms_roomparticipant_pkey; Type: CONSTRAINT; Schema: public; Owner: estuary
--

ALTER TABLE ONLY public.rooms_roomparticipant
    ADD CONSTRAINT rooms_roomparticipant_pkey PRIMARY KEY (id);


--
-- Name: rooms_roomparticipant rooms_roomparticipant_room_id_identity_3cdd551e_uniq; Type: CONSTRAINT; Schema: public; Owner: estuary
--

ALTER TABLE ONLY public.rooms_roomparticipant
    ADD CONSTRAINT rooms_roomparticipant_room_id_identity_3cdd551e_uniq UNIQUE (room_id, identity);


--
-- Name: rooms_roomrecording rooms_roomrecording_egress_id_key; Type: CONSTRAINT; Schema: public; Owner: estuary
--

ALTER TABLE ONLY public.rooms_roomrecording
    ADD CONSTRAINT rooms_roomrecording_egress_id_key UNIQUE (egress_id);


--
-- Name: rooms_roomrecording rooms_roomrecording_pkey; Type: CONSTRAINT; Schema: public; Owner: estuary
--

ALTER TABLE ONLY public.rooms_roomrecording
    ADD CONSTRAINT rooms_roomrecording_pkey PRIMARY KEY (id);


--
-- Name: rooms_roomrecording rooms_roomrecording_recording_id_key; Type: CONSTRAINT; Schema: public; Owner: estuary
--

ALTER TABLE ONLY public.rooms_roomrecording
    ADD CONSTRAINT rooms_roomrecording_recording_id_key UNIQUE (recording_id);


--
-- Name: rooms_roomtemplate rooms_roomtemplate_name_key; Type: CONSTRAINT; Schema: public; Owner: estuary
--

ALTER TABLE ONLY public.rooms_roomtemplate
    ADD CONSTRAINT rooms_roomtemplate_name_key UNIQUE (name);


--
-- Name: rooms_roomtemplate rooms_roomtemplate_pkey; Type: CONSTRAINT; Schema: public; Owner: estuary
--

ALTER TABLE ONLY public.rooms_roomtemplate
    ADD CONSTRAINT rooms_roomtemplate_pkey PRIMARY KEY (id);


--
-- Name: rooms_roomtoken rooms_roomtoken_pkey; Type: CONSTRAINT; Schema: public; Owner: estuary
--

ALTER TABLE ONLY public.rooms_roomtoken
    ADD CONSTRAINT rooms_roomtoken_pkey PRIMARY KEY (id);


--
-- Name: rooms_roomtoken rooms_roomtoken_token_key; Type: CONSTRAINT; Schema: public; Owner: estuary
--

ALTER TABLE ONLY public.rooms_roomtoken
    ADD CONSTRAINT rooms_roomtoken_token_key UNIQUE (token);


--
-- Name: rooms_videotoken rooms_videotoken_pkey; Type: CONSTRAINT; Schema: public; Owner: estuary
--

ALTER TABLE ONLY public.rooms_videotoken
    ADD CONSTRAINT rooms_videotoken_pkey PRIMARY KEY (id);


--
-- Name: rooms_videotoken rooms_videotoken_token_key; Type: CONSTRAINT; Schema: public; Owner: estuary
--

ALTER TABLE ONLY public.rooms_videotoken
    ADD CONSTRAINT rooms_videotoken_token_key UNIQUE (token);


--
-- Name: schedule_availabilities schedule_availabilities_pkey; Type: CONSTRAINT; Schema: public; Owner: estuary
--

ALTER TABLE ONLY public.schedule_availabilities
    ADD CONSTRAINT schedule_availabilities_pkey PRIMARY KEY (id);


--
-- Name: search_analytics search_analytics_pkey; Type: CONSTRAINT; Schema: public; Owner: estuary
--

ALTER TABLE ONLY public.search_analytics
    ADD CONSTRAINT search_analytics_pkey PRIMARY KEY (id);


--
-- Name: search_logs search_logs_pkey; Type: CONSTRAINT; Schema: public; Owner: estuary
--

ALTER TABLE ONLY public.search_logs
    ADD CONSTRAINT search_logs_pkey PRIMARY KEY (id);


--
-- Name: service_analytics service_analytics_pkey; Type: CONSTRAINT; Schema: public; Owner: estuary
--

ALTER TABLE ONLY public.service_analytics
    ADD CONSTRAINT service_analytics_pkey PRIMARY KEY (id);


--
-- Name: service_analytics service_analytics_service_id_date_eb0454d6_uniq; Type: CONSTRAINT; Schema: public; Owner: estuary
--

ALTER TABLE ONLY public.service_analytics
    ADD CONSTRAINT service_analytics_service_id_date_eb0454d6_uniq UNIQUE (service_id, date);


--
-- Name: service_benefits service_benefits_pkey; Type: CONSTRAINT; Schema: public; Owner: estuary
--

ALTER TABLE ONLY public.service_benefits
    ADD CONSTRAINT service_benefits_pkey PRIMARY KEY (id);


--
-- Name: service_relationships service_relationships_parent_service_id_child__9143db12_uniq; Type: CONSTRAINT; Schema: public; Owner: estuary
--

ALTER TABLE ONLY public.service_relationships
    ADD CONSTRAINT service_relationships_parent_service_id_child__9143db12_uniq UNIQUE (parent_service_id, child_service_id);


--
-- Name: service_relationships service_relationships_pkey; Type: CONSTRAINT; Schema: public; Owner: estuary
--

ALTER TABLE ONLY public.service_relationships
    ADD CONSTRAINT service_relationships_pkey PRIMARY KEY (id);


--
-- Name: service_sessions service_sessions_pkey; Type: CONSTRAINT; Schema: public; Owner: estuary
--

ALTER TABLE ONLY public.service_sessions
    ADD CONSTRAINT service_sessions_pkey PRIMARY KEY (id);


--
-- Name: service_sessions service_sessions_service_id_start_time_046d3dce_uniq; Type: CONSTRAINT; Schema: public; Owner: estuary
--

ALTER TABLE ONLY public.service_sessions
    ADD CONSTRAINT service_sessions_service_id_start_time_046d3dce_uniq UNIQUE (service_id, start_time);


--
-- Name: service_type_commissions service_type_commissions_pkey; Type: CONSTRAINT; Schema: public; Owner: estuary
--

ALTER TABLE ONLY public.service_type_commissions
    ADD CONSTRAINT service_type_commissions_pkey PRIMARY KEY (id);


--
-- Name: service_views service_views_pkey; Type: CONSTRAINT; Schema: public; Owner: estuary
--

ALTER TABLE ONLY public.service_views
    ADD CONSTRAINT service_views_pkey PRIMARY KEY (id);


--
-- Name: services_practitionerservicecategory services_practitionerser_practitioner_id_name_7c92af9a_uniq; Type: CONSTRAINT; Schema: public; Owner: estuary
--

ALTER TABLE ONLY public.services_practitionerservicecategory
    ADD CONSTRAINT services_practitionerser_practitioner_id_name_7c92af9a_uniq UNIQUE (practitioner_id, name);


--
-- Name: services_practitionerservicecategory services_practitionerser_practitioner_id_slug_e7121bfe_uniq; Type: CONSTRAINT; Schema: public; Owner: estuary
--

ALTER TABLE ONLY public.services_practitionerservicecategory
    ADD CONSTRAINT services_practitionerser_practitioner_id_slug_e7121bfe_uniq UNIQUE (practitioner_id, slug);


--
-- Name: services_practitionerservicecategory services_practitionerservicecategory_pkey; Type: CONSTRAINT; Schema: public; Owner: estuary
--

ALTER TABLE ONLY public.services_practitionerservicecategory
    ADD CONSTRAINT services_practitionerservicecategory_pkey PRIMARY KEY (id);


--
-- Name: services_service_languages services_service_languages_pkey; Type: CONSTRAINT; Schema: public; Owner: estuary
--

ALTER TABLE ONLY public.services_service_languages
    ADD CONSTRAINT services_service_languages_pkey PRIMARY KEY (id);


--
-- Name: services_service_languages services_service_languages_service_id_language_id_5898b6fc_uniq; Type: CONSTRAINT; Schema: public; Owner: estuary
--

ALTER TABLE ONLY public.services_service_languages
    ADD CONSTRAINT services_service_languages_service_id_language_id_5898b6fc_uniq UNIQUE (service_id, language_id);


--
-- Name: services_service services_service_pkey; Type: CONSTRAINT; Schema: public; Owner: estuary
--

ALTER TABLE ONLY public.services_service
    ADD CONSTRAINT services_service_pkey PRIMARY KEY (id);


--
-- Name: services_service services_service_public_uuid_key; Type: CONSTRAINT; Schema: public; Owner: estuary
--

ALTER TABLE ONLY public.services_service
    ADD CONSTRAINT services_service_public_uuid_key UNIQUE (public_uuid);


--
-- Name: services_service services_service_slug_key; Type: CONSTRAINT; Schema: public; Owner: estuary
--

ALTER TABLE ONLY public.services_service
    ADD CONSTRAINT services_service_slug_key UNIQUE (slug);


--
-- Name: services_servicecategory services_servicecategory_name_key; Type: CONSTRAINT; Schema: public; Owner: estuary
--

ALTER TABLE ONLY public.services_servicecategory
    ADD CONSTRAINT services_servicecategory_name_key UNIQUE (name);


--
-- Name: services_servicecategory services_servicecategory_pkey; Type: CONSTRAINT; Schema: public; Owner: estuary
--

ALTER TABLE ONLY public.services_servicecategory
    ADD CONSTRAINT services_servicecategory_pkey PRIMARY KEY (id);


--
-- Name: services_servicecategory services_servicecategory_slug_key; Type: CONSTRAINT; Schema: public; Owner: estuary
--

ALTER TABLE ONLY public.services_servicecategory
    ADD CONSTRAINT services_servicecategory_slug_key UNIQUE (slug);


--
-- Name: services_servicepractitioner services_servicepractiti_service_id_practitioner__e62ae41b_uniq; Type: CONSTRAINT; Schema: public; Owner: estuary
--

ALTER TABLE ONLY public.services_servicepractitioner
    ADD CONSTRAINT services_servicepractiti_service_id_practitioner__e62ae41b_uniq UNIQUE (service_id, practitioner_id);


--
-- Name: services_servicepractitioner services_servicepractitioner_pkey; Type: CONSTRAINT; Schema: public; Owner: estuary
--

ALTER TABLE ONLY public.services_servicepractitioner
    ADD CONSTRAINT services_servicepractitioner_pkey PRIMARY KEY (id);


--
-- Name: services_serviceresource services_serviceresource_pkey; Type: CONSTRAINT; Schema: public; Owner: estuary
--

ALTER TABLE ONLY public.services_serviceresource
    ADD CONSTRAINT services_serviceresource_pkey PRIMARY KEY (id);


--
-- Name: services_serviceresourceaccess services_serviceresourceaccess_pkey; Type: CONSTRAINT; Schema: public; Owner: estuary
--

ALTER TABLE ONLY public.services_serviceresourceaccess
    ADD CONSTRAINT services_serviceresourceaccess_pkey PRIMARY KEY (id);


--
-- Name: services_servicetype services_servicetype_code_key; Type: CONSTRAINT; Schema: public; Owner: estuary
--

ALTER TABLE ONLY public.services_servicetype
    ADD CONSTRAINT services_servicetype_code_key UNIQUE (code);


--
-- Name: services_servicetype services_servicetype_name_key; Type: CONSTRAINT; Schema: public; Owner: estuary
--

ALTER TABLE ONLY public.services_servicetype
    ADD CONSTRAINT services_servicetype_name_key UNIQUE (name);


--
-- Name: services_servicetype services_servicetype_pkey; Type: CONSTRAINT; Schema: public; Owner: estuary
--

ALTER TABLE ONLY public.services_servicetype
    ADD CONSTRAINT services_servicetype_pkey PRIMARY KEY (id);


--
-- Name: session_agenda_items session_agenda_items_pkey; Type: CONSTRAINT; Schema: public; Owner: estuary
--

ALTER TABLE ONLY public.session_agenda_items
    ADD CONSTRAINT session_agenda_items_pkey PRIMARY KEY (id);


--
-- Name: session_participants session_participants_pkey; Type: CONSTRAINT; Schema: public; Owner: estuary
--

ALTER TABLE ONLY public.session_participants
    ADD CONSTRAINT session_participants_pkey PRIMARY KEY (id);


--
-- Name: session_participants session_participants_session_id_user_id_ea13cc98_uniq; Type: CONSTRAINT; Schema: public; Owner: estuary
--

ALTER TABLE ONLY public.session_participants
    ADD CONSTRAINT session_participants_session_id_user_id_ea13cc98_uniq UNIQUE (session_id, user_id);


--
-- Name: specializations specializations_pkey; Type: CONSTRAINT; Schema: public; Owner: estuary
--

ALTER TABLE ONLY public.specializations
    ADD CONSTRAINT specializations_pkey PRIMARY KEY (id);


--
-- Name: streams_livestream streams_livestream_pkey; Type: CONSTRAINT; Schema: public; Owner: estuary
--

ALTER TABLE ONLY public.streams_livestream
    ADD CONSTRAINT streams_livestream_pkey PRIMARY KEY (id);


--
-- Name: streams_livestream streams_livestream_public_uuid_key; Type: CONSTRAINT; Schema: public; Owner: estuary
--

ALTER TABLE ONLY public.streams_livestream
    ADD CONSTRAINT streams_livestream_public_uuid_key UNIQUE (public_uuid);


--
-- Name: streams_livestream streams_livestream_room_id_key; Type: CONSTRAINT; Schema: public; Owner: estuary
--

ALTER TABLE ONLY public.streams_livestream
    ADD CONSTRAINT streams_livestream_room_id_key UNIQUE (room_id);


--
-- Name: streams_livestreamanalytics streams_livestreamanalytics_live_stream_id_key; Type: CONSTRAINT; Schema: public; Owner: estuary
--

ALTER TABLE ONLY public.streams_livestreamanalytics
    ADD CONSTRAINT streams_livestreamanalytics_live_stream_id_key UNIQUE (live_stream_id);


--
-- Name: streams_livestreamanalytics streams_livestreamanalytics_pkey; Type: CONSTRAINT; Schema: public; Owner: estuary
--

ALTER TABLE ONLY public.streams_livestreamanalytics
    ADD CONSTRAINT streams_livestreamanalytics_pkey PRIMARY KEY (id);


--
-- Name: streams_livestreamviewer streams_livestreamviewer_live_stream_id_user_id_j_11497a9c_uniq; Type: CONSTRAINT; Schema: public; Owner: estuary
--

ALTER TABLE ONLY public.streams_livestreamviewer
    ADD CONSTRAINT streams_livestreamviewer_live_stream_id_user_id_j_11497a9c_uniq UNIQUE (live_stream_id, user_id, joined_at);


--
-- Name: streams_livestreamviewer streams_livestreamviewer_pkey; Type: CONSTRAINT; Schema: public; Owner: estuary
--

ALTER TABLE ONLY public.streams_livestreamviewer
    ADD CONSTRAINT streams_livestreamviewer_pkey PRIMARY KEY (id);


--
-- Name: streams_stream_categories streams_stream_categorie_stream_id_streamcategory_3a6203bf_uniq; Type: CONSTRAINT; Schema: public; Owner: estuary
--

ALTER TABLE ONLY public.streams_stream_categories
    ADD CONSTRAINT streams_stream_categorie_stream_id_streamcategory_3a6203bf_uniq UNIQUE (stream_id, streamcategory_id);


--
-- Name: streams_stream_categories streams_stream_categories_pkey; Type: CONSTRAINT; Schema: public; Owner: estuary
--

ALTER TABLE ONLY public.streams_stream_categories
    ADD CONSTRAINT streams_stream_categories_pkey PRIMARY KEY (id);


--
-- Name: streams_stream streams_stream_pkey; Type: CONSTRAINT; Schema: public; Owner: estuary
--

ALTER TABLE ONLY public.streams_stream
    ADD CONSTRAINT streams_stream_pkey PRIMARY KEY (id);


--
-- Name: streams_stream streams_stream_practitioner_id_key; Type: CONSTRAINT; Schema: public; Owner: estuary
--

ALTER TABLE ONLY public.streams_stream
    ADD CONSTRAINT streams_stream_practitioner_id_key UNIQUE (practitioner_id);


--
-- Name: streams_stream streams_stream_public_uuid_key; Type: CONSTRAINT; Schema: public; Owner: estuary
--

ALTER TABLE ONLY public.streams_stream
    ADD CONSTRAINT streams_stream_public_uuid_key UNIQUE (public_uuid);


--
-- Name: streams_streamanalytics streams_streamanalytics_pkey; Type: CONSTRAINT; Schema: public; Owner: estuary
--

ALTER TABLE ONLY public.streams_streamanalytics
    ADD CONSTRAINT streams_streamanalytics_pkey PRIMARY KEY (id);


--
-- Name: streams_streamanalytics streams_streamanalytics_stream_id_date_c64c9a56_uniq; Type: CONSTRAINT; Schema: public; Owner: estuary
--

ALTER TABLE ONLY public.streams_streamanalytics
    ADD CONSTRAINT streams_streamanalytics_stream_id_date_c64c9a56_uniq UNIQUE (stream_id, date);


--
-- Name: streams_streamcategory streams_streamcategory_name_key; Type: CONSTRAINT; Schema: public; Owner: estuary
--

ALTER TABLE ONLY public.streams_streamcategory
    ADD CONSTRAINT streams_streamcategory_name_key UNIQUE (name);


--
-- Name: streams_streamcategory streams_streamcategory_pkey; Type: CONSTRAINT; Schema: public; Owner: estuary
--

ALTER TABLE ONLY public.streams_streamcategory
    ADD CONSTRAINT streams_streamcategory_pkey PRIMARY KEY (id);


--
-- Name: streams_streamcategory streams_streamcategory_slug_key; Type: CONSTRAINT; Schema: public; Owner: estuary
--

ALTER TABLE ONLY public.streams_streamcategory
    ADD CONSTRAINT streams_streamcategory_slug_key UNIQUE (slug);


--
-- Name: streams_streampost streams_streampost_pkey; Type: CONSTRAINT; Schema: public; Owner: estuary
--

ALTER TABLE ONLY public.streams_streampost
    ADD CONSTRAINT streams_streampost_pkey PRIMARY KEY (id);


--
-- Name: streams_streampost streams_streampost_public_uuid_key; Type: CONSTRAINT; Schema: public; Owner: estuary
--

ALTER TABLE ONLY public.streams_streampost
    ADD CONSTRAINT streams_streampost_public_uuid_key UNIQUE (public_uuid);


--
-- Name: streams_streampostcomment streams_streampostcomment_pkey; Type: CONSTRAINT; Schema: public; Owner: estuary
--

ALTER TABLE ONLY public.streams_streampostcomment
    ADD CONSTRAINT streams_streampostcomment_pkey PRIMARY KEY (id);


--
-- Name: streams_streampostlike streams_streampostlike_pkey; Type: CONSTRAINT; Schema: public; Owner: estuary
--

ALTER TABLE ONLY public.streams_streampostlike
    ADD CONSTRAINT streams_streampostlike_pkey PRIMARY KEY (id);


--
-- Name: streams_streampostlike streams_streampostlike_post_id_user_id_3fd37872_uniq; Type: CONSTRAINT; Schema: public; Owner: estuary
--

ALTER TABLE ONLY public.streams_streampostlike
    ADD CONSTRAINT streams_streampostlike_post_id_user_id_3fd37872_uniq UNIQUE (post_id, user_id);


--
-- Name: streams_streampostmedia streams_streampostmedia_pkey; Type: CONSTRAINT; Schema: public; Owner: estuary
--

ALTER TABLE ONLY public.streams_streampostmedia
    ADD CONSTRAINT streams_streampostmedia_pkey PRIMARY KEY (id);


--
-- Name: streams_streampostview streams_streampostview_pkey; Type: CONSTRAINT; Schema: public; Owner: estuary
--

ALTER TABLE ONLY public.streams_streampostview
    ADD CONSTRAINT streams_streampostview_pkey PRIMARY KEY (id);


--
-- Name: streams_streamschedule streams_streamschedule_pkey; Type: CONSTRAINT; Schema: public; Owner: estuary
--

ALTER TABLE ONLY public.streams_streamschedule
    ADD CONSTRAINT streams_streamschedule_pkey PRIMARY KEY (id);


--
-- Name: streams_streamsubscription streams_streamsubscription_pkey; Type: CONSTRAINT; Schema: public; Owner: estuary
--

ALTER TABLE ONLY public.streams_streamsubscription
    ADD CONSTRAINT streams_streamsubscription_pkey PRIMARY KEY (id);


--
-- Name: streams_streamsubscription streams_streamsubscription_stripe_subscription_id_key; Type: CONSTRAINT; Schema: public; Owner: estuary
--

ALTER TABLE ONLY public.streams_streamsubscription
    ADD CONSTRAINT streams_streamsubscription_stripe_subscription_id_key UNIQUE (stripe_subscription_id);


--
-- Name: streams_streamsubscription streams_streamsubscription_user_id_stream_id_0e10799e_uniq; Type: CONSTRAINT; Schema: public; Owner: estuary
--

ALTER TABLE ONLY public.streams_streamsubscription
    ADD CONSTRAINT streams_streamsubscription_user_id_stream_id_0e10799e_uniq UNIQUE (user_id, stream_id);


--
-- Name: streams_streamtip streams_streamtip_pkey; Type: CONSTRAINT; Schema: public; Owner: estuary
--

ALTER TABLE ONLY public.streams_streamtip
    ADD CONSTRAINT streams_streamtip_pkey PRIMARY KEY (id);


--
-- Name: streams_streamtip streams_streamtip_public_uuid_key; Type: CONSTRAINT; Schema: public; Owner: estuary
--

ALTER TABLE ONLY public.streams_streamtip
    ADD CONSTRAINT streams_streamtip_public_uuid_key UNIQUE (public_uuid);


--
-- Name: streams_streamtip streams_streamtip_stripe_payment_intent_id_key; Type: CONSTRAINT; Schema: public; Owner: estuary
--

ALTER TABLE ONLY public.streams_streamtip
    ADD CONSTRAINT streams_streamtip_stripe_payment_intent_id_key UNIQUE (stripe_payment_intent_id);


--
-- Name: styles styles_pkey; Type: CONSTRAINT; Schema: public; Owner: estuary
--

ALTER TABLE ONLY public.styles
    ADD CONSTRAINT styles_pkey PRIMARY KEY (id);


--
-- Name: subscription_tiers subscription_tiers_name_key; Type: CONSTRAINT; Schema: public; Owner: estuary
--

ALTER TABLE ONLY public.subscription_tiers
    ADD CONSTRAINT subscription_tiers_name_key UNIQUE (name);


--
-- Name: subscription_tiers subscription_tiers_pkey; Type: CONSTRAINT; Schema: public; Owner: estuary
--

ALTER TABLE ONLY public.subscription_tiers
    ADD CONSTRAINT subscription_tiers_pkey PRIMARY KEY (id);


--
-- Name: tier_commission_adjustments tier_commission_adjustme_tier_id_service_type_com_725494f7_uniq; Type: CONSTRAINT; Schema: public; Owner: estuary
--

ALTER TABLE ONLY public.tier_commission_adjustments
    ADD CONSTRAINT tier_commission_adjustme_tier_id_service_type_com_725494f7_uniq UNIQUE (tier_id, service_type_commission_id);


--
-- Name: tier_commission_adjustments tier_commission_adjustments_pkey; Type: CONSTRAINT; Schema: public; Owner: estuary
--

ALTER TABLE ONLY public.tier_commission_adjustments
    ADD CONSTRAINT tier_commission_adjustments_pkey PRIMARY KEY (id);


--
-- Name: token_blacklist_blacklistedtoken token_blacklist_blacklistedtoken_pkey; Type: CONSTRAINT; Schema: public; Owner: estuary
--

ALTER TABLE ONLY public.token_blacklist_blacklistedtoken
    ADD CONSTRAINT token_blacklist_blacklistedtoken_pkey PRIMARY KEY (id);


--
-- Name: token_blacklist_blacklistedtoken token_blacklist_blacklistedtoken_token_id_key; Type: CONSTRAINT; Schema: public; Owner: estuary
--

ALTER TABLE ONLY public.token_blacklist_blacklistedtoken
    ADD CONSTRAINT token_blacklist_blacklistedtoken_token_id_key UNIQUE (token_id);


--
-- Name: token_blacklist_outstandingtoken token_blacklist_outstandingtoken_jti_hex_d9bdf6f7_uniq; Type: CONSTRAINT; Schema: public; Owner: estuary
--

ALTER TABLE ONLY public.token_blacklist_outstandingtoken
    ADD CONSTRAINT token_blacklist_outstandingtoken_jti_hex_d9bdf6f7_uniq UNIQUE (jti);


--
-- Name: token_blacklist_outstandingtoken token_blacklist_outstandingtoken_pkey; Type: CONSTRAINT; Schema: public; Owner: estuary
--

ALTER TABLE ONLY public.token_blacklist_outstandingtoken
    ADD CONSTRAINT token_blacklist_outstandingtoken_pkey PRIMARY KEY (id);


--
-- Name: topics topics_pkey; Type: CONSTRAINT; Schema: public; Owner: estuary
--

ALTER TABLE ONLY public.topics
    ADD CONSTRAINT topics_pkey PRIMARY KEY (id);


--
-- Name: community_postpurchasevisibility unique_post_service_visibility; Type: CONSTRAINT; Schema: public; Owner: estuary
--

ALTER TABLE ONLY public.community_postpurchasevisibility
    ADD CONSTRAINT unique_post_service_visibility UNIQUE (post_id, service_id);


--
-- Name: community_communityfollow unique_user_practitioner_follow; Type: CONSTRAINT; Schema: public; Owner: estuary
--

ALTER TABLE ONLY public.community_communityfollow
    ADD CONSTRAINT unique_user_practitioner_follow UNIQUE (user_id, practitioner_id);


--
-- Name: community_postreaction unique_user_reaction_per_post; Type: CONSTRAINT; Schema: public; Owner: estuary
--

ALTER TABLE ONLY public.community_postreaction
    ADD CONSTRAINT unique_user_reaction_per_post UNIQUE (post_id, user_id, reaction_type);


--
-- Name: user_engagement user_engagement_pkey; Type: CONSTRAINT; Schema: public; Owner: estuary
--

ALTER TABLE ONLY public.user_engagement
    ADD CONSTRAINT user_engagement_pkey PRIMARY KEY (id);


--
-- Name: user_engagement user_engagement_user_id_date_4f814f69_uniq; Type: CONSTRAINT; Schema: public; Owner: estuary
--

ALTER TABLE ONLY public.user_engagement
    ADD CONSTRAINT user_engagement_user_id_date_4f814f69_uniq UNIQUE (user_id, date);


--
-- Name: users_user users_user_email_key; Type: CONSTRAINT; Schema: public; Owner: estuary
--

ALTER TABLE ONLY public.users_user
    ADD CONSTRAINT users_user_email_key UNIQUE (email);


--
-- Name: users_user_groups users_user_groups_pkey; Type: CONSTRAINT; Schema: public; Owner: estuary
--

ALTER TABLE ONLY public.users_user_groups
    ADD CONSTRAINT users_user_groups_pkey PRIMARY KEY (id);


--
-- Name: users_user_groups users_user_groups_user_id_group_id_b88eab82_uniq; Type: CONSTRAINT; Schema: public; Owner: estuary
--

ALTER TABLE ONLY public.users_user_groups
    ADD CONSTRAINT users_user_groups_user_id_group_id_b88eab82_uniq UNIQUE (user_id, group_id);


--
-- Name: users_user users_user_pkey; Type: CONSTRAINT; Schema: public; Owner: estuary
--

ALTER TABLE ONLY public.users_user
    ADD CONSTRAINT users_user_pkey PRIMARY KEY (id);


--
-- Name: users_user_user_permissions users_user_user_permissions_pkey; Type: CONSTRAINT; Schema: public; Owner: estuary
--

ALTER TABLE ONLY public.users_user_user_permissions
    ADD CONSTRAINT users_user_user_permissions_pkey PRIMARY KEY (id);


--
-- Name: users_user_user_permissions users_user_user_permissions_user_id_permission_id_43338c45_uniq; Type: CONSTRAINT; Schema: public; Owner: estuary
--

ALTER TABLE ONLY public.users_user_user_permissions
    ADD CONSTRAINT users_user_user_permissions_user_id_permission_id_43338c45_uniq UNIQUE (user_id, permission_id);


--
-- Name: users_user users_user_uuid_key; Type: CONSTRAINT; Schema: public; Owner: estuary
--

ALTER TABLE ONLY public.users_user
    ADD CONSTRAINT users_user_uuid_key UNIQUE (uuid);


--
-- Name: users_userfavoritepractitioner users_userfavoritepracti_user_id_practitioner_id_07b45b5b_uniq; Type: CONSTRAINT; Schema: public; Owner: estuary
--

ALTER TABLE ONLY public.users_userfavoritepractitioner
    ADD CONSTRAINT users_userfavoritepracti_user_id_practitioner_id_07b45b5b_uniq UNIQUE (user_id, practitioner_id);


--
-- Name: users_userfavoritepractitioner users_userfavoritepractitioner_pkey; Type: CONSTRAINT; Schema: public; Owner: estuary
--

ALTER TABLE ONLY public.users_userfavoritepractitioner
    ADD CONSTRAINT users_userfavoritepractitioner_pkey PRIMARY KEY (id);


--
-- Name: users_userfavoriteservice users_userfavoriteservice_pkey; Type: CONSTRAINT; Schema: public; Owner: estuary
--

ALTER TABLE ONLY public.users_userfavoriteservice
    ADD CONSTRAINT users_userfavoriteservice_pkey PRIMARY KEY (id);


--
-- Name: users_userfavoriteservice users_userfavoriteservice_user_id_service_id_31dd36f8_uniq; Type: CONSTRAINT; Schema: public; Owner: estuary
--

ALTER TABLE ONLY public.users_userfavoriteservice
    ADD CONSTRAINT users_userfavoriteservice_user_id_service_id_31dd36f8_uniq UNIQUE (user_id, service_id);


--
-- Name: users_userpaymentprofile users_userpaymentprofile_pkey; Type: CONSTRAINT; Schema: public; Owner: estuary
--

ALTER TABLE ONLY public.users_userpaymentprofile
    ADD CONSTRAINT users_userpaymentprofile_pkey PRIMARY KEY (id);


--
-- Name: users_userpaymentprofile users_userpaymentprofile_stripe_customer_id_key; Type: CONSTRAINT; Schema: public; Owner: estuary
--

ALTER TABLE ONLY public.users_userpaymentprofile
    ADD CONSTRAINT users_userpaymentprofile_stripe_customer_id_key UNIQUE (stripe_customer_id);


--
-- Name: users_userpaymentprofile users_userpaymentprofile_user_id_key; Type: CONSTRAINT; Schema: public; Owner: estuary
--

ALTER TABLE ONLY public.users_userpaymentprofile
    ADD CONSTRAINT users_userpaymentprofile_user_id_key UNIQUE (user_id);


--
-- Name: users_userprofile users_userprofile_pkey; Type: CONSTRAINT; Schema: public; Owner: estuary
--

ALTER TABLE ONLY public.users_userprofile
    ADD CONSTRAINT users_userprofile_pkey PRIMARY KEY (id);


--
-- Name: users_userprofile users_userprofile_user_id_key; Type: CONSTRAINT; Schema: public; Owner: estuary
--

ALTER TABLE ONLY public.users_userprofile
    ADD CONSTRAINT users_userprofile_user_id_key UNIQUE (user_id);


--
-- Name: users_usersociallinks users_usersociallinks_pkey; Type: CONSTRAINT; Schema: public; Owner: estuary
--

ALTER TABLE ONLY public.users_usersociallinks
    ADD CONSTRAINT users_usersociallinks_pkey PRIMARY KEY (id);


--
-- Name: users_usersociallinks users_usersociallinks_user_id_key; Type: CONSTRAINT; Schema: public; Owner: estuary
--

ALTER TABLE ONLY public.users_usersociallinks
    ADD CONSTRAINT users_usersociallinks_user_id_key UNIQUE (user_id);


--
-- Name: utils_address utils_address_pkey; Type: CONSTRAINT; Schema: public; Owner: estuary
--

ALTER TABLE ONLY public.utils_address
    ADD CONSTRAINT utils_address_pkey PRIMARY KEY (id);


--
-- Name: utils_holiday utils_holiday_country_id_name_date_06bf2bdc_uniq; Type: CONSTRAINT; Schema: public; Owner: estuary
--

ALTER TABLE ONLY public.utils_holiday
    ADD CONSTRAINT utils_holiday_country_id_name_date_06bf2bdc_uniq UNIQUE (country_id, name, date);


--
-- Name: utils_holiday utils_holiday_pkey; Type: CONSTRAINT; Schema: public; Owner: estuary
--

ALTER TABLE ONLY public.utils_holiday
    ADD CONSTRAINT utils_holiday_pkey PRIMARY KEY (id);


--
-- Name: utils_language utils_language_code_key; Type: CONSTRAINT; Schema: public; Owner: estuary
--

ALTER TABLE ONLY public.utils_language
    ADD CONSTRAINT utils_language_code_key UNIQUE (code);


--
-- Name: utils_language utils_language_pkey; Type: CONSTRAINT; Schema: public; Owner: estuary
--

ALTER TABLE ONLY public.utils_language
    ADD CONSTRAINT utils_language_pkey PRIMARY KEY (id);


--
-- Name: verification_documents verification_documents_pkey; Type: CONSTRAINT; Schema: public; Owner: estuary
--

ALTER TABLE ONLY public.verification_documents
    ADD CONSTRAINT verification_documents_pkey PRIMARY KEY (id);


--
-- Name: waitlists waitlists_pkey; Type: CONSTRAINT; Schema: public; Owner: estuary
--

ALTER TABLE ONLY public.waitlists
    ADD CONSTRAINT waitlists_pkey PRIMARY KEY (id);


--
-- Name: waitlists waitlists_service_id_user_id_be854255_uniq; Type: CONSTRAINT; Schema: public; Owner: estuary
--

ALTER TABLE ONLY public.waitlists
    ADD CONSTRAINT waitlists_service_id_user_id_be854255_uniq UNIQUE (service_id, user_id);


--
-- Name: waitlists waitlists_service_session_id_user_id_9fb54e55_uniq; Type: CONSTRAINT; Schema: public; Owner: estuary
--

ALTER TABLE ONLY public.waitlists
    ADD CONSTRAINT waitlists_service_session_id_user_id_9fb54e55_uniq UNIQUE (service_session_id, user_id);


--
-- Name: auth_group_name_a6ea08ec_like; Type: INDEX; Schema: public; Owner: estuary
--

CREATE INDEX auth_group_name_a6ea08ec_like ON public.auth_group USING btree (name varchar_pattern_ops);


--
-- Name: auth_group_permissions_group_id_b120cbf9; Type: INDEX; Schema: public; Owner: estuary
--

CREATE INDEX auth_group_permissions_group_id_b120cbf9 ON public.auth_group_permissions USING btree (group_id);


--
-- Name: auth_group_permissions_permission_id_84c5c92e; Type: INDEX; Schema: public; Owner: estuary
--

CREATE INDEX auth_group_permissions_permission_id_84c5c92e ON public.auth_group_permissions USING btree (permission_id);


--
-- Name: auth_permission_content_type_id_2f476e4b; Type: INDEX; Schema: public; Owner: estuary
--

CREATE INDEX auth_permission_content_type_id_2f476e4b ON public.auth_permission USING btree (content_type_id);


--
-- Name: bookings_bo_author__561a35_idx; Type: INDEX; Schema: public; Owner: estuary
--

CREATE INDEX bookings_bo_author__561a35_idx ON public.bookings_bookingnote USING btree (author_id);


--
-- Name: bookings_bo_booking_a220ec_idx; Type: INDEX; Schema: public; Owner: estuary
--

CREATE INDEX bookings_bo_booking_a220ec_idx ON public.bookings_bookingreminder USING btree (booking_id, scheduled_time);


--
-- Name: bookings_bo_booking_fdabad_idx; Type: INDEX; Schema: public; Owner: estuary
--

CREATE INDEX bookings_bo_booking_fdabad_idx ON public.bookings_bookingnote USING btree (booking_id, created_at DESC);


--
-- Name: bookings_bo_is_sent_29338d_idx; Type: INDEX; Schema: public; Owner: estuary
--

CREATE INDEX bookings_bo_is_sent_29338d_idx ON public.bookings_bookingreminder USING btree (is_sent, scheduled_time);


--
-- Name: bookings_bo_parent__2d389a_idx; Type: INDEX; Schema: public; Owner: estuary
--

CREATE INDEX bookings_bo_parent__2d389a_idx ON public.bookings_booking USING btree (parent_booking_id);


--
-- Name: bookings_bo_payment_27706e_idx; Type: INDEX; Schema: public; Owner: estuary
--

CREATE INDEX bookings_bo_payment_27706e_idx ON public.bookings_booking USING btree (payment_status);


--
-- Name: bookings_bo_practit_b87758_idx; Type: INDEX; Schema: public; Owner: estuary
--

CREATE INDEX bookings_bo_practit_b87758_idx ON public.bookings_booking USING btree (practitioner_id, start_time);


--
-- Name: bookings_bo_reminde_8c67ef_idx; Type: INDEX; Schema: public; Owner: estuary
--

CREATE INDEX bookings_bo_reminde_8c67ef_idx ON public.bookings_bookingreminder USING btree (reminder_type);


--
-- Name: bookings_bo_service_b2b755_idx; Type: INDEX; Schema: public; Owner: estuary
--

CREATE INDEX bookings_bo_service_b2b755_idx ON public.bookings_booking USING btree (service_id, status);


--
-- Name: bookings_bo_service_e27d43_idx; Type: INDEX; Schema: public; Owner: estuary
--

CREATE INDEX bookings_bo_service_e27d43_idx ON public.bookings_booking USING btree (service_session_id);


--
-- Name: bookings_bo_start_t_1c7039_idx; Type: INDEX; Schema: public; Owner: estuary
--

CREATE INDEX bookings_bo_start_t_1c7039_idx ON public.bookings_booking USING btree (start_time, end_time);


--
-- Name: bookings_bo_status_3c2736_idx; Type: INDEX; Schema: public; Owner: estuary
--

CREATE INDEX bookings_bo_status_3c2736_idx ON public.bookings_booking USING btree (status, start_time);


--
-- Name: bookings_bo_user_id_69a5d5_idx; Type: INDEX; Schema: public; Owner: estuary
--

CREATE INDEX bookings_bo_user_id_69a5d5_idx ON public.bookings_booking USING btree (user_id, status);


--
-- Name: bookings_booking_location_id_ab55b4c5; Type: INDEX; Schema: public; Owner: estuary
--

CREATE INDEX bookings_booking_location_id_ab55b4c5 ON public.bookings_booking USING btree (location_id);


--
-- Name: bookings_booking_parent_booking_id_7c358175; Type: INDEX; Schema: public; Owner: estuary
--

CREATE INDEX bookings_booking_parent_booking_id_7c358175 ON public.bookings_booking USING btree (parent_booking_id);


--
-- Name: bookings_booking_payment_transaction_id_53ebe25d; Type: INDEX; Schema: public; Owner: estuary
--

CREATE INDEX bookings_booking_payment_transaction_id_53ebe25d ON public.bookings_booking USING btree (payment_transaction_id);


--
-- Name: bookings_booking_practitioner_id_818e89d1; Type: INDEX; Schema: public; Owner: estuary
--

CREATE INDEX bookings_booking_practitioner_id_818e89d1 ON public.bookings_booking USING btree (practitioner_id);


--
-- Name: bookings_booking_rescheduled_from_id_0049bad7; Type: INDEX; Schema: public; Owner: estuary
--

CREATE INDEX bookings_booking_rescheduled_from_id_0049bad7 ON public.bookings_booking USING btree (rescheduled_from_id);


--
-- Name: bookings_booking_room_id_6f0fa517; Type: INDEX; Schema: public; Owner: estuary
--

CREATE INDEX bookings_booking_room_id_6f0fa517 ON public.bookings_booking USING btree (room_id);


--
-- Name: bookings_booking_service_id_8d3eedd5; Type: INDEX; Schema: public; Owner: estuary
--

CREATE INDEX bookings_booking_service_id_8d3eedd5 ON public.bookings_booking USING btree (service_id);


--
-- Name: bookings_booking_service_session_id_bafd4034; Type: INDEX; Schema: public; Owner: estuary
--

CREATE INDEX bookings_booking_service_session_id_bafd4034 ON public.bookings_booking USING btree (service_session_id);


--
-- Name: bookings_booking_user_id_834dfc23; Type: INDEX; Schema: public; Owner: estuary
--

CREATE INDEX bookings_booking_user_id_834dfc23 ON public.bookings_booking USING btree (user_id);


--
-- Name: bookings_bookingnote_author_id_fdfe2de8; Type: INDEX; Schema: public; Owner: estuary
--

CREATE INDEX bookings_bookingnote_author_id_fdfe2de8 ON public.bookings_bookingnote USING btree (author_id);


--
-- Name: bookings_bookingnote_booking_id_0f9a53c4; Type: INDEX; Schema: public; Owner: estuary
--

CREATE INDEX bookings_bookingnote_booking_id_0f9a53c4 ON public.bookings_bookingnote USING btree (booking_id);


--
-- Name: bookings_bookingreminder_booking_id_6d843976; Type: INDEX; Schema: public; Owner: estuary
--

CREATE INDEX bookings_bookingreminder_booking_id_6d843976 ON public.bookings_bookingreminder USING btree (booking_id);


--
-- Name: common_moda_categor_aeab08_idx; Type: INDEX; Schema: public; Owner: estuary
--

CREATE INDEX common_moda_categor_aeab08_idx ON public.common_modality USING btree (category);


--
-- Name: common_moda_is_acti_b5dada_idx; Type: INDEX; Schema: public; Owner: estuary
--

CREATE INDEX common_moda_is_acti_b5dada_idx ON public.common_modality USING btree (is_active, "order");


--
-- Name: common_modality_name_fe83b0c9_like; Type: INDEX; Schema: public; Owner: estuary
--

CREATE INDEX common_modality_name_fe83b0c9_like ON public.common_modality USING btree (name varchar_pattern_ops);


--
-- Name: community_c_is_feat_bd1f02_idx; Type: INDEX; Schema: public; Owner: estuary
--

CREATE INDEX community_c_is_feat_bd1f02_idx ON public.community_communitytopic USING btree (is_featured);


--
-- Name: community_c_name_0cb5c2_idx; Type: INDEX; Schema: public; Owner: estuary
--

CREATE INDEX community_c_name_0cb5c2_idx ON public.community_communitytopic USING btree (name);


--
-- Name: community_c_practit_d1fdb9_idx; Type: INDEX; Schema: public; Owner: estuary
--

CREATE INDEX community_c_practit_d1fdb9_idx ON public.community_communityfollow USING btree (practitioner_id);


--
-- Name: community_c_slug_1fbf42_idx; Type: INDEX; Schema: public; Owner: estuary
--

CREATE INDEX community_c_slug_1fbf42_idx ON public.community_communitytopic USING btree (slug);


--
-- Name: community_c_user_id_179ad6_idx; Type: INDEX; Schema: public; Owner: estuary
--

CREATE INDEX community_c_user_id_179ad6_idx ON public.community_communityfollow USING btree (user_id);


--
-- Name: community_communityfollow_practitioner_id_2fcaca38; Type: INDEX; Schema: public; Owner: estuary
--

CREATE INDEX community_communityfollow_practitioner_id_2fcaca38 ON public.community_communityfollow USING btree (practitioner_id);


--
-- Name: community_communityfollow_user_id_1d9c5b04; Type: INDEX; Schema: public; Owner: estuary
--

CREATE INDEX community_communityfollow_user_id_1d9c5b04 ON public.community_communityfollow USING btree (user_id);


--
-- Name: community_communitytopic_name_2574dd70_like; Type: INDEX; Schema: public; Owner: estuary
--

CREATE INDEX community_communitytopic_name_2574dd70_like ON public.community_communitytopic USING btree (name varchar_pattern_ops);


--
-- Name: community_communitytopic_slug_62aff060_like; Type: INDEX; Schema: public; Owner: estuary
--

CREATE INDEX community_communitytopic_slug_62aff060_like ON public.community_communitytopic USING btree (slug varchar_pattern_ops);


--
-- Name: community_p_created_3f2180_idx; Type: INDEX; Schema: public; Owner: estuary
--

CREATE INDEX community_p_created_3f2180_idx ON public.community_post USING btree (created_at, is_pinned);


--
-- Name: community_p_is_arch_69604c_idx; Type: INDEX; Schema: public; Owner: estuary
--

CREATE INDEX community_p_is_arch_69604c_idx ON public.community_post USING btree (is_archived);


--
-- Name: community_p_is_feat_eb75df_idx; Type: INDEX; Schema: public; Owner: estuary
--

CREATE INDEX community_p_is_feat_eb75df_idx ON public.community_post USING btree (is_featured, visibility);


--
-- Name: community_p_is_hidd_880e81_idx; Type: INDEX; Schema: public; Owner: estuary
--

CREATE INDEX community_p_is_hidd_880e81_idx ON public.community_postcomment USING btree (is_hidden);


--
-- Name: community_p_parent__1428bf_idx; Type: INDEX; Schema: public; Owner: estuary
--

CREATE INDEX community_p_parent__1428bf_idx ON public.community_postcomment USING btree (parent_comment_id);


--
-- Name: community_p_post_id_292065_idx; Type: INDEX; Schema: public; Owner: estuary
--

CREATE INDEX community_p_post_id_292065_idx ON public.community_postpurchasevisibility USING btree (post_id);


--
-- Name: community_p_post_id_c9828b_idx; Type: INDEX; Schema: public; Owner: estuary
--

CREATE INDEX community_p_post_id_c9828b_idx ON public.community_postcomment USING btree (post_id, created_at);


--
-- Name: community_p_post_id_f86415_idx; Type: INDEX; Schema: public; Owner: estuary
--

CREATE INDEX community_p_post_id_f86415_idx ON public.community_postreaction USING btree (post_id, reaction_type);


--
-- Name: community_p_practit_04b839_idx; Type: INDEX; Schema: public; Owner: estuary
--

CREATE INDEX community_p_practit_04b839_idx ON public.community_post USING btree (practitioner_id, visibility);


--
-- Name: community_p_service_faac46_idx; Type: INDEX; Schema: public; Owner: estuary
--

CREATE INDEX community_p_service_faac46_idx ON public.community_postpurchasevisibility USING btree (service_id);


--
-- Name: community_p_user_id_5e6e25_idx; Type: INDEX; Schema: public; Owner: estuary
--

CREATE INDEX community_p_user_id_5e6e25_idx ON public.community_postreaction USING btree (user_id);


--
-- Name: community_p_user_id_d0d9ca_idx; Type: INDEX; Schema: public; Owner: estuary
--

CREATE INDEX community_p_user_id_d0d9ca_idx ON public.community_postcomment USING btree (user_id);


--
-- Name: community_post_practitioner_id_5447d58a; Type: INDEX; Schema: public; Owner: estuary
--

CREATE INDEX community_post_practitioner_id_5447d58a ON public.community_post USING btree (practitioner_id);


--
-- Name: community_post_topics_communitytopic_id_b3bbfea3; Type: INDEX; Schema: public; Owner: estuary
--

CREATE INDEX community_post_topics_communitytopic_id_b3bbfea3 ON public.community_post_topics USING btree (communitytopic_id);


--
-- Name: community_post_topics_post_id_c387c0da; Type: INDEX; Schema: public; Owner: estuary
--

CREATE INDEX community_post_topics_post_id_c387c0da ON public.community_post_topics USING btree (post_id);


--
-- Name: community_postcomment_parent_comment_id_f4bcd09d; Type: INDEX; Schema: public; Owner: estuary
--

CREATE INDEX community_postcomment_parent_comment_id_f4bcd09d ON public.community_postcomment USING btree (parent_comment_id);


--
-- Name: community_postcomment_post_id_4c087afb; Type: INDEX; Schema: public; Owner: estuary
--

CREATE INDEX community_postcomment_post_id_4c087afb ON public.community_postcomment USING btree (post_id);


--
-- Name: community_postcomment_user_id_7b0c6ed4; Type: INDEX; Schema: public; Owner: estuary
--

CREATE INDEX community_postcomment_user_id_7b0c6ed4 ON public.community_postcomment USING btree (user_id);


--
-- Name: community_postpurchasevisibility_post_id_f3b3aefe; Type: INDEX; Schema: public; Owner: estuary
--

CREATE INDEX community_postpurchasevisibility_post_id_f3b3aefe ON public.community_postpurchasevisibility USING btree (post_id);


--
-- Name: community_postpurchasevisibility_service_id_f4702d8d; Type: INDEX; Schema: public; Owner: estuary
--

CREATE INDEX community_postpurchasevisibility_service_id_f4702d8d ON public.community_postpurchasevisibility USING btree (service_id);


--
-- Name: community_postreaction_post_id_2362dc12; Type: INDEX; Schema: public; Owner: estuary
--

CREATE INDEX community_postreaction_post_id_2362dc12 ON public.community_postreaction USING btree (post_id);


--
-- Name: community_postreaction_user_id_a06da059; Type: INDEX; Schema: public; Owner: estuary
--

CREATE INDEX community_postreaction_user_id_a06da059 ON public.community_postreaction USING btree (user_id);


--
-- Name: django_admin_log_content_type_id_c4bce8eb; Type: INDEX; Schema: public; Owner: estuary
--

CREATE INDEX django_admin_log_content_type_id_c4bce8eb ON public.django_admin_log USING btree (content_type_id);


--
-- Name: django_admin_log_user_id_c564eba6; Type: INDEX; Schema: public; Owner: estuary
--

CREATE INDEX django_admin_log_user_id_c564eba6 ON public.django_admin_log USING btree (user_id);


--
-- Name: django_session_expire_date_a5c62663; Type: INDEX; Schema: public; Owner: estuary
--

CREATE INDEX django_session_expire_date_a5c62663 ON public.django_session USING btree (expire_date);


--
-- Name: django_session_session_key_c0390e0f_like; Type: INDEX; Schema: public; Owner: estuary
--

CREATE INDEX django_session_session_key_c0390e0f_like ON public.django_session USING btree (session_key varchar_pattern_ops);


--
-- Name: external_se_is_acti_02b508_idx; Type: INDEX; Schema: public; Owner: estuary
--

CREATE INDEX external_se_is_acti_02b508_idx ON public.external_service_fees USING btree (is_active);


--
-- Name: external_se_service_e6217f_idx; Type: INDEX; Schema: public; Owner: estuary
--

CREATE INDEX external_se_service_e6217f_idx ON public.external_service_fees USING btree (service_type_id);


--
-- Name: external_service_fees_service_type_id_a758cf0c; Type: INDEX; Schema: public; Owner: estuary
--

CREATE INDEX external_service_fees_service_type_id_a758cf0c ON public.external_service_fees USING btree (service_type_id);


--
-- Name: financial_r_report__0401ed_idx; Type: INDEX; Schema: public; Owner: estuary
--

CREATE INDEX financial_r_report__0401ed_idx ON public.financial_reports USING btree (report_type);


--
-- Name: financial_r_start_d_c34429_idx; Type: INDEX; Schema: public; Owner: estuary
--

CREATE INDEX financial_r_start_d_c34429_idx ON public.financial_reports USING btree (start_date, end_date);


--
-- Name: locations_c_code_9c92f4_idx; Type: INDEX; Schema: public; Owner: estuary
--

CREATE INDEX locations_c_code_9c92f4_idx ON public.locations_country USING btree (code);


--
-- Name: locations_c_is_acti_a5aef5_idx; Type: INDEX; Schema: public; Owner: estuary
--

CREATE INDEX locations_c_is_acti_a5aef5_idx ON public.locations_country USING btree (is_active);


--
-- Name: locations_c_is_majo_da791e_idx; Type: INDEX; Schema: public; Owner: estuary
--

CREATE INDEX locations_c_is_majo_da791e_idx ON public.locations_city USING btree (is_major, is_active);


--
-- Name: locations_c_metro_a_8c2a84_idx; Type: INDEX; Schema: public; Owner: estuary
--

CREATE INDEX locations_c_metro_a_8c2a84_idx ON public.locations_city USING btree (metro_area);


--
-- Name: locations_c_state_i_837821_idx; Type: INDEX; Schema: public; Owner: estuary
--

CREATE INDEX locations_c_state_i_837821_idx ON public.locations_city USING btree (state_id, is_active);


--
-- Name: locations_city_slug_fdb88e36; Type: INDEX; Schema: public; Owner: estuary
--

CREATE INDEX locations_city_slug_fdb88e36 ON public.locations_city USING btree (slug);


--
-- Name: locations_city_slug_fdb88e36_like; Type: INDEX; Schema: public; Owner: estuary
--

CREATE INDEX locations_city_slug_fdb88e36_like ON public.locations_city USING btree (slug varchar_pattern_ops);


--
-- Name: locations_city_state_id_cce9fdf3; Type: INDEX; Schema: public; Owner: estuary
--

CREATE INDEX locations_city_state_id_cce9fdf3 ON public.locations_city USING btree (state_id);


--
-- Name: locations_country_code_3_0d89422e_like; Type: INDEX; Schema: public; Owner: estuary
--

CREATE INDEX locations_country_code_3_0d89422e_like ON public.locations_country USING btree (code_3 varchar_pattern_ops);


--
-- Name: locations_country_code_bacab364_like; Type: INDEX; Schema: public; Owner: estuary
--

CREATE INDEX locations_country_code_bacab364_like ON public.locations_country USING btree (code varchar_pattern_ops);


--
-- Name: locations_country_name_822b110c_like; Type: INDEX; Schema: public; Owner: estuary
--

CREATE INDEX locations_country_name_822b110c_like ON public.locations_country USING btree (name varchar_pattern_ops);


--
-- Name: locations_country_slug_bafce7fc_like; Type: INDEX; Schema: public; Owner: estuary
--

CREATE INDEX locations_country_slug_bafce7fc_like ON public.locations_country USING btree (slug varchar_pattern_ops);


--
-- Name: locations_p_city_id_e1dfb8_idx; Type: INDEX; Schema: public; Owner: estuary
--

CREATE INDEX locations_p_city_id_e1dfb8_idx ON public.locations_practitionerlocation USING btree (city_id, is_in_person);


--
-- Name: locations_p_practit_610658_idx; Type: INDEX; Schema: public; Owner: estuary
--

CREATE INDEX locations_p_practit_610658_idx ON public.locations_practitionerlocation USING btree (practitioner_id, is_primary);


--
-- Name: locations_practitionerlocation_city_id_4e352303; Type: INDEX; Schema: public; Owner: estuary
--

CREATE INDEX locations_practitionerlocation_city_id_4e352303 ON public.locations_practitionerlocation USING btree (city_id);


--
-- Name: locations_practitionerlocation_country_id_4594a41c; Type: INDEX; Schema: public; Owner: estuary
--

CREATE INDEX locations_practitionerlocation_country_id_4594a41c ON public.locations_practitionerlocation USING btree (country_id);


--
-- Name: locations_practitionerlocation_practitioner_id_5ff3c26f; Type: INDEX; Schema: public; Owner: estuary
--

CREATE INDEX locations_practitionerlocation_practitioner_id_5ff3c26f ON public.locations_practitionerlocation USING btree (practitioner_id);


--
-- Name: locations_practitionerlocation_state_id_d7f837e1; Type: INDEX; Schema: public; Owner: estuary
--

CREATE INDEX locations_practitionerlocation_state_id_d7f837e1 ON public.locations_practitionerlocation USING btree (state_id);


--
-- Name: locations_s_code_f8d7d5_idx; Type: INDEX; Schema: public; Owner: estuary
--

CREATE INDEX locations_s_code_f8d7d5_idx ON public.locations_state USING btree (code);


--
-- Name: locations_s_country_436f5e_idx; Type: INDEX; Schema: public; Owner: estuary
--

CREATE INDEX locations_s_country_436f5e_idx ON public.locations_state USING btree (country_id, is_active);


--
-- Name: locations_state_country_id_25677d21; Type: INDEX; Schema: public; Owner: estuary
--

CREATE INDEX locations_state_country_id_25677d21 ON public.locations_state USING btree (country_id);


--
-- Name: locations_state_slug_b034386e; Type: INDEX; Schema: public; Owner: estuary
--

CREATE INDEX locations_state_slug_b034386e ON public.locations_state USING btree (slug);


--
-- Name: locations_state_slug_b034386e_like; Type: INDEX; Schema: public; Owner: estuary
--

CREATE INDEX locations_state_slug_b034386e_like ON public.locations_state USING btree (slug varchar_pattern_ops);


--
-- Name: locations_z_country_43f98a_idx; Type: INDEX; Schema: public; Owner: estuary
--

CREATE INDEX locations_z_country_43f98a_idx ON public.locations_zipcode USING btree (country_id, code);


--
-- Name: locations_zipcode_city_id_a7399421; Type: INDEX; Schema: public; Owner: estuary
--

CREATE INDEX locations_zipcode_city_id_a7399421 ON public.locations_zipcode USING btree (city_id);


--
-- Name: locations_zipcode_code_2c4cf3ef_like; Type: INDEX; Schema: public; Owner: estuary
--

CREATE INDEX locations_zipcode_code_2c4cf3ef_like ON public.locations_zipcode USING btree (code varchar_pattern_ops);


--
-- Name: locations_zipcode_country_id_af536f49; Type: INDEX; Schema: public; Owner: estuary
--

CREATE INDEX locations_zipcode_country_id_af536f49 ON public.locations_zipcode USING btree (country_id);


--
-- Name: media_media_created_802087_idx; Type: INDEX; Schema: public; Owner: estuary
--

CREATE INDEX media_media_created_802087_idx ON public.media_mediaprocessingjob USING btree (created_at);


--
-- Name: media_media_entity__0a7035_idx; Type: INDEX; Schema: public; Owner: estuary
--

CREATE INDEX media_media_entity__0a7035_idx ON public.media_media USING btree (entity_type, entity_id);


--
-- Name: media_media_is_prim_cf8af3_idx; Type: INDEX; Schema: public; Owner: estuary
--

CREATE INDEX media_media_is_prim_cf8af3_idx ON public.media_media USING btree (is_primary);


--
-- Name: media_media_job_id_f1898d_idx; Type: INDEX; Schema: public; Owner: estuary
--

CREATE INDEX media_media_job_id_f1898d_idx ON public.media_mediaprocessingjob USING btree (job_id);


--
-- Name: media_media_media_t_90cd6a_idx; Type: INDEX; Schema: public; Owner: estuary
--

CREATE INDEX media_media_media_t_90cd6a_idx ON public.media_media USING btree (media_type);


--
-- Name: media_media_status_47c227_idx; Type: INDEX; Schema: public; Owner: estuary
--

CREATE INDEX media_media_status_47c227_idx ON public.media_media USING btree (status);


--
-- Name: media_media_status_f37bc8_idx; Type: INDEX; Schema: public; Owner: estuary
--

CREATE INDEX media_media_status_f37bc8_idx ON public.media_mediaprocessingjob USING btree (status);


--
-- Name: media_media_uploade_dc9a80_idx; Type: INDEX; Schema: public; Owner: estuary
--

CREATE INDEX media_media_uploade_dc9a80_idx ON public.media_media USING btree (uploaded_by_id);


--
-- Name: media_media_uploaded_by_id_2e55dbaf; Type: INDEX; Schema: public; Owner: estuary
--

CREATE INDEX media_media_uploaded_by_id_2e55dbaf ON public.media_media USING btree (uploaded_by_id);


--
-- Name: media_mediaprocessingjob_media_id_e84fad53; Type: INDEX; Schema: public; Owner: estuary
--

CREATE INDEX media_mediaprocessingjob_media_id_e84fad53 ON public.media_mediaprocessingjob USING btree (media_id);


--
-- Name: media_mediaversion_media_id_392a08d1; Type: INDEX; Schema: public; Owner: estuary
--

CREATE INDEX media_mediaversion_media_id_392a08d1 ON public.media_mediaversion USING btree (media_id);


--
-- Name: messaging_b_blocked_220396_idx; Type: INDEX; Schema: public; Owner: estuary
--

CREATE INDEX messaging_b_blocked_220396_idx ON public.messaging_blockeduser USING btree (blocked_id);


--
-- Name: messaging_b_blocker_42f1b4_idx; Type: INDEX; Schema: public; Owner: estuary
--

CREATE INDEX messaging_b_blocker_42f1b4_idx ON public.messaging_blockeduser USING btree (blocker_id);


--
-- Name: messaging_blockeduser_blocked_id_4d617425; Type: INDEX; Schema: public; Owner: estuary
--

CREATE INDEX messaging_blockeduser_blocked_id_4d617425 ON public.messaging_blockeduser USING btree (blocked_id);


--
-- Name: messaging_blockeduser_blocker_id_90170898; Type: INDEX; Schema: public; Owner: estuary
--

CREATE INDEX messaging_blockeduser_blocker_id_90170898 ON public.messaging_blockeduser USING btree (blocker_id);


--
-- Name: messaging_c_convers_e524c6_idx; Type: INDEX; Schema: public; Owner: estuary
--

CREATE INDEX messaging_c_convers_e524c6_idx ON public.messaging_conversationparticipant USING btree (conversation_id, is_active);


--
-- Name: messaging_c_is_acti_68f9c6_idx; Type: INDEX; Schema: public; Owner: estuary
--

CREATE INDEX messaging_c_is_acti_68f9c6_idx ON public.messaging_conversation USING btree (is_active, updated_at);


--
-- Name: messaging_c_related_5595b7_idx; Type: INDEX; Schema: public; Owner: estuary
--

CREATE INDEX messaging_c_related_5595b7_idx ON public.messaging_conversation USING btree (related_booking_id);


--
-- Name: messaging_c_related_b4ccc9_idx; Type: INDEX; Schema: public; Owner: estuary
--

CREATE INDEX messaging_c_related_b4ccc9_idx ON public.messaging_conversation USING btree (related_service_id);


--
-- Name: messaging_c_user_id_ac23f5_idx; Type: INDEX; Schema: public; Owner: estuary
--

CREATE INDEX messaging_c_user_id_ac23f5_idx ON public.messaging_conversationparticipant USING btree (user_id, is_active);


--
-- Name: messaging_c_user_id_cac884_idx; Type: INDEX; Schema: public; Owner: estuary
--

CREATE INDEX messaging_c_user_id_cac884_idx ON public.messaging_conversationparticipant USING btree (user_id, is_archived);


--
-- Name: messaging_conversation_related_booking_id_49072b44; Type: INDEX; Schema: public; Owner: estuary
--

CREATE INDEX messaging_conversation_related_booking_id_49072b44 ON public.messaging_conversation USING btree (related_booking_id);


--
-- Name: messaging_conversation_related_service_id_cd37ac7a; Type: INDEX; Schema: public; Owner: estuary
--

CREATE INDEX messaging_conversation_related_service_id_cd37ac7a ON public.messaging_conversation USING btree (related_service_id);


--
-- Name: messaging_conversationparticipant_conversation_id_35c831e7; Type: INDEX; Schema: public; Owner: estuary
--

CREATE INDEX messaging_conversationparticipant_conversation_id_35c831e7 ON public.messaging_conversationparticipant USING btree (conversation_id);


--
-- Name: messaging_conversationparticipant_last_read_message_id_5fbe207f; Type: INDEX; Schema: public; Owner: estuary
--

CREATE INDEX messaging_conversationparticipant_last_read_message_id_5fbe207f ON public.messaging_conversationparticipant USING btree (last_read_message_id);


--
-- Name: messaging_conversationparticipant_user_id_0512230a; Type: INDEX; Schema: public; Owner: estuary
--

CREATE INDEX messaging_conversationparticipant_user_id_0512230a ON public.messaging_conversationparticipant USING btree (user_id);


--
-- Name: messaging_m_convers_7bc91b_idx; Type: INDEX; Schema: public; Owner: estuary
--

CREATE INDEX messaging_m_convers_7bc91b_idx ON public.messaging_message USING btree (conversation_id, created_at);


--
-- Name: messaging_m_is_dele_12264e_idx; Type: INDEX; Schema: public; Owner: estuary
--

CREATE INDEX messaging_m_is_dele_12264e_idx ON public.messaging_message USING btree (is_deleted);


--
-- Name: messaging_m_message_9677d2_idx; Type: INDEX; Schema: public; Owner: estuary
--

CREATE INDEX messaging_m_message_9677d2_idx ON public.messaging_message USING btree (message_type);


--
-- Name: messaging_m_message_f0f1b8_idx; Type: INDEX; Schema: public; Owner: estuary
--

CREATE INDEX messaging_m_message_f0f1b8_idx ON public.messaging_messagereceipt USING btree (message_id, is_read);


--
-- Name: messaging_m_sender__277197_idx; Type: INDEX; Schema: public; Owner: estuary
--

CREATE INDEX messaging_m_sender__277197_idx ON public.messaging_message USING btree (sender_id, created_at);


--
-- Name: messaging_m_user_id_ded10d_idx; Type: INDEX; Schema: public; Owner: estuary
--

CREATE INDEX messaging_m_user_id_ded10d_idx ON public.messaging_messagereceipt USING btree (user_id, is_read);


--
-- Name: messaging_message_conversation_id_3db4d3d1; Type: INDEX; Schema: public; Owner: estuary
--

CREATE INDEX messaging_message_conversation_id_3db4d3d1 ON public.messaging_message USING btree (conversation_id);


--
-- Name: messaging_message_sender_id_7a7088e6; Type: INDEX; Schema: public; Owner: estuary
--

CREATE INDEX messaging_message_sender_id_7a7088e6 ON public.messaging_message USING btree (sender_id);


--
-- Name: messaging_messagereceipt_message_id_5118d9f3; Type: INDEX; Schema: public; Owner: estuary
--

CREATE INDEX messaging_messagereceipt_message_id_5118d9f3 ON public.messaging_messagereceipt USING btree (message_id);


--
-- Name: messaging_messagereceipt_user_id_d53b1f30; Type: INDEX; Schema: public; Owner: estuary
--

CREATE INDEX messaging_messagereceipt_user_id_d53b1f30 ON public.messaging_messagereceipt USING btree (user_id);


--
-- Name: messaging_t_convers_f60154_idx; Type: INDEX; Schema: public; Owner: estuary
--

CREATE INDEX messaging_t_convers_f60154_idx ON public.messaging_typingindicator USING btree (conversation_id, is_typing);


--
-- Name: messaging_t_user_id_82a960_idx; Type: INDEX; Schema: public; Owner: estuary
--

CREATE INDEX messaging_t_user_id_82a960_idx ON public.messaging_typingindicator USING btree (user_id, updated_at);


--
-- Name: messaging_typingindicator_conversation_id_34dcb1a8; Type: INDEX; Schema: public; Owner: estuary
--

CREATE INDEX messaging_typingindicator_conversation_id_34dcb1a8 ON public.messaging_typingindicator USING btree (conversation_id);


--
-- Name: messaging_typingindicator_user_id_555a6ada; Type: INDEX; Schema: public; Owner: estuary
--

CREATE INDEX messaging_typingindicator_user_id_555a6ada ON public.messaging_typingindicator USING btree (user_id);


--
-- Name: onb_status_idx; Type: INDEX; Schema: public; Owner: estuary
--

CREATE INDEX onb_status_idx ON public.practitioner_onboarding_progress USING btree (status);


--
-- Name: onb_step_idx; Type: INDEX; Schema: public; Owner: estuary
--

CREATE INDEX onb_step_idx ON public.practitioner_onboarding_progress USING btree (current_step);


--
-- Name: out_of_office_practitioner_id_3e8de284; Type: INDEX; Schema: public; Owner: estuary
--

CREATE INDEX out_of_office_practitioner_id_3e8de284 ON public.out_of_office USING btree (practitioner_id);


--
-- Name: package_com_package_2c7b95_idx; Type: INDEX; Schema: public; Owner: estuary
--

CREATE INDEX package_com_package_2c7b95_idx ON public.package_completion_records USING btree (package_booking_id);


--
-- Name: package_com_payout__37af23_idx; Type: INDEX; Schema: public; Owner: estuary
--

CREATE INDEX package_com_payout__37af23_idx ON public.package_completion_records USING btree (payout_processed);


--
-- Name: package_com_status_2e2c7e_idx; Type: INDEX; Schema: public; Owner: estuary
--

CREATE INDEX package_com_status_2e2c7e_idx ON public.package_completion_records USING btree (status);


--
-- Name: payments_ea_booking_59408d_idx; Type: INDEX; Schema: public; Owner: estuary
--

CREATE INDEX payments_ea_booking_59408d_idx ON public.payments_earningstransaction USING btree (booking_id);


--
-- Name: payments_ea_payout__92144d_idx; Type: INDEX; Schema: public; Owner: estuary
--

CREATE INDEX payments_ea_payout__92144d_idx ON public.payments_earningstransaction USING btree (payout_id);


--
-- Name: payments_ea_practit_253564_idx; Type: INDEX; Schema: public; Owner: estuary
--

CREATE INDEX payments_ea_practit_253564_idx ON public.payments_earningstransaction USING btree (practitioner_id, status);


--
-- Name: payments_ea_status_8ab71b_idx; Type: INDEX; Schema: public; Owner: estuary
--

CREATE INDEX payments_ea_status_8ab71b_idx ON public.payments_earningstransaction USING btree (status, available_after);


--
-- Name: payments_earningstransaction_booking_id_8fbbfa83; Type: INDEX; Schema: public; Owner: estuary
--

CREATE INDEX payments_earningstransaction_booking_id_8fbbfa83 ON public.payments_earningstransaction USING btree (booking_id);


--
-- Name: payments_earningstransaction_payout_id_9b7f99bb; Type: INDEX; Schema: public; Owner: estuary
--

CREATE INDEX payments_earningstransaction_payout_id_9b7f99bb ON public.payments_earningstransaction USING btree (payout_id);


--
-- Name: payments_earningstransaction_practitioner_id_d408a763; Type: INDEX; Schema: public; Owner: estuary
--

CREATE INDEX payments_earningstransaction_practitioner_id_d408a763 ON public.payments_earningstransaction USING btree (practitioner_id);


--
-- Name: payments_or_order_t_f61db5_idx; Type: INDEX; Schema: public; Owner: estuary
--

CREATE INDEX payments_or_order_t_f61db5_idx ON public.payments_order USING btree (order_type);


--
-- Name: payments_or_practit_1655d9_idx; Type: INDEX; Schema: public; Owner: estuary
--

CREATE INDEX payments_or_practit_1655d9_idx ON public.payments_order USING btree (practitioner_id, created_at);


--
-- Name: payments_or_status_99bb2e_idx; Type: INDEX; Schema: public; Owner: estuary
--

CREATE INDEX payments_or_status_99bb2e_idx ON public.payments_order USING btree (status, created_at);


--
-- Name: payments_or_stripe__94121c_idx; Type: INDEX; Schema: public; Owner: estuary
--

CREATE INDEX payments_or_stripe__94121c_idx ON public.payments_order USING btree (stripe_payment_intent_id);


--
-- Name: payments_or_user_id_f610cb_idx; Type: INDEX; Schema: public; Owner: estuary
--

CREATE INDEX payments_or_user_id_f610cb_idx ON public.payments_order USING btree (user_id, created_at);


--
-- Name: payments_order_practitioner_id_9a46a991; Type: INDEX; Schema: public; Owner: estuary
--

CREATE INDEX payments_order_practitioner_id_9a46a991 ON public.payments_order USING btree (practitioner_id);


--
-- Name: payments_order_service_id_b1dc65dd; Type: INDEX; Schema: public; Owner: estuary
--

CREATE INDEX payments_order_service_id_b1dc65dd ON public.payments_order USING btree (service_id);


--
-- Name: payments_order_user_id_50e0f630; Type: INDEX; Schema: public; Owner: estuary
--

CREATE INDEX payments_order_user_id_50e0f630 ON public.payments_order USING btree (user_id);


--
-- Name: payments_pa_stripe__ffc15c_idx; Type: INDEX; Schema: public; Owner: estuary
--

CREATE INDEX payments_pa_stripe__ffc15c_idx ON public.payments_paymentmethod USING btree (stripe_payment_method_id);


--
-- Name: payments_pa_user_id_61fd94_idx; Type: INDEX; Schema: public; Owner: estuary
--

CREATE INDEX payments_pa_user_id_61fd94_idx ON public.payments_paymentmethod USING btree (user_id, is_default);


--
-- Name: payments_pa_user_id_bd2d73_idx; Type: INDEX; Schema: public; Owner: estuary
--

CREATE INDEX payments_pa_user_id_bd2d73_idx ON public.payments_paymentmethod USING btree (user_id, is_active);


--
-- Name: payments_paymentmethod_one_default_per_user; Type: INDEX; Schema: public; Owner: estuary
--

CREATE UNIQUE INDEX payments_paymentmethod_one_default_per_user ON public.payments_paymentmethod USING btree (user_id) WHERE is_default;


--
-- Name: payments_paymentmethod_stripe_payment_method_id_7eb0e5a3_like; Type: INDEX; Schema: public; Owner: estuary
--

CREATE INDEX payments_paymentmethod_stripe_payment_method_id_7eb0e5a3_like ON public.payments_paymentmethod USING btree (stripe_payment_method_id varchar_pattern_ops);


--
-- Name: payments_paymentmethod_user_id_920d7ec9; Type: INDEX; Schema: public; Owner: estuary
--

CREATE INDEX payments_paymentmethod_user_id_920d7ec9 ON public.payments_paymentmethod USING btree (user_id);


--
-- Name: payments_pr_availab_35ea78_idx; Type: INDEX; Schema: public; Owner: estuary
--

CREATE INDEX payments_pr_availab_35ea78_idx ON public.payments_practitionerearnings USING btree (available_balance_cents);


--
-- Name: payments_pr_batch_i_92f95a_idx; Type: INDEX; Schema: public; Owner: estuary
--

CREATE INDEX payments_pr_batch_i_92f95a_idx ON public.payments_practitionerpayout USING btree (batch_id);


--
-- Name: payments_pr_payout__89be5e_idx; Type: INDEX; Schema: public; Owner: estuary
--

CREATE INDEX payments_pr_payout__89be5e_idx ON public.payments_practitionerpayout USING btree (payout_date);


--
-- Name: payments_pr_practit_433ed0_idx; Type: INDEX; Schema: public; Owner: estuary
--

CREATE INDEX payments_pr_practit_433ed0_idx ON public.payments_practitionerpayout USING btree (practitioner_id);


--
-- Name: payments_pr_practit_6af031_idx; Type: INDEX; Schema: public; Owner: estuary
--

CREATE INDEX payments_pr_practit_6af031_idx ON public.payments_practitionerearnings USING btree (practitioner_id);


--
-- Name: payments_pr_status_e4252d_idx; Type: INDEX; Schema: public; Owner: estuary
--

CREATE INDEX payments_pr_status_e4252d_idx ON public.payments_practitionerpayout USING btree (status);


--
-- Name: payments_practitionerpayout_practitioner_id_e6d2c581; Type: INDEX; Schema: public; Owner: estuary
--

CREATE INDEX payments_practitionerpayout_practitioner_id_e6d2c581 ON public.payments_practitionerpayout USING btree (practitioner_id);


--
-- Name: payments_practitionerpayout_processed_by_id_2cd750d3; Type: INDEX; Schema: public; Owner: estuary
--

CREATE INDEX payments_practitionerpayout_processed_by_id_2cd750d3 ON public.payments_practitionerpayout USING btree (processed_by_id);


--
-- Name: payments_us_balance_af4d5c_idx; Type: INDEX; Schema: public; Owner: estuary
--

CREATE INDEX payments_us_balance_af4d5c_idx ON public.payments_usercreditbalance USING btree (balance_cents);


--
-- Name: payments_us_booking_5eb801_idx; Type: INDEX; Schema: public; Owner: estuary
--

CREATE INDEX payments_us_booking_5eb801_idx ON public.payments_usercredittransaction USING btree (booking_id);


--
-- Name: payments_us_expires_094a93_idx; Type: INDEX; Schema: public; Owner: estuary
--

CREATE INDEX payments_us_expires_094a93_idx ON public.payments_usercredittransaction USING btree (expires_at);


--
-- Name: payments_us_order_i_7b7e95_idx; Type: INDEX; Schema: public; Owner: estuary
--

CREATE INDEX payments_us_order_i_7b7e95_idx ON public.payments_usercredittransaction USING btree (order_id);


--
-- Name: payments_us_practit_ae08e8_idx; Type: INDEX; Schema: public; Owner: estuary
--

CREATE INDEX payments_us_practit_ae08e8_idx ON public.payments_usercredittransaction USING btree (practitioner_id, created_at);


--
-- Name: payments_us_transac_2c5a3a_idx; Type: INDEX; Schema: public; Owner: estuary
--

CREATE INDEX payments_us_transac_2c5a3a_idx ON public.payments_usercredittransaction USING btree (transaction_type, created_at);


--
-- Name: payments_us_user_id_502330_idx; Type: INDEX; Schema: public; Owner: estuary
--

CREATE INDEX payments_us_user_id_502330_idx ON public.payments_usercredittransaction USING btree (user_id, created_at);


--
-- Name: payments_us_user_id_cc2aac_idx; Type: INDEX; Schema: public; Owner: estuary
--

CREATE INDEX payments_us_user_id_cc2aac_idx ON public.payments_usercreditbalance USING btree (user_id);


--
-- Name: payments_usercreditbalance_last_transaction_id_09eb1613; Type: INDEX; Schema: public; Owner: estuary
--

CREATE INDEX payments_usercreditbalance_last_transaction_id_09eb1613 ON public.payments_usercreditbalance USING btree (last_transaction_id);


--
-- Name: payments_usercredittransac_reference_transaction_id_9e1ebd2b; Type: INDEX; Schema: public; Owner: estuary
--

CREATE INDEX payments_usercredittransac_reference_transaction_id_9e1ebd2b ON public.payments_usercredittransaction USING btree (reference_transaction_id);


--
-- Name: payments_usercredittransaction_booking_id_f9d60fd0; Type: INDEX; Schema: public; Owner: estuary
--

CREATE INDEX payments_usercredittransaction_booking_id_f9d60fd0 ON public.payments_usercredittransaction USING btree (booking_id);


--
-- Name: payments_usercredittransaction_order_id_e5119af3; Type: INDEX; Schema: public; Owner: estuary
--

CREATE INDEX payments_usercredittransaction_order_id_e5119af3 ON public.payments_usercredittransaction USING btree (order_id);


--
-- Name: payments_usercredittransaction_practitioner_id_ed811c3f; Type: INDEX; Schema: public; Owner: estuary
--

CREATE INDEX payments_usercredittransaction_practitioner_id_ed811c3f ON public.payments_usercredittransaction USING btree (practitioner_id);


--
-- Name: payments_usercredittransaction_service_id_847b60de; Type: INDEX; Schema: public; Owner: estuary
--

CREATE INDEX payments_usercredittransaction_service_id_847b60de ON public.payments_usercredittransaction USING btree (service_id);


--
-- Name: payments_usercredittransaction_user_id_480e90b2; Type: INDEX; Schema: public; Owner: estuary
--

CREATE INDEX payments_usercredittransaction_user_id_480e90b2 ON public.payments_usercredittransaction USING btree (user_id);


--
-- Name: practitione_client__292e5d_idx; Type: INDEX; Schema: public; Owner: estuary
--

CREATE INDEX practitione_client__292e5d_idx ON public.practitioners_clientnote USING btree (client_id);


--
-- Name: practitione_date_ec9c4a_idx; Type: INDEX; Schema: public; Owner: estuary
--

CREATE INDEX practitione_date_ec9c4a_idx ON public.practitioner_performance USING btree (date);


--
-- Name: practitione_end_dat_1a96e6_idx; Type: INDEX; Schema: public; Owner: estuary
--

CREATE INDEX practitione_end_dat_1a96e6_idx ON public.practitioner_subscriptions USING btree (end_date);


--
-- Name: practitione_feature_673f5d_idx; Type: INDEX; Schema: public; Owner: estuary
--

CREATE INDEX practitione_feature_673f5d_idx ON public.practitioners_practitioner USING btree (featured);


--
-- Name: practitione_is_veri_445ade_idx; Type: INDEX; Schema: public; Owner: estuary
--

CREATE INDEX practitione_is_veri_445ade_idx ON public.practitioners_practitioner USING btree (is_verified, practitioner_status);


--
-- Name: practitione_next_av_6bdfcf_idx; Type: INDEX; Schema: public; Owner: estuary
--

CREATE INDEX practitione_next_av_6bdfcf_idx ON public.practitioners_practitioner USING btree (next_available_date);


--
-- Name: practitione_practit_11856a_idx; Type: INDEX; Schema: public; Owner: estuary
--

CREATE INDEX practitione_practit_11856a_idx ON public.practitioners_clientnote USING btree (practitioner_id, client_id, created_at DESC);


--
-- Name: practitione_practit_1c098c_idx; Type: INDEX; Schema: public; Owner: estuary
--

CREATE INDEX practitione_practit_1c098c_idx ON public.practitioner_subscriptions USING btree (practitioner_id);


--
-- Name: practitione_practit_43bb21_idx; Type: INDEX; Schema: public; Owner: estuary
--

CREATE INDEX practitione_practit_43bb21_idx ON public.practitioners_practitioner USING btree (practitioner_status);


--
-- Name: practitione_practit_7e8148_idx; Type: INDEX; Schema: public; Owner: estuary
--

CREATE INDEX practitione_practit_7e8148_idx ON public.practitioners_clientnote USING btree (practitioner_id, created_at DESC);


--
-- Name: practitione_practit_dfd7f0_idx; Type: INDEX; Schema: public; Owner: estuary
--

CREATE INDEX practitione_practit_dfd7f0_idx ON public.practitioner_performance USING btree (practitioner_id, date);


--
-- Name: practitione_slug_715d95_idx; Type: INDEX; Schema: public; Owner: estuary
--

CREATE INDEX practitione_slug_715d95_idx ON public.practitioners_practitioner USING btree (slug);


--
-- Name: practitione_start_d_ccbbde_idx; Type: INDEX; Schema: public; Owner: estuary
--

CREATE INDEX practitione_start_d_ccbbde_idx ON public.practitioner_subscriptions USING btree (start_date);


--
-- Name: practitione_status_b418b2_idx; Type: INDEX; Schema: public; Owner: estuary
--

CREATE INDEX practitione_status_b418b2_idx ON public.practitioner_subscriptions USING btree (status);


--
-- Name: practitione_user_id_60db77_idx; Type: INDEX; Schema: public; Owner: estuary
--

CREATE INDEX practitione_user_id_60db77_idx ON public.practitioners_practitioner USING btree (user_id);


--
-- Name: practitioner_performance_practitioner_id_3ee50010; Type: INDEX; Schema: public; Owner: estuary
--

CREATE INDEX practitioner_performance_practitioner_id_3ee50010 ON public.practitioner_performance USING btree (practitioner_id);


--
-- Name: practitioner_subscriptions_practitioner_id_f66cfee7; Type: INDEX; Schema: public; Owner: estuary
--

CREATE INDEX practitioner_subscriptions_practitioner_id_f66cfee7 ON public.practitioner_subscriptions USING btree (practitioner_id);


--
-- Name: practitioner_subscriptions_tier_id_9fb8d97d; Type: INDEX; Schema: public; Owner: estuary
--

CREATE INDEX practitioner_subscriptions_tier_id_9fb8d97d ON public.practitioner_subscriptions USING btree (tier_id);


--
-- Name: practitioners_clientnote_client_id_171eeed9; Type: INDEX; Schema: public; Owner: estuary
--

CREATE INDEX practitioners_clientnote_client_id_171eeed9 ON public.practitioners_clientnote USING btree (client_id);


--
-- Name: practitioners_clientnote_practitioner_id_4a49fcad; Type: INDEX; Schema: public; Owner: estuary
--

CREATE INDEX practitioners_clientnote_practitioner_id_4a49fcad ON public.practitioners_clientnote USING btree (practitioner_id);


--
-- Name: practitioners_practitioner_certification_id_a905db91; Type: INDEX; Schema: public; Owner: estuary
--

CREATE INDEX practitioners_practitioner_certification_id_a905db91 ON public.practitioners_practitioner_certifications USING btree (certification_id);


--
-- Name: practitioners_practitioner_educations_education_id_fda80aec; Type: INDEX; Schema: public; Owner: estuary
--

CREATE INDEX practitioners_practitioner_educations_education_id_fda80aec ON public.practitioners_practitioner_educations USING btree (education_id);


--
-- Name: practitioners_practitioner_educations_practitioner_id_5abe08ea; Type: INDEX; Schema: public; Owner: estuary
--

CREATE INDEX practitioners_practitioner_educations_practitioner_id_5abe08ea ON public.practitioners_practitioner_educations USING btree (practitioner_id);


--
-- Name: practitioners_practitioner_modalities_modality_id_db21fea5; Type: INDEX; Schema: public; Owner: estuary
--

CREATE INDEX practitioners_practitioner_modalities_modality_id_db21fea5 ON public.practitioners_practitioner_modalities USING btree (modality_id);


--
-- Name: practitioners_practitioner_modalities_practitioner_id_730c678a; Type: INDEX; Schema: public; Owner: estuary
--

CREATE INDEX practitioners_practitioner_modalities_practitioner_id_730c678a ON public.practitioners_practitioner_modalities USING btree (practitioner_id);


--
-- Name: practitioners_practitioner_practitioner_id_3f366398; Type: INDEX; Schema: public; Owner: estuary
--

CREATE INDEX practitioners_practitioner_practitioner_id_3f366398 ON public.practitioners_practitioner_certifications USING btree (practitioner_id);


--
-- Name: practitioners_practitioner_practitioner_id_762fa13e; Type: INDEX; Schema: public; Owner: estuary
--

CREATE INDEX practitioners_practitioner_practitioner_id_762fa13e ON public.practitioners_practitioner_specializations USING btree (practitioner_id);


--
-- Name: practitioners_practitioner_primary_location_id_74fff835; Type: INDEX; Schema: public; Owner: estuary
--

CREATE INDEX practitioners_practitioner_primary_location_id_74fff835 ON public.practitioners_practitioner USING btree (primary_location_id);


--
-- Name: practitioners_practitioner_questions_practitioner_id_c6081ff5; Type: INDEX; Schema: public; Owner: estuary
--

CREATE INDEX practitioners_practitioner_questions_practitioner_id_c6081ff5 ON public.practitioners_practitioner_questions USING btree (practitioner_id);


--
-- Name: practitioners_practitioner_questions_question_id_405534b9; Type: INDEX; Schema: public; Owner: estuary
--

CREATE INDEX practitioners_practitioner_questions_question_id_405534b9 ON public.practitioners_practitioner_questions USING btree (question_id);


--
-- Name: practitioners_practitioner_slug_6b185b18_like; Type: INDEX; Schema: public; Owner: estuary
--

CREATE INDEX practitioners_practitioner_slug_6b185b18_like ON public.practitioners_practitioner USING btree (slug varchar_pattern_ops);


--
-- Name: practitioners_practitioner_specialize_id_465b80cc; Type: INDEX; Schema: public; Owner: estuary
--

CREATE INDEX practitioners_practitioner_specialize_id_465b80cc ON public.practitioners_practitioner_specializations USING btree (specialize_id);


--
-- Name: practitioners_practitioner_styles_practitioner_id_63365fc0; Type: INDEX; Schema: public; Owner: estuary
--

CREATE INDEX practitioners_practitioner_styles_practitioner_id_63365fc0 ON public.practitioners_practitioner_styles USING btree (practitioner_id);


--
-- Name: practitioners_practitioner_styles_style_id_ab6e0561; Type: INDEX; Schema: public; Owner: estuary
--

CREATE INDEX practitioners_practitioner_styles_style_id_ab6e0561 ON public.practitioners_practitioner_styles USING btree (style_id);


--
-- Name: practitioners_practitioner_topics_practitioner_id_52be70ce; Type: INDEX; Schema: public; Owner: estuary
--

CREATE INDEX practitioners_practitioner_topics_practitioner_id_52be70ce ON public.practitioners_practitioner_topics USING btree (practitioner_id);


--
-- Name: practitioners_practitioner_topics_topic_id_be30d960; Type: INDEX; Schema: public; Owner: estuary
--

CREATE INDEX practitioners_practitioner_topics_topic_id_be30d960 ON public.practitioners_practitioner_topics USING btree (topic_id);


--
-- Name: practitioners_schedule_practitioner_id_2627aa03; Type: INDEX; Schema: public; Owner: estuary
--

CREATE INDEX practitioners_schedule_practitioner_id_2627aa03 ON public.practitioners_schedule USING btree (practitioner_id);


--
-- Name: practitioners_schedulepreference_country_id_b67d47d8; Type: INDEX; Schema: public; Owner: estuary
--

CREATE INDEX practitioners_schedulepreference_country_id_b67d47d8 ON public.practitioners_schedulepreference USING btree (country_id);


--
-- Name: practitioners_scheduletimeslot_schedule_id_34768378; Type: INDEX; Schema: public; Owner: estuary
--

CREATE INDEX practitioners_scheduletimeslot_schedule_id_34768378 ON public.practitioners_scheduletimeslot USING btree (schedule_id);


--
-- Name: practitioners_serviceschedule_practitioner_id_5b5aa5b0; Type: INDEX; Schema: public; Owner: estuary
--

CREATE INDEX practitioners_serviceschedule_practitioner_id_5b5aa5b0 ON public.practitioners_serviceschedule USING btree (practitioner_id);


--
-- Name: practitioners_serviceschedule_service_id_63c02767; Type: INDEX; Schema: public; Owner: estuary
--

CREATE INDEX practitioners_serviceschedule_service_id_63c02767 ON public.practitioners_serviceschedule USING btree (service_id);


--
-- Name: reviews_rev_applies_31f298_idx; Type: INDEX; Schema: public; Owner: estuary
--

CREATE INDEX reviews_rev_applies_31f298_idx ON public.reviews_reviewquestion USING btree (applies_to);


--
-- Name: reviews_rev_booking_3929ad_idx; Type: INDEX; Schema: public; Owner: estuary
--

CREATE INDEX reviews_rev_booking_3929ad_idx ON public.reviews_review USING btree (booking_id);


--
-- Name: reviews_rev_created_bdcc91_idx; Type: INDEX; Schema: public; Owner: estuary
--

CREATE INDEX reviews_rev_created_bdcc91_idx ON public.reviews_review USING btree (created_at);


--
-- Name: reviews_rev_is_acti_6543e3_idx; Type: INDEX; Schema: public; Owner: estuary
--

CREATE INDEX reviews_rev_is_acti_6543e3_idx ON public.reviews_reviewquestion USING btree (is_active, "order");


--
-- Name: reviews_rev_is_reso_735411_idx; Type: INDEX; Schema: public; Owner: estuary
--

CREATE INDEX reviews_rev_is_reso_735411_idx ON public.reviews_reviewreport USING btree (is_resolved, created_at);


--
-- Name: reviews_rev_is_veri_8c5ec6_idx; Type: INDEX; Schema: public; Owner: estuary
--

CREATE INDEX reviews_rev_is_veri_8c5ec6_idx ON public.reviews_review USING btree (is_verified, is_published);


--
-- Name: reviews_rev_practit_f0c269_idx; Type: INDEX; Schema: public; Owner: estuary
--

CREATE INDEX reviews_rev_practit_f0c269_idx ON public.reviews_review USING btree (practitioner_id, is_published);


--
-- Name: reviews_rev_questio_5bd643_idx; Type: INDEX; Schema: public; Owner: estuary
--

CREATE INDEX reviews_rev_questio_5bd643_idx ON public.reviews_reviewanswer USING btree (question_id);


--
-- Name: reviews_rev_rating_ad01b8_idx; Type: INDEX; Schema: public; Owner: estuary
--

CREATE INDEX reviews_rev_rating_ad01b8_idx ON public.reviews_review USING btree (rating, is_published);


--
-- Name: reviews_rev_reason_dbc9f9_idx; Type: INDEX; Schema: public; Owner: estuary
--

CREATE INDEX reviews_rev_reason_dbc9f9_idx ON public.reviews_reviewreport USING btree (reason);


--
-- Name: reviews_rev_review__27ae74_idx; Type: INDEX; Schema: public; Owner: estuary
--

CREATE INDEX reviews_rev_review__27ae74_idx ON public.reviews_reviewreport USING btree (review_id);


--
-- Name: reviews_rev_review__608f80_idx; Type: INDEX; Schema: public; Owner: estuary
--

CREATE INDEX reviews_rev_review__608f80_idx ON public.reviews_reviewanswer USING btree (review_id);


--
-- Name: reviews_rev_review__a1a2ab_idx; Type: INDEX; Schema: public; Owner: estuary
--

CREATE INDEX reviews_rev_review__a1a2ab_idx ON public.reviews_reviewvote USING btree (review_id, is_helpful);


--
-- Name: reviews_rev_service_7c9b7f_idx; Type: INDEX; Schema: public; Owner: estuary
--

CREATE INDEX reviews_rev_service_7c9b7f_idx ON public.reviews_review USING btree (service_id, is_published);


--
-- Name: reviews_rev_user_id_8bdf16_idx; Type: INDEX; Schema: public; Owner: estuary
--

CREATE INDEX reviews_rev_user_id_8bdf16_idx ON public.reviews_reviewvote USING btree (user_id);


--
-- Name: reviews_rev_user_id_a65d48_idx; Type: INDEX; Schema: public; Owner: estuary
--

CREATE INDEX reviews_rev_user_id_a65d48_idx ON public.reviews_review USING btree (user_id);


--
-- Name: reviews_review_booking_id_c8b83bac; Type: INDEX; Schema: public; Owner: estuary
--

CREATE INDEX reviews_review_booking_id_c8b83bac ON public.reviews_review USING btree (booking_id);


--
-- Name: reviews_review_practitioner_id_42c3b7bf; Type: INDEX; Schema: public; Owner: estuary
--

CREATE INDEX reviews_review_practitioner_id_42c3b7bf ON public.reviews_review USING btree (practitioner_id);


--
-- Name: reviews_review_service_id_8aaf292d; Type: INDEX; Schema: public; Owner: estuary
--

CREATE INDEX reviews_review_service_id_8aaf292d ON public.reviews_review USING btree (service_id);


--
-- Name: reviews_review_user_id_875caff2; Type: INDEX; Schema: public; Owner: estuary
--

CREATE INDEX reviews_review_user_id_875caff2 ON public.reviews_review USING btree (user_id);


--
-- Name: reviews_reviewanswer_question_id_59b5487e; Type: INDEX; Schema: public; Owner: estuary
--

CREATE INDEX reviews_reviewanswer_question_id_59b5487e ON public.reviews_reviewanswer USING btree (question_id);


--
-- Name: reviews_reviewanswer_review_id_78a8b911; Type: INDEX; Schema: public; Owner: estuary
--

CREATE INDEX reviews_reviewanswer_review_id_78a8b911 ON public.reviews_reviewanswer USING btree (review_id);


--
-- Name: reviews_reviewreport_resolved_by_id_a6a79622; Type: INDEX; Schema: public; Owner: estuary
--

CREATE INDEX reviews_reviewreport_resolved_by_id_a6a79622 ON public.reviews_reviewreport USING btree (resolved_by_id);


--
-- Name: reviews_reviewreport_review_id_b7dfcfca; Type: INDEX; Schema: public; Owner: estuary
--

CREATE INDEX reviews_reviewreport_review_id_b7dfcfca ON public.reviews_reviewreport USING btree (review_id);


--
-- Name: reviews_reviewreport_user_id_d02051fa; Type: INDEX; Schema: public; Owner: estuary
--

CREATE INDEX reviews_reviewreport_user_id_d02051fa ON public.reviews_reviewreport USING btree (user_id);


--
-- Name: reviews_reviewvote_review_id_0cdb7cab; Type: INDEX; Schema: public; Owner: estuary
--

CREATE INDEX reviews_reviewvote_review_id_0cdb7cab ON public.reviews_reviewvote USING btree (review_id);


--
-- Name: reviews_reviewvote_user_id_595149a6; Type: INDEX; Schema: public; Owner: estuary
--

CREATE INDEX reviews_reviewvote_user_id_595149a6 ON public.reviews_reviewvote USING btree (user_id);


--
-- Name: rooms_room_booking_8456c7_idx; Type: INDEX; Schema: public; Owner: estuary
--

CREATE INDEX rooms_room_booking_8456c7_idx ON public.rooms_room USING btree (booking_id);


--
-- Name: rooms_room_livekit_63994b_idx; Type: INDEX; Schema: public; Owner: estuary
--

CREATE INDEX rooms_room_livekit_63994b_idx ON public.rooms_room USING btree (livekit_room_name);


--
-- Name: rooms_room_livekit_room_name_f9f62303_like; Type: INDEX; Schema: public; Owner: estuary
--

CREATE INDEX rooms_room_livekit_room_name_f9f62303_like ON public.rooms_room USING btree (livekit_room_name varchar_pattern_ops);


--
-- Name: rooms_room_livekit_room_sid_4bcdf117_like; Type: INDEX; Schema: public; Owner: estuary
--

CREATE INDEX rooms_room_livekit_room_sid_4bcdf117_like ON public.rooms_room USING btree (livekit_room_sid varchar_pattern_ops);


--
-- Name: rooms_room_name_ee62aac2_like; Type: INDEX; Schema: public; Owner: estuary
--

CREATE INDEX rooms_room_name_ee62aac2_like ON public.rooms_room USING btree (name varchar_pattern_ops);


--
-- Name: rooms_room_schedul_f1ec4e_idx; Type: INDEX; Schema: public; Owner: estuary
--

CREATE INDEX rooms_room_schedul_f1ec4e_idx ON public.rooms_room USING btree (scheduled_start);


--
-- Name: rooms_room_service_86ecca_idx; Type: INDEX; Schema: public; Owner: estuary
--

CREATE INDEX rooms_room_service_86ecca_idx ON public.rooms_room USING btree (service_session_id);


--
-- Name: rooms_room_status_576d1d_idx; Type: INDEX; Schema: public; Owner: estuary
--

CREATE INDEX rooms_room_status_576d1d_idx ON public.rooms_room USING btree (status, created_at);


--
-- Name: rooms_room_template_id_add9921f; Type: INDEX; Schema: public; Owner: estuary
--

CREATE INDEX rooms_room_template_id_add9921f ON public.rooms_room USING btree (template_id);


--
-- Name: rooms_roomb_booking_daf2ab_idx; Type: INDEX; Schema: public; Owner: estuary
--

CREATE INDEX rooms_roomb_booking_daf2ab_idx ON public.rooms_roombookingrelation USING btree (booking_id);


--
-- Name: rooms_roomb_room_id_ac5e77_idx; Type: INDEX; Schema: public; Owner: estuary
--

CREATE INDEX rooms_roomb_room_id_ac5e77_idx ON public.rooms_roombookingrelation USING btree (room_id);


--
-- Name: rooms_roombookingrelation_booking_id_738ce854; Type: INDEX; Schema: public; Owner: estuary
--

CREATE INDEX rooms_roombookingrelation_booking_id_738ce854 ON public.rooms_roombookingrelation USING btree (booking_id);


--
-- Name: rooms_roombookingrelation_room_id_26c86fec; Type: INDEX; Schema: public; Owner: estuary
--

CREATE INDEX rooms_roombookingrelation_room_id_26c86fec ON public.rooms_roombookingrelation USING btree (room_id);


--
-- Name: rooms_roomp_partici_b7c8bb_idx; Type: INDEX; Schema: public; Owner: estuary
--

CREATE INDEX rooms_roomp_partici_b7c8bb_idx ON public.rooms_roomparticipant USING btree (participant_sid);


--
-- Name: rooms_roomp_room_id_c911db_idx; Type: INDEX; Schema: public; Owner: estuary
--

CREATE INDEX rooms_roomp_room_id_c911db_idx ON public.rooms_roomparticipant USING btree (room_id, user_id);


--
-- Name: rooms_roomparticipant_room_id_03271fa5; Type: INDEX; Schema: public; Owner: estuary
--

CREATE INDEX rooms_roomparticipant_room_id_03271fa5 ON public.rooms_roomparticipant USING btree (room_id);


--
-- Name: rooms_roomparticipant_user_id_5a5ff12b; Type: INDEX; Schema: public; Owner: estuary
--

CREATE INDEX rooms_roomparticipant_user_id_5a5ff12b ON public.rooms_roomparticipant USING btree (user_id);


--
-- Name: rooms_roomr_recordi_ac41e7_idx; Type: INDEX; Schema: public; Owner: estuary
--

CREATE INDEX rooms_roomr_recordi_ac41e7_idx ON public.rooms_roomrecording USING btree (recording_id);


--
-- Name: rooms_roomr_room_id_5518e2_idx; Type: INDEX; Schema: public; Owner: estuary
--

CREATE INDEX rooms_roomr_room_id_5518e2_idx ON public.rooms_roomrecording USING btree (room_id, status);


--
-- Name: rooms_roomrecording_egress_id_82b7f25e_like; Type: INDEX; Schema: public; Owner: estuary
--

CREATE INDEX rooms_roomrecording_egress_id_82b7f25e_like ON public.rooms_roomrecording USING btree (egress_id varchar_pattern_ops);


--
-- Name: rooms_roomrecording_recording_id_fe3aab53_like; Type: INDEX; Schema: public; Owner: estuary
--

CREATE INDEX rooms_roomrecording_recording_id_fe3aab53_like ON public.rooms_roomrecording USING btree (recording_id varchar_pattern_ops);


--
-- Name: rooms_roomrecording_room_id_2cd7cc18; Type: INDEX; Schema: public; Owner: estuary
--

CREATE INDEX rooms_roomrecording_room_id_2cd7cc18 ON public.rooms_roomrecording USING btree (room_id);


--
-- Name: rooms_roomt_expires_b4d0a2_idx; Type: INDEX; Schema: public; Owner: estuary
--

CREATE INDEX rooms_roomt_expires_b4d0a2_idx ON public.rooms_roomtoken USING btree (expires_at);


--
-- Name: rooms_roomt_is_used_7bfe23_idx; Type: INDEX; Schema: public; Owner: estuary
--

CREATE INDEX rooms_roomt_is_used_7bfe23_idx ON public.rooms_roomtoken USING btree (is_used, is_revoked);


--
-- Name: rooms_roomt_token_4207d2_idx; Type: INDEX; Schema: public; Owner: estuary
--

CREATE INDEX rooms_roomt_token_4207d2_idx ON public.rooms_roomtoken USING btree (token);


--
-- Name: rooms_roomt_user_id_45aff6_idx; Type: INDEX; Schema: public; Owner: estuary
--

CREATE INDEX rooms_roomt_user_id_45aff6_idx ON public.rooms_roomtoken USING btree (user_id, room_id);


--
-- Name: rooms_roomtemplate_name_d4e8b590_like; Type: INDEX; Schema: public; Owner: estuary
--

CREATE INDEX rooms_roomtemplate_name_d4e8b590_like ON public.rooms_roomtemplate USING btree (name varchar_pattern_ops);


--
-- Name: rooms_roomtoken_participant_id_e8745e53; Type: INDEX; Schema: public; Owner: estuary
--

CREATE INDEX rooms_roomtoken_participant_id_e8745e53 ON public.rooms_roomtoken USING btree (participant_id);


--
-- Name: rooms_roomtoken_room_id_10b43fac; Type: INDEX; Schema: public; Owner: estuary
--

CREATE INDEX rooms_roomtoken_room_id_10b43fac ON public.rooms_roomtoken USING btree (room_id);


--
-- Name: rooms_roomtoken_token_370740d8_like; Type: INDEX; Schema: public; Owner: estuary
--

CREATE INDEX rooms_roomtoken_token_370740d8_like ON public.rooms_roomtoken USING btree (token text_pattern_ops);


--
-- Name: rooms_roomtoken_user_id_9acf1a73; Type: INDEX; Schema: public; Owner: estuary
--

CREATE INDEX rooms_roomtoken_user_id_9acf1a73 ON public.rooms_roomtoken USING btree (user_id);


--
-- Name: rooms_video_expires_f92ee3_idx; Type: INDEX; Schema: public; Owner: estuary
--

CREATE INDEX rooms_video_expires_f92ee3_idx ON public.rooms_videotoken USING btree (expires_at);


--
-- Name: rooms_video_is_used_c07af6_idx; Type: INDEX; Schema: public; Owner: estuary
--

CREATE INDEX rooms_video_is_used_c07af6_idx ON public.rooms_videotoken USING btree (is_used, is_revoked);


--
-- Name: rooms_video_token_d0976c_idx; Type: INDEX; Schema: public; Owner: estuary
--

CREATE INDEX rooms_video_token_d0976c_idx ON public.rooms_videotoken USING btree (token);


--
-- Name: rooms_video_user_id_d3f38c_idx; Type: INDEX; Schema: public; Owner: estuary
--

CREATE INDEX rooms_video_user_id_d3f38c_idx ON public.rooms_videotoken USING btree (user_id, room_id);


--
-- Name: rooms_videotoken_booking_id_551ffa92; Type: INDEX; Schema: public; Owner: estuary
--

CREATE INDEX rooms_videotoken_booking_id_551ffa92 ON public.rooms_videotoken USING btree (booking_id);


--
-- Name: rooms_videotoken_room_id_7511464d; Type: INDEX; Schema: public; Owner: estuary
--

CREATE INDEX rooms_videotoken_room_id_7511464d ON public.rooms_videotoken USING btree (room_id);


--
-- Name: rooms_videotoken_token_a0454b80_like; Type: INDEX; Schema: public; Owner: estuary
--

CREATE INDEX rooms_videotoken_token_a0454b80_like ON public.rooms_videotoken USING btree (token text_pattern_ops);


--
-- Name: rooms_videotoken_user_id_4f8c7a7c; Type: INDEX; Schema: public; Owner: estuary
--

CREATE INDEX rooms_videotoken_user_id_4f8c7a7c ON public.rooms_videotoken USING btree (user_id);


--
-- Name: schedule_active_idx; Type: INDEX; Schema: public; Owner: estuary
--

CREATE INDEX schedule_active_idx ON public.practitioners_schedule USING btree (is_active);


--
-- Name: schedule_availabilities_practitioner_id_8319a633; Type: INDEX; Schema: public; Owner: estuary
--

CREATE INDEX schedule_availabilities_practitioner_id_8319a633 ON public.schedule_availabilities USING btree (practitioner_id);


--
-- Name: schedule_availabilities_service_schedule_id_8c7c4277; Type: INDEX; Schema: public; Owner: estuary
--

CREATE INDEX schedule_availabilities_service_schedule_id_8c7c4277 ON public.schedule_availabilities USING btree (service_schedule_id);


--
-- Name: schedule_default_idx; Type: INDEX; Schema: public; Owner: estuary
--

CREATE INDEX schedule_default_idx ON public.practitioners_schedule USING btree (is_default);


--
-- Name: schedule_practitioner_idx; Type: INDEX; Schema: public; Owner: estuary
--

CREATE INDEX schedule_practitioner_idx ON public.practitioners_schedule USING btree (practitioner_id);


--
-- Name: search_anal_query_t_c5f2fd_idx; Type: INDEX; Schema: public; Owner: estuary
--

CREATE INDEX search_anal_query_t_c5f2fd_idx ON public.search_analytics USING btree (query_text);


--
-- Name: search_anal_search__165a25_idx; Type: INDEX; Schema: public; Owner: estuary
--

CREATE INDEX search_anal_search__165a25_idx ON public.search_analytics USING btree (search_date);


--
-- Name: search_anal_user_id_20bbf7_idx; Type: INDEX; Schema: public; Owner: estuary
--

CREATE INDEX search_anal_user_id_20bbf7_idx ON public.search_analytics USING btree (user_id);


--
-- Name: search_analytics_user_id_c799382d; Type: INDEX; Schema: public; Owner: estuary
--

CREATE INDEX search_analytics_user_id_c799382d ON public.search_analytics USING btree (user_id);


--
-- Name: search_logs_created_1842c5_idx; Type: INDEX; Schema: public; Owner: estuary
--

CREATE INDEX search_logs_created_1842c5_idx ON public.search_logs USING btree (created_at);


--
-- Name: search_logs_query_359408f9; Type: INDEX; Schema: public; Owner: estuary
--

CREATE INDEX search_logs_query_359408f9 ON public.search_logs USING btree (query);


--
-- Name: search_logs_query_359408f9_like; Type: INDEX; Schema: public; Owner: estuary
--

CREATE INDEX search_logs_query_359408f9_like ON public.search_logs USING btree (query varchar_pattern_ops);


--
-- Name: search_logs_query_5b6409_idx; Type: INDEX; Schema: public; Owner: estuary
--

CREATE INDEX search_logs_query_5b6409_idx ON public.search_logs USING btree (query);


--
-- Name: search_logs_search__73ec53_idx; Type: INDEX; Schema: public; Owner: estuary
--

CREATE INDEX search_logs_search__73ec53_idx ON public.search_logs USING btree (search_type);


--
-- Name: search_logs_user_id_57f35c_idx; Type: INDEX; Schema: public; Owner: estuary
--

CREATE INDEX search_logs_user_id_57f35c_idx ON public.search_logs USING btree (user_id);


--
-- Name: search_logs_user_id_a26c986c; Type: INDEX; Schema: public; Owner: estuary
--

CREATE INDEX search_logs_user_id_a26c986c ON public.search_logs USING btree (user_id);


--
-- Name: service_ana_date_9ccf02_idx; Type: INDEX; Schema: public; Owner: estuary
--

CREATE INDEX service_ana_date_9ccf02_idx ON public.service_analytics USING btree (date);


--
-- Name: service_ana_service_a7979e_idx; Type: INDEX; Schema: public; Owner: estuary
--

CREATE INDEX service_ana_service_a7979e_idx ON public.service_analytics USING btree (service_id, date);


--
-- Name: service_analytics_service_id_2c9f9fb5; Type: INDEX; Schema: public; Owner: estuary
--

CREATE INDEX service_analytics_service_id_2c9f9fb5 ON public.service_analytics USING btree (service_id);


--
-- Name: service_benefits_service_id_522c03e8; Type: INDEX; Schema: public; Owner: estuary
--

CREATE INDEX service_benefits_service_id_522c03e8 ON public.service_benefits USING btree (service_id);


--
-- Name: service_benefits_session_id_cfbb777d; Type: INDEX; Schema: public; Owner: estuary
--

CREATE INDEX service_benefits_session_id_cfbb777d ON public.service_benefits USING btree (session_id);


--
-- Name: service_relationships_child_service_id_969ae838; Type: INDEX; Schema: public; Owner: estuary
--

CREATE INDEX service_relationships_child_service_id_969ae838 ON public.service_relationships USING btree (child_service_id);


--
-- Name: service_relationships_parent_service_id_578da3a4; Type: INDEX; Schema: public; Owner: estuary
--

CREATE INDEX service_relationships_parent_service_id_578da3a4 ON public.service_relationships USING btree (parent_service_id);


--
-- Name: service_sessions_address_id_19729d42; Type: INDEX; Schema: public; Owner: estuary
--

CREATE INDEX service_sessions_address_id_19729d42 ON public.service_sessions USING btree (address_id);


--
-- Name: service_sessions_room_id_1546776b; Type: INDEX; Schema: public; Owner: estuary
--

CREATE INDEX service_sessions_room_id_1546776b ON public.service_sessions USING btree (room_id);


--
-- Name: service_sessions_service_id_6ab8fcf7; Type: INDEX; Schema: public; Owner: estuary
--

CREATE INDEX service_sessions_service_id_6ab8fcf7 ON public.service_sessions USING btree (service_id);


--
-- Name: service_typ_is_acti_b17a15_idx; Type: INDEX; Schema: public; Owner: estuary
--

CREATE INDEX service_typ_is_acti_b17a15_idx ON public.service_type_commissions USING btree (is_active);


--
-- Name: service_typ_service_fd232e_idx; Type: INDEX; Schema: public; Owner: estuary
--

CREATE INDEX service_typ_service_fd232e_idx ON public.service_type_commissions USING btree (service_type_id);


--
-- Name: service_type_commissions_service_type_id_94b2b076; Type: INDEX; Schema: public; Owner: estuary
--

CREATE INDEX service_type_commissions_service_type_id_94b2b076 ON public.service_type_commissions USING btree (service_type_id);


--
-- Name: service_vie_service_40a6ee_idx; Type: INDEX; Schema: public; Owner: estuary
--

CREATE INDEX service_vie_service_40a6ee_idx ON public.service_views USING btree (service_id, viewed_at);


--
-- Name: service_vie_user_id_4e82af_idx; Type: INDEX; Schema: public; Owner: estuary
--

CREATE INDEX service_vie_user_id_4e82af_idx ON public.service_views USING btree (user_id);


--
-- Name: service_vie_viewed__47f4d2_idx; Type: INDEX; Schema: public; Owner: estuary
--

CREATE INDEX service_vie_viewed__47f4d2_idx ON public.service_views USING btree (viewed_at);


--
-- Name: service_views_service_id_4fa46a9c; Type: INDEX; Schema: public; Owner: estuary
--

CREATE INDEX service_views_service_id_4fa46a9c ON public.service_views USING btree (service_id);


--
-- Name: service_views_user_id_c236f800; Type: INDEX; Schema: public; Owner: estuary
--

CREATE INDEX service_views_user_id_c236f800 ON public.service_views USING btree (user_id);


--
-- Name: services_pr_practit_0e709b_idx; Type: INDEX; Schema: public; Owner: estuary
--

CREATE INDEX services_pr_practit_0e709b_idx ON public.services_practitionerservicecategory USING btree (practitioner_id, "order");


--
-- Name: services_pr_practit_a61372_idx; Type: INDEX; Schema: public; Owner: estuary
--

CREATE INDEX services_pr_practit_a61372_idx ON public.services_practitionerservicecategory USING btree (practitioner_id, is_active);


--
-- Name: services_practitionerservicecategory_practitioner_id_e6a5367b; Type: INDEX; Schema: public; Owner: estuary
--

CREATE INDEX services_practitionerservicecategory_practitioner_id_e6a5367b ON public.services_practitionerservicecategory USING btree (practitioner_id);


--
-- Name: services_practitionerservicecategory_slug_fd1d74e4; Type: INDEX; Schema: public; Owner: estuary
--

CREATE INDEX services_practitionerservicecategory_slug_fd1d74e4 ON public.services_practitionerservicecategory USING btree (slug);


--
-- Name: services_practitionerservicecategory_slug_fd1d74e4_like; Type: INDEX; Schema: public; Owner: estuary
--

CREATE INDEX services_practitionerservicecategory_slug_fd1d74e4_like ON public.services_practitionerservicecategory USING btree (slug varchar_pattern_ops);


--
-- Name: services_se_accesse_15c7ce_idx; Type: INDEX; Schema: public; Owner: estuary
--

CREATE INDEX services_se_accesse_15c7ce_idx ON public.services_serviceresourceaccess USING btree (accessed_at);


--
-- Name: services_se_attachm_c0f742_idx; Type: INDEX; Schema: public; Owner: estuary
--

CREATE INDEX services_se_attachm_c0f742_idx ON public.services_serviceresource USING btree (attachment_level, resource_type);


--
-- Name: services_se_booking_2a5f37_idx; Type: INDEX; Schema: public; Owner: estuary
--

CREATE INDEX services_se_booking_2a5f37_idx ON public.services_serviceresource USING btree (booking_id);


--
-- Name: services_se_categor_b50c86_idx; Type: INDEX; Schema: public; Owner: estuary
--

CREATE INDEX services_se_categor_b50c86_idx ON public.services_service USING btree (category_id, is_active);


--
-- Name: services_se_code_09efd4_idx; Type: INDEX; Schema: public; Owner: estuary
--

CREATE INDEX services_se_code_09efd4_idx ON public.services_servicetype USING btree (code);


--
-- Name: services_se_experie_b45ddc_idx; Type: INDEX; Schema: public; Owner: estuary
--

CREATE INDEX services_se_experie_b45ddc_idx ON public.services_service USING btree (experience_level);


--
-- Name: services_se_is_acti_32bf00_idx; Type: INDEX; Schema: public; Owner: estuary
--

CREATE INDEX services_se_is_acti_32bf00_idx ON public.services_servicecategory USING btree (is_active, "order");


--
-- Name: services_se_is_acti_9607ae_idx; Type: INDEX; Schema: public; Owner: estuary
--

CREATE INDEX services_se_is_acti_9607ae_idx ON public.services_servicetype USING btree (is_active, "order");


--
-- Name: services_se_is_feat_113678_idx; Type: INDEX; Schema: public; Owner: estuary
--

CREATE INDEX services_se_is_feat_113678_idx ON public.services_servicecategory USING btree (is_featured);


--
-- Name: services_se_is_feat_fb2165_idx; Type: INDEX; Schema: public; Owner: estuary
--

CREATE INDEX services_se_is_feat_fb2165_idx ON public.services_service USING btree (is_featured, is_active);


--
-- Name: services_se_locatio_f215ad_idx; Type: INDEX; Schema: public; Owner: estuary
--

CREATE INDEX services_se_locatio_f215ad_idx ON public.services_service USING btree (location_type);


--
-- Name: services_se_price_c_bc23f1_idx; Type: INDEX; Schema: public; Owner: estuary
--

CREATE INDEX services_se_price_c_bc23f1_idx ON public.services_service USING btree (price_cents);


--
-- Name: services_se_primary_796372_idx; Type: INDEX; Schema: public; Owner: estuary
--

CREATE INDEX services_se_primary_796372_idx ON public.services_service USING btree (primary_practitioner_id, is_active);


--
-- Name: services_se_resourc_c4adcf_idx; Type: INDEX; Schema: public; Owner: estuary
--

CREATE INDEX services_se_resourc_c4adcf_idx ON public.services_serviceresourceaccess USING btree (resource_id, user_id);


--
-- Name: services_se_service_8d23b0_idx; Type: INDEX; Schema: public; Owner: estuary
--

CREATE INDEX services_se_service_8d23b0_idx ON public.services_serviceresource USING btree (service_id, access_level);


--
-- Name: services_se_service_b60c80_idx; Type: INDEX; Schema: public; Owner: estuary
--

CREATE INDEX services_se_service_b60c80_idx ON public.services_serviceresource USING btree (service_session_id);


--
-- Name: services_se_service_fc36b8_idx; Type: INDEX; Schema: public; Owner: estuary
--

CREATE INDEX services_se_service_fc36b8_idx ON public.services_service USING btree (service_type_id, is_active);


--
-- Name: services_se_slug_4657d0_idx; Type: INDEX; Schema: public; Owner: estuary
--

CREATE INDEX services_se_slug_4657d0_idx ON public.services_service USING btree (slug);


--
-- Name: services_se_slug_89aee3_idx; Type: INDEX; Schema: public; Owner: estuary
--

CREATE INDEX services_se_slug_89aee3_idx ON public.services_servicecategory USING btree (slug);


--
-- Name: services_service_address_id_2bd4f710; Type: INDEX; Schema: public; Owner: estuary
--

CREATE INDEX services_service_address_id_2bd4f710 ON public.services_service USING btree (address_id);


--
-- Name: services_service_category_id_e15f8b7e; Type: INDEX; Schema: public; Owner: estuary
--

CREATE INDEX services_service_category_id_e15f8b7e ON public.services_service USING btree (category_id);


--
-- Name: services_service_languages_language_id_b5245e8b; Type: INDEX; Schema: public; Owner: estuary
--

CREATE INDEX services_service_languages_language_id_b5245e8b ON public.services_service_languages USING btree (language_id);


--
-- Name: services_service_languages_service_id_8eaa9edd; Type: INDEX; Schema: public; Owner: estuary
--

CREATE INDEX services_service_languages_service_id_8eaa9edd ON public.services_service_languages USING btree (service_id);


--
-- Name: services_service_practitioner_category_id_445eb8b3; Type: INDEX; Schema: public; Owner: estuary
--

CREATE INDEX services_service_practitioner_category_id_445eb8b3 ON public.services_service USING btree (practitioner_category_id);


--
-- Name: services_service_primary_practitioner_id_144fe45d; Type: INDEX; Schema: public; Owner: estuary
--

CREATE INDEX services_service_primary_practitioner_id_144fe45d ON public.services_service USING btree (primary_practitioner_id);


--
-- Name: services_service_schedule_id_26f7e468; Type: INDEX; Schema: public; Owner: estuary
--

CREATE INDEX services_service_schedule_id_26f7e468 ON public.services_service USING btree (schedule_id);


--
-- Name: services_service_service_type_id_6d1ff243; Type: INDEX; Schema: public; Owner: estuary
--

CREATE INDEX services_service_service_type_id_6d1ff243 ON public.services_service USING btree (service_type_id);


--
-- Name: services_service_slug_a56f96e2_like; Type: INDEX; Schema: public; Owner: estuary
--

CREATE INDEX services_service_slug_a56f96e2_like ON public.services_service USING btree (slug varchar_pattern_ops);


--
-- Name: services_servicecategory_name_ad9afa2a_like; Type: INDEX; Schema: public; Owner: estuary
--

CREATE INDEX services_servicecategory_name_ad9afa2a_like ON public.services_servicecategory USING btree (name varchar_pattern_ops);


--
-- Name: services_servicecategory_slug_12f41642_like; Type: INDEX; Schema: public; Owner: estuary
--

CREATE INDEX services_servicecategory_slug_12f41642_like ON public.services_servicecategory USING btree (slug varchar_pattern_ops);


--
-- Name: services_servicepractitioner_practitioner_id_f0a24cba; Type: INDEX; Schema: public; Owner: estuary
--

CREATE INDEX services_servicepractitioner_practitioner_id_f0a24cba ON public.services_servicepractitioner USING btree (practitioner_id);


--
-- Name: services_servicepractitioner_service_id_5299bb35; Type: INDEX; Schema: public; Owner: estuary
--

CREATE INDEX services_servicepractitioner_service_id_5299bb35 ON public.services_servicepractitioner USING btree (service_id);


--
-- Name: services_serviceresource_booking_id_f9f2564f; Type: INDEX; Schema: public; Owner: estuary
--

CREATE INDEX services_serviceresource_booking_id_f9f2564f ON public.services_serviceresource USING btree (booking_id);


--
-- Name: services_serviceresource_service_id_327188f7; Type: INDEX; Schema: public; Owner: estuary
--

CREATE INDEX services_serviceresource_service_id_327188f7 ON public.services_serviceresource USING btree (service_id);


--
-- Name: services_serviceresource_service_session_id_a074d578; Type: INDEX; Schema: public; Owner: estuary
--

CREATE INDEX services_serviceresource_service_session_id_a074d578 ON public.services_serviceresource USING btree (service_session_id);


--
-- Name: services_serviceresource_uploaded_by_id_f051dcd4; Type: INDEX; Schema: public; Owner: estuary
--

CREATE INDEX services_serviceresource_uploaded_by_id_f051dcd4 ON public.services_serviceresource USING btree (uploaded_by_id);


--
-- Name: services_serviceresourceaccess_resource_id_faf7ad82; Type: INDEX; Schema: public; Owner: estuary
--

CREATE INDEX services_serviceresourceaccess_resource_id_faf7ad82 ON public.services_serviceresourceaccess USING btree (resource_id);


--
-- Name: services_serviceresourceaccess_user_id_6a433c90; Type: INDEX; Schema: public; Owner: estuary
--

CREATE INDEX services_serviceresourceaccess_user_id_6a433c90 ON public.services_serviceresourceaccess USING btree (user_id);


--
-- Name: services_servicetype_category_id_7a4a71b9; Type: INDEX; Schema: public; Owner: estuary
--

CREATE INDEX services_servicetype_category_id_7a4a71b9 ON public.services_servicetype USING btree (category_id);


--
-- Name: services_servicetype_code_dabde4a4_like; Type: INDEX; Schema: public; Owner: estuary
--

CREATE INDEX services_servicetype_code_dabde4a4_like ON public.services_servicetype USING btree (code varchar_pattern_ops);


--
-- Name: services_servicetype_name_e9c9b36d_like; Type: INDEX; Schema: public; Owner: estuary
--

CREATE INDEX services_servicetype_name_e9c9b36d_like ON public.services_servicetype USING btree (name varchar_pattern_ops);


--
-- Name: session_agenda_items_service_id_5c1d5f59; Type: INDEX; Schema: public; Owner: estuary
--

CREATE INDEX session_agenda_items_service_id_5c1d5f59 ON public.session_agenda_items USING btree (service_id);


--
-- Name: session_agenda_items_session_id_4065cb34; Type: INDEX; Schema: public; Owner: estuary
--

CREATE INDEX session_agenda_items_session_id_4065cb34 ON public.session_agenda_items USING btree (session_id);


--
-- Name: session_participants_booking_id_81649126; Type: INDEX; Schema: public; Owner: estuary
--

CREATE INDEX session_participants_booking_id_81649126 ON public.session_participants USING btree (booking_id);


--
-- Name: session_participants_session_id_12edbd63; Type: INDEX; Schema: public; Owner: estuary
--

CREATE INDEX session_participants_session_id_12edbd63 ON public.session_participants USING btree (session_id);


--
-- Name: session_participants_user_id_8fc38540; Type: INDEX; Schema: public; Owner: estuary
--

CREATE INDEX session_participants_user_id_8fc38540 ON public.session_participants USING btree (user_id);


--
-- Name: sp_practitioner_idx; Type: INDEX; Schema: public; Owner: estuary
--

CREATE INDEX sp_practitioner_idx ON public.practitioners_schedulepreference USING btree (practitioner_id);


--
-- Name: ss_day_idx; Type: INDEX; Schema: public; Owner: estuary
--

CREATE INDEX ss_day_idx ON public.practitioners_serviceschedule USING btree (day);


--
-- Name: ss_practitioner_idx; Type: INDEX; Schema: public; Owner: estuary
--

CREATE INDEX ss_practitioner_idx ON public.practitioners_serviceschedule USING btree (practitioner_id);


--
-- Name: ss_service_idx; Type: INDEX; Schema: public; Owner: estuary
--

CREATE INDEX ss_service_idx ON public.practitioners_serviceschedule USING btree (service_id);


--
-- Name: streams_liv_live_st_a827ea_idx; Type: INDEX; Schema: public; Owner: estuary
--

CREATE INDEX streams_liv_live_st_a827ea_idx ON public.streams_livestreamviewer USING btree (live_stream_id, joined_at);


--
-- Name: streams_liv_live_st_eb3af2_idx; Type: INDEX; Schema: public; Owner: estuary
--

CREATE INDEX streams_liv_live_st_eb3af2_idx ON public.streams_livestreamanalytics USING btree (live_stream_id);


--
-- Name: streams_liv_practit_401a35_idx; Type: INDEX; Schema: public; Owner: estuary
--

CREATE INDEX streams_liv_practit_401a35_idx ON public.streams_livestream USING btree (practitioner_id, status);


--
-- Name: streams_liv_schedul_ada0a7_idx; Type: INDEX; Schema: public; Owner: estuary
--

CREATE INDEX streams_liv_schedul_ada0a7_idx ON public.streams_livestream USING btree (scheduled_start);


--
-- Name: streams_liv_status_436b2a_idx; Type: INDEX; Schema: public; Owner: estuary
--

CREATE INDEX streams_liv_status_436b2a_idx ON public.streams_livestream USING btree (status, scheduled_start DESC);


--
-- Name: streams_liv_stream__499a43_idx; Type: INDEX; Schema: public; Owner: estuary
--

CREATE INDEX streams_liv_stream__499a43_idx ON public.streams_livestream USING btree (stream_id, status);


--
-- Name: streams_liv_user_id_5edf56_idx; Type: INDEX; Schema: public; Owner: estuary
--

CREATE INDEX streams_liv_user_id_5edf56_idx ON public.streams_livestreamviewer USING btree (user_id, joined_at);


--
-- Name: streams_livestream_practitioner_id_7e24494f; Type: INDEX; Schema: public; Owner: estuary
--

CREATE INDEX streams_livestream_practitioner_id_7e24494f ON public.streams_livestream USING btree (practitioner_id);


--
-- Name: streams_livestream_stream_id_4222eee6; Type: INDEX; Schema: public; Owner: estuary
--

CREATE INDEX streams_livestream_stream_id_4222eee6 ON public.streams_livestream USING btree (stream_id);


--
-- Name: streams_livestreamviewer_live_stream_id_e437cb95; Type: INDEX; Schema: public; Owner: estuary
--

CREATE INDEX streams_livestreamviewer_live_stream_id_e437cb95 ON public.streams_livestreamviewer USING btree (live_stream_id);


--
-- Name: streams_livestreamviewer_user_id_30da6767; Type: INDEX; Schema: public; Owner: estuary
--

CREATE INDEX streams_livestreamviewer_user_id_30da6767 ON public.streams_livestreamviewer USING btree (user_id);


--
-- Name: streams_str_created_a90671_idx; Type: INDEX; Schema: public; Owner: estuary
--

CREATE INDEX streams_str_created_a90671_idx ON public.streams_streampostview USING btree (created_at);


--
-- Name: streams_str_current_e098d1_idx; Type: INDEX; Schema: public; Owner: estuary
--

CREATE INDEX streams_str_current_e098d1_idx ON public.streams_streamsubscription USING btree (current_period_end);


--
-- Name: streams_str_is_acti_bbf625_idx; Type: INDEX; Schema: public; Owner: estuary
--

CREATE INDEX streams_str_is_acti_bbf625_idx ON public.streams_stream USING btree (is_active, is_featured);


--
-- Name: streams_str_next_oc_85aded_idx; Type: INDEX; Schema: public; Owner: estuary
--

CREATE INDEX streams_str_next_oc_85aded_idx ON public.streams_streamschedule USING btree (next_occurrence);


--
-- Name: streams_str_parent__eb4628_idx; Type: INDEX; Schema: public; Owner: estuary
--

CREATE INDEX streams_str_parent__eb4628_idx ON public.streams_streampostcomment USING btree (parent_comment_id);


--
-- Name: streams_str_post_id_0badc3_idx; Type: INDEX; Schema: public; Owner: estuary
--

CREATE INDEX streams_str_post_id_0badc3_idx ON public.streams_streampostview USING btree (post_id, user_id);


--
-- Name: streams_str_post_id_135747_idx; Type: INDEX; Schema: public; Owner: estuary
--

CREATE INDEX streams_str_post_id_135747_idx ON public.streams_streampostcomment USING btree (post_id, is_hidden, created_at DESC);


--
-- Name: streams_str_post_id_41faa8_idx; Type: INDEX; Schema: public; Owner: estuary
--

CREATE INDEX streams_str_post_id_41faa8_idx ON public.streams_streampostlike USING btree (post_id, created_at);


--
-- Name: streams_str_post_id_d1a0ab_idx; Type: INDEX; Schema: public; Owner: estuary
--

CREATE INDEX streams_str_post_id_d1a0ab_idx ON public.streams_streampostmedia USING btree (post_id, media_type);


--
-- Name: streams_str_post_ty_e85cc5_idx; Type: INDEX; Schema: public; Owner: estuary
--

CREATE INDEX streams_str_post_ty_e85cc5_idx ON public.streams_streampost USING btree (post_type);


--
-- Name: streams_str_practit_30b943_idx; Type: INDEX; Schema: public; Owner: estuary
--

CREATE INDEX streams_str_practit_30b943_idx ON public.streams_stream USING btree (practitioner_id);


--
-- Name: streams_str_publish_a93db6_idx; Type: INDEX; Schema: public; Owner: estuary
--

CREATE INDEX streams_str_publish_a93db6_idx ON public.streams_streampost USING btree (published_at);


--
-- Name: streams_str_status_75e30c_idx; Type: INDEX; Schema: public; Owner: estuary
--

CREATE INDEX streams_str_status_75e30c_idx ON public.streams_streamtip USING btree (status);


--
-- Name: streams_str_stream__807e1b_idx; Type: INDEX; Schema: public; Owner: estuary
--

CREATE INDEX streams_str_stream__807e1b_idx ON public.streams_streamanalytics USING btree (stream_id, date DESC);


--
-- Name: streams_str_stream__8da3a0_idx; Type: INDEX; Schema: public; Owner: estuary
--

CREATE INDEX streams_str_stream__8da3a0_idx ON public.streams_streamsubscription USING btree (stream_id, tier, status);


--
-- Name: streams_str_stream__97b460_idx; Type: INDEX; Schema: public; Owner: estuary
--

CREATE INDEX streams_str_stream__97b460_idx ON public.streams_streamtip USING btree (stream_id, created_at DESC);


--
-- Name: streams_str_stream__b0afde_idx; Type: INDEX; Schema: public; Owner: estuary
--

CREATE INDEX streams_str_stream__b0afde_idx ON public.streams_streampost USING btree (stream_id, is_published, published_at DESC);


--
-- Name: streams_str_stream__bc4b28_idx; Type: INDEX; Schema: public; Owner: estuary
--

CREATE INDEX streams_str_stream__bc4b28_idx ON public.streams_streamschedule USING btree (stream_id, is_active);


--
-- Name: streams_str_stripe__01a6b5_idx; Type: INDEX; Schema: public; Owner: estuary
--

CREATE INDEX streams_str_stripe__01a6b5_idx ON public.streams_streamsubscription USING btree (stripe_subscription_id);


--
-- Name: streams_str_tier_le_1437d8_idx; Type: INDEX; Schema: public; Owner: estuary
--

CREATE INDEX streams_str_tier_le_1437d8_idx ON public.streams_streampost USING btree (tier_level);


--
-- Name: streams_str_user_id_07f35e_idx; Type: INDEX; Schema: public; Owner: estuary
--

CREATE INDEX streams_str_user_id_07f35e_idx ON public.streams_streamtip USING btree (user_id, created_at DESC);


--
-- Name: streams_str_user_id_a09905_idx; Type: INDEX; Schema: public; Owner: estuary
--

CREATE INDEX streams_str_user_id_a09905_idx ON public.streams_streamsubscription USING btree (user_id, status);


--
-- Name: streams_stream_categories_stream_id_67fc080c; Type: INDEX; Schema: public; Owner: estuary
--

CREATE INDEX streams_stream_categories_stream_id_67fc080c ON public.streams_stream_categories USING btree (stream_id);


--
-- Name: streams_stream_categories_streamcategory_id_dac6f434; Type: INDEX; Schema: public; Owner: estuary
--

CREATE INDEX streams_stream_categories_streamcategory_id_dac6f434 ON public.streams_stream_categories USING btree (streamcategory_id);


--
-- Name: streams_streamanalytics_stream_id_b38153a4; Type: INDEX; Schema: public; Owner: estuary
--

CREATE INDEX streams_streamanalytics_stream_id_b38153a4 ON public.streams_streamanalytics USING btree (stream_id);


--
-- Name: streams_streamcategory_name_8dbddcb4_like; Type: INDEX; Schema: public; Owner: estuary
--

CREATE INDEX streams_streamcategory_name_8dbddcb4_like ON public.streams_streamcategory USING btree (name varchar_pattern_ops);


--
-- Name: streams_streamcategory_slug_59429ebf_like; Type: INDEX; Schema: public; Owner: estuary
--

CREATE INDEX streams_streamcategory_slug_59429ebf_like ON public.streams_streamcategory USING btree (slug varchar_pattern_ops);


--
-- Name: streams_streampost_stream_id_d48395d2; Type: INDEX; Schema: public; Owner: estuary
--

CREATE INDEX streams_streampost_stream_id_d48395d2 ON public.streams_streampost USING btree (stream_id);


--
-- Name: streams_streampostcomment_parent_comment_id_bdff8d14; Type: INDEX; Schema: public; Owner: estuary
--

CREATE INDEX streams_streampostcomment_parent_comment_id_bdff8d14 ON public.streams_streampostcomment USING btree (parent_comment_id);


--
-- Name: streams_streampostcomment_post_id_b38f1554; Type: INDEX; Schema: public; Owner: estuary
--

CREATE INDEX streams_streampostcomment_post_id_b38f1554 ON public.streams_streampostcomment USING btree (post_id);


--
-- Name: streams_streampostcomment_user_id_e133e5c3; Type: INDEX; Schema: public; Owner: estuary
--

CREATE INDEX streams_streampostcomment_user_id_e133e5c3 ON public.streams_streampostcomment USING btree (user_id);


--
-- Name: streams_streampostlike_post_id_f5c87721; Type: INDEX; Schema: public; Owner: estuary
--

CREATE INDEX streams_streampostlike_post_id_f5c87721 ON public.streams_streampostlike USING btree (post_id);


--
-- Name: streams_streampostlike_user_id_db495252; Type: INDEX; Schema: public; Owner: estuary
--

CREATE INDEX streams_streampostlike_user_id_db495252 ON public.streams_streampostlike USING btree (user_id);


--
-- Name: streams_streampostmedia_post_id_b77a1dec; Type: INDEX; Schema: public; Owner: estuary
--

CREATE INDEX streams_streampostmedia_post_id_b77a1dec ON public.streams_streampostmedia USING btree (post_id);


--
-- Name: streams_streampostview_post_id_1d5fb7af; Type: INDEX; Schema: public; Owner: estuary
--

CREATE INDEX streams_streampostview_post_id_1d5fb7af ON public.streams_streampostview USING btree (post_id);


--
-- Name: streams_streampostview_user_id_794cbe84; Type: INDEX; Schema: public; Owner: estuary
--

CREATE INDEX streams_streampostview_user_id_794cbe84 ON public.streams_streampostview USING btree (user_id);


--
-- Name: streams_streamschedule_stream_id_81214abf; Type: INDEX; Schema: public; Owner: estuary
--

CREATE INDEX streams_streamschedule_stream_id_81214abf ON public.streams_streamschedule USING btree (stream_id);


--
-- Name: streams_streamsubscription_stream_id_4a2249f8; Type: INDEX; Schema: public; Owner: estuary
--

CREATE INDEX streams_streamsubscription_stream_id_4a2249f8 ON public.streams_streamsubscription USING btree (stream_id);


--
-- Name: streams_streamsubscription_stripe_subscription_id_5a1d81e0_like; Type: INDEX; Schema: public; Owner: estuary
--

CREATE INDEX streams_streamsubscription_stripe_subscription_id_5a1d81e0_like ON public.streams_streamsubscription USING btree (stripe_subscription_id varchar_pattern_ops);


--
-- Name: streams_streamsubscription_user_id_cd506f56; Type: INDEX; Schema: public; Owner: estuary
--

CREATE INDEX streams_streamsubscription_user_id_cd506f56 ON public.streams_streamsubscription USING btree (user_id);


--
-- Name: streams_streamtip_post_id_be001b3a; Type: INDEX; Schema: public; Owner: estuary
--

CREATE INDEX streams_streamtip_post_id_be001b3a ON public.streams_streamtip USING btree (post_id);


--
-- Name: streams_streamtip_stream_id_9d91305b; Type: INDEX; Schema: public; Owner: estuary
--

CREATE INDEX streams_streamtip_stream_id_9d91305b ON public.streams_streamtip USING btree (stream_id);


--
-- Name: streams_streamtip_stripe_payment_intent_id_0335d408_like; Type: INDEX; Schema: public; Owner: estuary
--

CREATE INDEX streams_streamtip_stripe_payment_intent_id_0335d408_like ON public.streams_streamtip USING btree (stripe_payment_intent_id varchar_pattern_ops);


--
-- Name: streams_streamtip_user_id_a6c4867a; Type: INDEX; Schema: public; Owner: estuary
--

CREATE INDEX streams_streamtip_user_id_a6c4867a ON public.streams_streamtip USING btree (user_id);


--
-- Name: sts_active_idx; Type: INDEX; Schema: public; Owner: estuary
--

CREATE INDEX sts_active_idx ON public.practitioners_scheduletimeslot USING btree (is_active);


--
-- Name: sts_day_idx; Type: INDEX; Schema: public; Owner: estuary
--

CREATE INDEX sts_day_idx ON public.practitioners_scheduletimeslot USING btree (day);


--
-- Name: sts_schedule_idx; Type: INDEX; Schema: public; Owner: estuary
--

CREATE INDEX sts_schedule_idx ON public.practitioners_scheduletimeslot USING btree (schedule_id);


--
-- Name: subscriptio_is_acti_a7d112_idx; Type: INDEX; Schema: public; Owner: estuary
--

CREATE INDEX subscriptio_is_acti_a7d112_idx ON public.subscription_tiers USING btree (is_active);


--
-- Name: subscription_tiers_name_a09d8dea_like; Type: INDEX; Schema: public; Owner: estuary
--

CREATE INDEX subscription_tiers_name_a09d8dea_like ON public.subscription_tiers USING btree (name varchar_pattern_ops);


--
-- Name: tier_commis_is_acti_44ad41_idx; Type: INDEX; Schema: public; Owner: estuary
--

CREATE INDEX tier_commis_is_acti_44ad41_idx ON public.tier_commission_adjustments USING btree (is_active);


--
-- Name: tier_commis_service_11bac0_idx; Type: INDEX; Schema: public; Owner: estuary
--

CREATE INDEX tier_commis_service_11bac0_idx ON public.tier_commission_adjustments USING btree (service_type_commission_id);


--
-- Name: tier_commis_tier_id_316dbc_idx; Type: INDEX; Schema: public; Owner: estuary
--

CREATE INDEX tier_commis_tier_id_316dbc_idx ON public.tier_commission_adjustments USING btree (tier_id);


--
-- Name: tier_commission_adjustments_service_type_commission_id_a1bef6b5; Type: INDEX; Schema: public; Owner: estuary
--

CREATE INDEX tier_commission_adjustments_service_type_commission_id_a1bef6b5 ON public.tier_commission_adjustments USING btree (service_type_commission_id);


--
-- Name: tier_commission_adjustments_tier_id_6080f048; Type: INDEX; Schema: public; Owner: estuary
--

CREATE INDEX tier_commission_adjustments_tier_id_6080f048 ON public.tier_commission_adjustments USING btree (tier_id);


--
-- Name: token_blacklist_outstandingtoken_jti_hex_d9bdf6f7_like; Type: INDEX; Schema: public; Owner: estuary
--

CREATE INDEX token_blacklist_outstandingtoken_jti_hex_d9bdf6f7_like ON public.token_blacklist_outstandingtoken USING btree (jti varchar_pattern_ops);


--
-- Name: token_blacklist_outstandingtoken_user_id_83bc629a; Type: INDEX; Schema: public; Owner: estuary
--

CREATE INDEX token_blacklist_outstandingtoken_user_id_83bc629a ON public.token_blacklist_outstandingtoken USING btree (user_id);


--
-- Name: unique_default_schedule_per_practitioner; Type: INDEX; Schema: public; Owner: estuary
--

CREATE UNIQUE INDEX unique_default_schedule_per_practitioner ON public.practitioners_schedule USING btree (practitioner_id, is_default) WHERE is_default;


--
-- Name: unique_primary_media_per_entity; Type: INDEX; Schema: public; Owner: estuary
--

CREATE UNIQUE INDEX unique_primary_media_per_entity ON public.media_media USING btree (entity_type, entity_id) WHERE is_primary;


--
-- Name: unique_service_agenda_item_order; Type: INDEX; Schema: public; Owner: estuary
--

CREATE UNIQUE INDEX unique_service_agenda_item_order ON public.session_agenda_items USING btree (service_id, "order") WHERE (service_id IS NOT NULL);


--
-- Name: unique_service_benefit_order; Type: INDEX; Schema: public; Owner: estuary
--

CREATE UNIQUE INDEX unique_service_benefit_order ON public.service_benefits USING btree (service_id, "order") WHERE (service_id IS NOT NULL);


--
-- Name: unique_session_agenda_item_order; Type: INDEX; Schema: public; Owner: estuary
--

CREATE UNIQUE INDEX unique_session_agenda_item_order ON public.session_agenda_items USING btree (session_id, "order") WHERE (session_id IS NOT NULL);


--
-- Name: unique_session_benefit_order; Type: INDEX; Schema: public; Owner: estuary
--

CREATE UNIQUE INDEX unique_session_benefit_order ON public.service_benefits USING btree (session_id, "order") WHERE (session_id IS NOT NULL);


--
-- Name: user_engage_date_d2d54b_idx; Type: INDEX; Schema: public; Owner: estuary
--

CREATE INDEX user_engage_date_d2d54b_idx ON public.user_engagement USING btree (date);


--
-- Name: user_engage_user_id_9c9dbb_idx; Type: INDEX; Schema: public; Owner: estuary
--

CREATE INDEX user_engage_user_id_9c9dbb_idx ON public.user_engagement USING btree (user_id, date);


--
-- Name: user_engagement_user_id_6cfc5493; Type: INDEX; Schema: public; Owner: estuary
--

CREATE INDEX user_engagement_user_id_6cfc5493 ON public.user_engagement USING btree (user_id);


--
-- Name: users_user_account_053b62_idx; Type: INDEX; Schema: public; Owner: estuary
--

CREATE INDEX users_user_account_053b62_idx ON public.users_user USING btree (account_status);


--
-- Name: users_user_created_cf865c_idx; Type: INDEX; Schema: public; Owner: estuary
--

CREATE INDEX users_user_created_cf865c_idx ON public.users_user USING btree (created_at);


--
-- Name: users_user_email_243f6e77_like; Type: INDEX; Schema: public; Owner: estuary
--

CREATE INDEX users_user_email_243f6e77_like ON public.users_user USING btree (email varchar_pattern_ops);


--
-- Name: users_user_email_6f2530_idx; Type: INDEX; Schema: public; Owner: estuary
--

CREATE INDEX users_user_email_6f2530_idx ON public.users_user USING btree (email);


--
-- Name: users_user_groups_group_id_9afc8d0e; Type: INDEX; Schema: public; Owner: estuary
--

CREATE INDEX users_user_groups_group_id_9afc8d0e ON public.users_user_groups USING btree (group_id);


--
-- Name: users_user_groups_user_id_5f6f5a90; Type: INDEX; Schema: public; Owner: estuary
--

CREATE INDEX users_user_groups_user_id_5f6f5a90 ON public.users_user_groups USING btree (user_id);


--
-- Name: users_user_is_prac_0ac490_idx; Type: INDEX; Schema: public; Owner: estuary
--

CREATE INDEX users_user_is_prac_0ac490_idx ON public.users_user USING btree (is_practitioner);


--
-- Name: users_user_last_ac_27a76d_idx; Type: INDEX; Schema: public; Owner: estuary
--

CREATE INDEX users_user_last_ac_27a76d_idx ON public.users_user USING btree (last_active);


--
-- Name: users_user_phone_n_7fe504_idx; Type: INDEX; Schema: public; Owner: estuary
--

CREATE INDEX users_user_phone_n_7fe504_idx ON public.users_user USING btree (phone_number);


--
-- Name: users_user_user_permissions_permission_id_0b93982e; Type: INDEX; Schema: public; Owner: estuary
--

CREATE INDEX users_user_user_permissions_permission_id_0b93982e ON public.users_user_user_permissions USING btree (permission_id);


--
-- Name: users_user_user_permissions_user_id_20aca447; Type: INDEX; Schema: public; Owner: estuary
--

CREATE INDEX users_user_user_permissions_user_id_20aca447 ON public.users_user_user_permissions USING btree (user_id);


--
-- Name: users_user_uuid_0206f4_idx; Type: INDEX; Schema: public; Owner: estuary
--

CREATE INDEX users_user_uuid_0206f4_idx ON public.users_user USING btree (uuid);


--
-- Name: users_userf_practit_82a7b3_idx; Type: INDEX; Schema: public; Owner: estuary
--

CREATE INDEX users_userf_practit_82a7b3_idx ON public.users_userfavoritepractitioner USING btree (practitioner_id);


--
-- Name: users_userf_service_b34215_idx; Type: INDEX; Schema: public; Owner: estuary
--

CREATE INDEX users_userf_service_b34215_idx ON public.users_userfavoriteservice USING btree (service_id);


--
-- Name: users_userf_user_id_34cdc1_idx; Type: INDEX; Schema: public; Owner: estuary
--

CREATE INDEX users_userf_user_id_34cdc1_idx ON public.users_userfavoriteservice USING btree (user_id, created_at);


--
-- Name: users_userf_user_id_f9fe1f_idx; Type: INDEX; Schema: public; Owner: estuary
--

CREATE INDEX users_userf_user_id_f9fe1f_idx ON public.users_userfavoritepractitioner USING btree (user_id, created_at);


--
-- Name: users_userfavoritepractitioner_practitioner_id_35a886a4; Type: INDEX; Schema: public; Owner: estuary
--

CREATE INDEX users_userfavoritepractitioner_practitioner_id_35a886a4 ON public.users_userfavoritepractitioner USING btree (practitioner_id);


--
-- Name: users_userfavoritepractitioner_user_id_969d5769; Type: INDEX; Schema: public; Owner: estuary
--

CREATE INDEX users_userfavoritepractitioner_user_id_969d5769 ON public.users_userfavoritepractitioner USING btree (user_id);


--
-- Name: users_userfavoriteservice_service_id_90960c13; Type: INDEX; Schema: public; Owner: estuary
--

CREATE INDEX users_userfavoriteservice_service_id_90960c13 ON public.users_userfavoriteservice USING btree (service_id);


--
-- Name: users_userfavoriteservice_user_id_653d7711; Type: INDEX; Schema: public; Owner: estuary
--

CREATE INDEX users_userfavoriteservice_user_id_653d7711 ON public.users_userfavoriteservice USING btree (user_id);


--
-- Name: users_userpaymentprofile_stripe_customer_id_98602350_like; Type: INDEX; Schema: public; Owner: estuary
--

CREATE INDEX users_userpaymentprofile_stripe_customer_id_98602350_like ON public.users_userpaymentprofile USING btree (stripe_customer_id varchar_pattern_ops);


--
-- Name: users_userprofile_address_id_83ef79d9; Type: INDEX; Schema: public; Owner: estuary
--

CREATE INDEX users_userprofile_address_id_83ef79d9 ON public.users_userprofile USING btree (address_id);


--
-- Name: utils_addre_city_b06743_idx; Type: INDEX; Schema: public; Owner: estuary
--

CREATE INDEX utils_addre_city_b06743_idx ON public.utils_address USING btree (city, state_province);


--
-- Name: utils_addre_country_5f444c_idx; Type: INDEX; Schema: public; Owner: estuary
--

CREATE INDEX utils_addre_country_5f444c_idx ON public.utils_address USING btree (country_code);


--
-- Name: utils_addre_is_veri_567fc4_idx; Type: INDEX; Schema: public; Owner: estuary
--

CREATE INDEX utils_addre_is_veri_567fc4_idx ON public.utils_address USING btree (is_verified);


--
-- Name: utils_addre_latitud_74ab4b_idx; Type: INDEX; Schema: public; Owner: estuary
--

CREATE INDEX utils_addre_latitud_74ab4b_idx ON public.utils_address USING btree (latitude, longitude);


--
-- Name: utils_addre_metro_a_44dfc1_idx; Type: INDEX; Schema: public; Owner: estuary
--

CREATE INDEX utils_addre_metro_a_44dfc1_idx ON public.utils_address USING btree (metro_area);


--
-- Name: utils_addre_postal__a7f279_idx; Type: INDEX; Schema: public; Owner: estuary
--

CREATE INDEX utils_addre_postal__a7f279_idx ON public.utils_address USING btree (postal_code);


--
-- Name: utils_addre_state_p_48b00f_idx; Type: INDEX; Schema: public; Owner: estuary
--

CREATE INDEX utils_addre_state_p_48b00f_idx ON public.utils_address USING btree (state_province);


--
-- Name: utils_address_city_slug_1403f7e6; Type: INDEX; Schema: public; Owner: estuary
--

CREATE INDEX utils_address_city_slug_1403f7e6 ON public.utils_address USING btree (city_slug);


--
-- Name: utils_address_city_slug_1403f7e6_like; Type: INDEX; Schema: public; Owner: estuary
--

CREATE INDEX utils_address_city_slug_1403f7e6_like ON public.utils_address USING btree (city_slug varchar_pattern_ops);


--
-- Name: utils_address_country_id_eaa8af30; Type: INDEX; Schema: public; Owner: estuary
--

CREATE INDEX utils_address_country_id_eaa8af30 ON public.utils_address USING btree (country_id);


--
-- Name: utils_address_state_slug_867f695a; Type: INDEX; Schema: public; Owner: estuary
--

CREATE INDEX utils_address_state_slug_867f695a ON public.utils_address USING btree (state_slug);


--
-- Name: utils_address_state_slug_867f695a_like; Type: INDEX; Schema: public; Owner: estuary
--

CREATE INDEX utils_address_state_slug_867f695a_like ON public.utils_address USING btree (state_slug varchar_pattern_ops);


--
-- Name: utils_holid_country_d68b39_idx; Type: INDEX; Schema: public; Owner: estuary
--

CREATE INDEX utils_holid_country_d68b39_idx ON public.utils_holiday USING btree (country_id, date);


--
-- Name: utils_holid_date_4cc392_idx; Type: INDEX; Schema: public; Owner: estuary
--

CREATE INDEX utils_holid_date_4cc392_idx ON public.utils_holiday USING btree (date);


--
-- Name: utils_holiday_country_id_0e00e220; Type: INDEX; Schema: public; Owner: estuary
--

CREATE INDEX utils_holiday_country_id_0e00e220 ON public.utils_holiday USING btree (country_id);


--
-- Name: utils_langu_code_d697a4_idx; Type: INDEX; Schema: public; Owner: estuary
--

CREATE INDEX utils_langu_code_d697a4_idx ON public.utils_language USING btree (code);


--
-- Name: utils_langu_is_acti_ee8187_idx; Type: INDEX; Schema: public; Owner: estuary
--

CREATE INDEX utils_langu_is_acti_ee8187_idx ON public.utils_language USING btree (is_active, "order");


--
-- Name: utils_language_code_62619890_like; Type: INDEX; Schema: public; Owner: estuary
--

CREATE INDEX utils_language_code_62619890_like ON public.utils_language USING btree (code varchar_pattern_ops);


--
-- Name: vd_expiry_idx; Type: INDEX; Schema: public; Owner: estuary
--

CREATE INDEX vd_expiry_idx ON public.verification_documents USING btree (expires_at);


--
-- Name: vd_practitioner_idx; Type: INDEX; Schema: public; Owner: estuary
--

CREATE INDEX vd_practitioner_idx ON public.verification_documents USING btree (practitioner_id);


--
-- Name: vd_status_idx; Type: INDEX; Schema: public; Owner: estuary
--

CREATE INDEX vd_status_idx ON public.verification_documents USING btree (status);


--
-- Name: vd_type_idx; Type: INDEX; Schema: public; Owner: estuary
--

CREATE INDEX vd_type_idx ON public.verification_documents USING btree (document_type);


--
-- Name: verification_documents_practitioner_id_52638102; Type: INDEX; Schema: public; Owner: estuary
--

CREATE INDEX verification_documents_practitioner_id_52638102 ON public.verification_documents USING btree (practitioner_id);


--
-- Name: waitlists_service_86d078_idx; Type: INDEX; Schema: public; Owner: estuary
--

CREATE INDEX waitlists_service_86d078_idx ON public.waitlists USING btree (service_id);


--
-- Name: waitlists_service_b45b98_idx; Type: INDEX; Schema: public; Owner: estuary
--

CREATE INDEX waitlists_service_b45b98_idx ON public.waitlists USING btree (service_session_id);


--
-- Name: waitlists_service_id_f3465be7; Type: INDEX; Schema: public; Owner: estuary
--

CREATE INDEX waitlists_service_id_f3465be7 ON public.waitlists USING btree (service_id);


--
-- Name: waitlists_service_session_id_356e7a66; Type: INDEX; Schema: public; Owner: estuary
--

CREATE INDEX waitlists_service_session_id_356e7a66 ON public.waitlists USING btree (service_session_id);


--
-- Name: waitlists_status_2edb70_idx; Type: INDEX; Schema: public; Owner: estuary
--

CREATE INDEX waitlists_status_2edb70_idx ON public.waitlists USING btree (status);


--
-- Name: waitlists_user_id_906ab3_idx; Type: INDEX; Schema: public; Owner: estuary
--

CREATE INDEX waitlists_user_id_906ab3_idx ON public.waitlists USING btree (user_id);


--
-- Name: waitlists_user_id_a61cea2a; Type: INDEX; Schema: public; Owner: estuary
--

CREATE INDEX waitlists_user_id_a61cea2a ON public.waitlists USING btree (user_id);


--
-- Name: auth_group_permissions auth_group_permissio_permission_id_84c5c92e_fk_auth_perm; Type: FK CONSTRAINT; Schema: public; Owner: estuary
--

ALTER TABLE ONLY public.auth_group_permissions
    ADD CONSTRAINT auth_group_permissio_permission_id_84c5c92e_fk_auth_perm FOREIGN KEY (permission_id) REFERENCES public.auth_permission(id) DEFERRABLE INITIALLY DEFERRED;


--
-- Name: auth_group_permissions auth_group_permissions_group_id_b120cbf9_fk_auth_group_id; Type: FK CONSTRAINT; Schema: public; Owner: estuary
--

ALTER TABLE ONLY public.auth_group_permissions
    ADD CONSTRAINT auth_group_permissions_group_id_b120cbf9_fk_auth_group_id FOREIGN KEY (group_id) REFERENCES public.auth_group(id) DEFERRABLE INITIALLY DEFERRED;


--
-- Name: auth_permission auth_permission_content_type_id_2f476e4b_fk_django_co; Type: FK CONSTRAINT; Schema: public; Owner: estuary
--

ALTER TABLE ONLY public.auth_permission
    ADD CONSTRAINT auth_permission_content_type_id_2f476e4b_fk_django_co FOREIGN KEY (content_type_id) REFERENCES public.django_content_type(id) DEFERRABLE INITIALLY DEFERRED;


--
-- Name: bookings_booking bookings_booking_location_id_ab55b4c5_fk_utils_address_id; Type: FK CONSTRAINT; Schema: public; Owner: estuary
--

ALTER TABLE ONLY public.bookings_booking
    ADD CONSTRAINT bookings_booking_location_id_ab55b4c5_fk_utils_address_id FOREIGN KEY (location_id) REFERENCES public.utils_address(id) DEFERRABLE INITIALLY DEFERRED;


--
-- Name: bookings_booking bookings_booking_parent_booking_id_7c358175_fk_bookings_; Type: FK CONSTRAINT; Schema: public; Owner: estuary
--

ALTER TABLE ONLY public.bookings_booking
    ADD CONSTRAINT bookings_booking_parent_booking_id_7c358175_fk_bookings_ FOREIGN KEY (parent_booking_id) REFERENCES public.bookings_booking(id) DEFERRABLE INITIALLY DEFERRED;


--
-- Name: bookings_booking bookings_booking_payment_transaction__53ebe25d_fk_payments_; Type: FK CONSTRAINT; Schema: public; Owner: estuary
--

ALTER TABLE ONLY public.bookings_booking
    ADD CONSTRAINT bookings_booking_payment_transaction__53ebe25d_fk_payments_ FOREIGN KEY (payment_transaction_id) REFERENCES public.payments_usercredittransaction(id) DEFERRABLE INITIALLY DEFERRED;


--
-- Name: bookings_booking bookings_booking_practitioner_id_818e89d1_fk_practitio; Type: FK CONSTRAINT; Schema: public; Owner: estuary
--

ALTER TABLE ONLY public.bookings_booking
    ADD CONSTRAINT bookings_booking_practitioner_id_818e89d1_fk_practitio FOREIGN KEY (practitioner_id) REFERENCES public.practitioners_practitioner(id) DEFERRABLE INITIALLY DEFERRED;


--
-- Name: bookings_booking bookings_booking_rescheduled_from_id_0049bad7_fk_bookings_; Type: FK CONSTRAINT; Schema: public; Owner: estuary
--

ALTER TABLE ONLY public.bookings_booking
    ADD CONSTRAINT bookings_booking_rescheduled_from_id_0049bad7_fk_bookings_ FOREIGN KEY (rescheduled_from_id) REFERENCES public.bookings_booking(id) DEFERRABLE INITIALLY DEFERRED;


--
-- Name: bookings_booking bookings_booking_room_id_6f0fa517_fk_rooms_room_id; Type: FK CONSTRAINT; Schema: public; Owner: estuary
--

ALTER TABLE ONLY public.bookings_booking
    ADD CONSTRAINT bookings_booking_room_id_6f0fa517_fk_rooms_room_id FOREIGN KEY (room_id) REFERENCES public.rooms_room(id) DEFERRABLE INITIALLY DEFERRED;


--
-- Name: bookings_booking bookings_booking_service_id_8d3eedd5_fk_services_service_id; Type: FK CONSTRAINT; Schema: public; Owner: estuary
--

ALTER TABLE ONLY public.bookings_booking
    ADD CONSTRAINT bookings_booking_service_id_8d3eedd5_fk_services_service_id FOREIGN KEY (service_id) REFERENCES public.services_service(id) DEFERRABLE INITIALLY DEFERRED;


--
-- Name: bookings_booking bookings_booking_service_session_id_bafd4034_fk_service_s; Type: FK CONSTRAINT; Schema: public; Owner: estuary
--

ALTER TABLE ONLY public.bookings_booking
    ADD CONSTRAINT bookings_booking_service_session_id_bafd4034_fk_service_s FOREIGN KEY (service_session_id) REFERENCES public.service_sessions(id) DEFERRABLE INITIALLY DEFERRED;


--
-- Name: bookings_booking bookings_booking_user_id_834dfc23_fk_users_user_id; Type: FK CONSTRAINT; Schema: public; Owner: estuary
--

ALTER TABLE ONLY public.bookings_booking
    ADD CONSTRAINT bookings_booking_user_id_834dfc23_fk_users_user_id FOREIGN KEY (user_id) REFERENCES public.users_user(id) DEFERRABLE INITIALLY DEFERRED;


--
-- Name: bookings_bookingnote bookings_bookingnote_author_id_fdfe2de8_fk_users_user_id; Type: FK CONSTRAINT; Schema: public; Owner: estuary
--

ALTER TABLE ONLY public.bookings_bookingnote
    ADD CONSTRAINT bookings_bookingnote_author_id_fdfe2de8_fk_users_user_id FOREIGN KEY (author_id) REFERENCES public.users_user(id) DEFERRABLE INITIALLY DEFERRED;


--
-- Name: bookings_bookingnote bookings_bookingnote_booking_id_0f9a53c4_fk_bookings_booking_id; Type: FK CONSTRAINT; Schema: public; Owner: estuary
--

ALTER TABLE ONLY public.bookings_bookingnote
    ADD CONSTRAINT bookings_bookingnote_booking_id_0f9a53c4_fk_bookings_booking_id FOREIGN KEY (booking_id) REFERENCES public.bookings_booking(id) DEFERRABLE INITIALLY DEFERRED;


--
-- Name: bookings_bookingreminder bookings_bookingremi_booking_id_6d843976_fk_bookings_; Type: FK CONSTRAINT; Schema: public; Owner: estuary
--

ALTER TABLE ONLY public.bookings_bookingreminder
    ADD CONSTRAINT bookings_bookingremi_booking_id_6d843976_fk_bookings_ FOREIGN KEY (booking_id) REFERENCES public.bookings_booking(id) DEFERRABLE INITIALLY DEFERRED;


--
-- Name: community_communityfollow community_communityf_practitioner_id_2fcaca38_fk_practitio; Type: FK CONSTRAINT; Schema: public; Owner: estuary
--

ALTER TABLE ONLY public.community_communityfollow
    ADD CONSTRAINT community_communityf_practitioner_id_2fcaca38_fk_practitio FOREIGN KEY (practitioner_id) REFERENCES public.practitioners_practitioner(id) DEFERRABLE INITIALLY DEFERRED;


--
-- Name: community_communityfollow community_communityfollow_user_id_1d9c5b04_fk_users_user_id; Type: FK CONSTRAINT; Schema: public; Owner: estuary
--

ALTER TABLE ONLY public.community_communityfollow
    ADD CONSTRAINT community_communityfollow_user_id_1d9c5b04_fk_users_user_id FOREIGN KEY (user_id) REFERENCES public.users_user(id) DEFERRABLE INITIALLY DEFERRED;


--
-- Name: community_post community_post_practitioner_id_5447d58a_fk_practitio; Type: FK CONSTRAINT; Schema: public; Owner: estuary
--

ALTER TABLE ONLY public.community_post
    ADD CONSTRAINT community_post_practitioner_id_5447d58a_fk_practitio FOREIGN KEY (practitioner_id) REFERENCES public.practitioners_practitioner(id) DEFERRABLE INITIALLY DEFERRED;


--
-- Name: community_post_topics community_post_topic_communitytopic_id_b3bbfea3_fk_community; Type: FK CONSTRAINT; Schema: public; Owner: estuary
--

ALTER TABLE ONLY public.community_post_topics
    ADD CONSTRAINT community_post_topic_communitytopic_id_b3bbfea3_fk_community FOREIGN KEY (communitytopic_id) REFERENCES public.community_communitytopic(id) DEFERRABLE INITIALLY DEFERRED;


--
-- Name: community_post_topics community_post_topics_post_id_c387c0da_fk_community_post_id; Type: FK CONSTRAINT; Schema: public; Owner: estuary
--

ALTER TABLE ONLY public.community_post_topics
    ADD CONSTRAINT community_post_topics_post_id_c387c0da_fk_community_post_id FOREIGN KEY (post_id) REFERENCES public.community_post(id) DEFERRABLE INITIALLY DEFERRED;


--
-- Name: community_postcomment community_postcommen_parent_comment_id_f4bcd09d_fk_community; Type: FK CONSTRAINT; Schema: public; Owner: estuary
--

ALTER TABLE ONLY public.community_postcomment
    ADD CONSTRAINT community_postcommen_parent_comment_id_f4bcd09d_fk_community FOREIGN KEY (parent_comment_id) REFERENCES public.community_postcomment(id) DEFERRABLE INITIALLY DEFERRED;


--
-- Name: community_postcomment community_postcomment_post_id_4c087afb_fk_community_post_id; Type: FK CONSTRAINT; Schema: public; Owner: estuary
--

ALTER TABLE ONLY public.community_postcomment
    ADD CONSTRAINT community_postcomment_post_id_4c087afb_fk_community_post_id FOREIGN KEY (post_id) REFERENCES public.community_post(id) DEFERRABLE INITIALLY DEFERRED;


--
-- Name: community_postcomment community_postcomment_user_id_7b0c6ed4_fk_users_user_id; Type: FK CONSTRAINT; Schema: public; Owner: estuary
--

ALTER TABLE ONLY public.community_postcomment
    ADD CONSTRAINT community_postcomment_user_id_7b0c6ed4_fk_users_user_id FOREIGN KEY (user_id) REFERENCES public.users_user(id) DEFERRABLE INITIALLY DEFERRED;


--
-- Name: community_postpurchasevisibility community_postpurcha_post_id_f3b3aefe_fk_community; Type: FK CONSTRAINT; Schema: public; Owner: estuary
--

ALTER TABLE ONLY public.community_postpurchasevisibility
    ADD CONSTRAINT community_postpurcha_post_id_f3b3aefe_fk_community FOREIGN KEY (post_id) REFERENCES public.community_post(id) DEFERRABLE INITIALLY DEFERRED;


--
-- Name: community_postpurchasevisibility community_postpurcha_service_id_f4702d8d_fk_services_; Type: FK CONSTRAINT; Schema: public; Owner: estuary
--

ALTER TABLE ONLY public.community_postpurchasevisibility
    ADD CONSTRAINT community_postpurcha_service_id_f4702d8d_fk_services_ FOREIGN KEY (service_id) REFERENCES public.services_service(id) DEFERRABLE INITIALLY DEFERRED;


--
-- Name: community_postreaction community_postreaction_post_id_2362dc12_fk_community_post_id; Type: FK CONSTRAINT; Schema: public; Owner: estuary
--

ALTER TABLE ONLY public.community_postreaction
    ADD CONSTRAINT community_postreaction_post_id_2362dc12_fk_community_post_id FOREIGN KEY (post_id) REFERENCES public.community_post(id) DEFERRABLE INITIALLY DEFERRED;


--
-- Name: community_postreaction community_postreaction_user_id_a06da059_fk_users_user_id; Type: FK CONSTRAINT; Schema: public; Owner: estuary
--

ALTER TABLE ONLY public.community_postreaction
    ADD CONSTRAINT community_postreaction_user_id_a06da059_fk_users_user_id FOREIGN KEY (user_id) REFERENCES public.users_user(id) DEFERRABLE INITIALLY DEFERRED;


--
-- Name: django_admin_log django_admin_log_content_type_id_c4bce8eb_fk_django_co; Type: FK CONSTRAINT; Schema: public; Owner: estuary
--

ALTER TABLE ONLY public.django_admin_log
    ADD CONSTRAINT django_admin_log_content_type_id_c4bce8eb_fk_django_co FOREIGN KEY (content_type_id) REFERENCES public.django_content_type(id) DEFERRABLE INITIALLY DEFERRED;


--
-- Name: django_admin_log django_admin_log_user_id_c564eba6_fk_users_user_id; Type: FK CONSTRAINT; Schema: public; Owner: estuary
--

ALTER TABLE ONLY public.django_admin_log
    ADD CONSTRAINT django_admin_log_user_id_c564eba6_fk_users_user_id FOREIGN KEY (user_id) REFERENCES public.users_user(id) DEFERRABLE INITIALLY DEFERRED;


--
-- Name: external_service_fees external_service_fee_service_type_id_a758cf0c_fk_services_; Type: FK CONSTRAINT; Schema: public; Owner: estuary
--

ALTER TABLE ONLY public.external_service_fees
    ADD CONSTRAINT external_service_fee_service_type_id_a758cf0c_fk_services_ FOREIGN KEY (service_type_id) REFERENCES public.services_servicetype(id) DEFERRABLE INITIALLY DEFERRED;


--
-- Name: locations_city locations_city_state_id_cce9fdf3_fk_locations_state_id; Type: FK CONSTRAINT; Schema: public; Owner: estuary
--

ALTER TABLE ONLY public.locations_city
    ADD CONSTRAINT locations_city_state_id_cce9fdf3_fk_locations_state_id FOREIGN KEY (state_id) REFERENCES public.locations_state(id) DEFERRABLE INITIALLY DEFERRED;


--
-- Name: locations_practitionerlocation locations_practition_city_id_4e352303_fk_locations; Type: FK CONSTRAINT; Schema: public; Owner: estuary
--

ALTER TABLE ONLY public.locations_practitionerlocation
    ADD CONSTRAINT locations_practition_city_id_4e352303_fk_locations FOREIGN KEY (city_id) REFERENCES public.locations_city(id) DEFERRABLE INITIALLY DEFERRED;


--
-- Name: locations_practitionerlocation locations_practition_country_id_4594a41c_fk_locations; Type: FK CONSTRAINT; Schema: public; Owner: estuary
--

ALTER TABLE ONLY public.locations_practitionerlocation
    ADD CONSTRAINT locations_practition_country_id_4594a41c_fk_locations FOREIGN KEY (country_id) REFERENCES public.locations_country(id) DEFERRABLE INITIALLY DEFERRED;


--
-- Name: locations_practitionerlocation locations_practition_practitioner_id_5ff3c26f_fk_practitio; Type: FK CONSTRAINT; Schema: public; Owner: estuary
--

ALTER TABLE ONLY public.locations_practitionerlocation
    ADD CONSTRAINT locations_practition_practitioner_id_5ff3c26f_fk_practitio FOREIGN KEY (practitioner_id) REFERENCES public.practitioners_practitioner(id) DEFERRABLE INITIALLY DEFERRED;


--
-- Name: locations_practitionerlocation locations_practition_state_id_d7f837e1_fk_locations; Type: FK CONSTRAINT; Schema: public; Owner: estuary
--

ALTER TABLE ONLY public.locations_practitionerlocation
    ADD CONSTRAINT locations_practition_state_id_d7f837e1_fk_locations FOREIGN KEY (state_id) REFERENCES public.locations_state(id) DEFERRABLE INITIALLY DEFERRED;


--
-- Name: locations_state locations_state_country_id_25677d21_fk_locations_country_id; Type: FK CONSTRAINT; Schema: public; Owner: estuary
--

ALTER TABLE ONLY public.locations_state
    ADD CONSTRAINT locations_state_country_id_25677d21_fk_locations_country_id FOREIGN KEY (country_id) REFERENCES public.locations_country(id) DEFERRABLE INITIALLY DEFERRED;


--
-- Name: locations_zipcode locations_zipcode_city_id_a7399421_fk_locations_city_id; Type: FK CONSTRAINT; Schema: public; Owner: estuary
--

ALTER TABLE ONLY public.locations_zipcode
    ADD CONSTRAINT locations_zipcode_city_id_a7399421_fk_locations_city_id FOREIGN KEY (city_id) REFERENCES public.locations_city(id) DEFERRABLE INITIALLY DEFERRED;


--
-- Name: locations_zipcode locations_zipcode_country_id_af536f49_fk_locations_country_id; Type: FK CONSTRAINT; Schema: public; Owner: estuary
--

ALTER TABLE ONLY public.locations_zipcode
    ADD CONSTRAINT locations_zipcode_country_id_af536f49_fk_locations_country_id FOREIGN KEY (country_id) REFERENCES public.locations_country(id) DEFERRABLE INITIALLY DEFERRED;


--
-- Name: media_media media_media_uploaded_by_id_2e55dbaf_fk_users_user_id; Type: FK CONSTRAINT; Schema: public; Owner: estuary
--

ALTER TABLE ONLY public.media_media
    ADD CONSTRAINT media_media_uploaded_by_id_2e55dbaf_fk_users_user_id FOREIGN KEY (uploaded_by_id) REFERENCES public.users_user(id) DEFERRABLE INITIALLY DEFERRED;


--
-- Name: media_mediaprocessingjob media_mediaprocessingjob_media_id_e84fad53_fk_media_media_id; Type: FK CONSTRAINT; Schema: public; Owner: estuary
--

ALTER TABLE ONLY public.media_mediaprocessingjob
    ADD CONSTRAINT media_mediaprocessingjob_media_id_e84fad53_fk_media_media_id FOREIGN KEY (media_id) REFERENCES public.media_media(id) DEFERRABLE INITIALLY DEFERRED;


--
-- Name: media_mediaversion media_mediaversion_media_id_392a08d1_fk_media_media_id; Type: FK CONSTRAINT; Schema: public; Owner: estuary
--

ALTER TABLE ONLY public.media_mediaversion
    ADD CONSTRAINT media_mediaversion_media_id_392a08d1_fk_media_media_id FOREIGN KEY (media_id) REFERENCES public.media_media(id) DEFERRABLE INITIALLY DEFERRED;


--
-- Name: messaging_blockeduser messaging_blockeduser_blocked_id_4d617425_fk_users_user_id; Type: FK CONSTRAINT; Schema: public; Owner: estuary
--

ALTER TABLE ONLY public.messaging_blockeduser
    ADD CONSTRAINT messaging_blockeduser_blocked_id_4d617425_fk_users_user_id FOREIGN KEY (blocked_id) REFERENCES public.users_user(id) DEFERRABLE INITIALLY DEFERRED;


--
-- Name: messaging_blockeduser messaging_blockeduser_blocker_id_90170898_fk_users_user_id; Type: FK CONSTRAINT; Schema: public; Owner: estuary
--

ALTER TABLE ONLY public.messaging_blockeduser
    ADD CONSTRAINT messaging_blockeduser_blocker_id_90170898_fk_users_user_id FOREIGN KEY (blocker_id) REFERENCES public.users_user(id) DEFERRABLE INITIALLY DEFERRED;


--
-- Name: messaging_conversationparticipant messaging_conversati_conversation_id_35c831e7_fk_messaging; Type: FK CONSTRAINT; Schema: public; Owner: estuary
--

ALTER TABLE ONLY public.messaging_conversationparticipant
    ADD CONSTRAINT messaging_conversati_conversation_id_35c831e7_fk_messaging FOREIGN KEY (conversation_id) REFERENCES public.messaging_conversation(id) DEFERRABLE INITIALLY DEFERRED;


--
-- Name: messaging_conversationparticipant messaging_conversati_last_read_message_id_5fbe207f_fk_messaging; Type: FK CONSTRAINT; Schema: public; Owner: estuary
--

ALTER TABLE ONLY public.messaging_conversationparticipant
    ADD CONSTRAINT messaging_conversati_last_read_message_id_5fbe207f_fk_messaging FOREIGN KEY (last_read_message_id) REFERENCES public.messaging_message(id) DEFERRABLE INITIALLY DEFERRED;


--
-- Name: messaging_conversation messaging_conversati_related_booking_id_49072b44_fk_bookings_; Type: FK CONSTRAINT; Schema: public; Owner: estuary
--

ALTER TABLE ONLY public.messaging_conversation
    ADD CONSTRAINT messaging_conversati_related_booking_id_49072b44_fk_bookings_ FOREIGN KEY (related_booking_id) REFERENCES public.bookings_booking(id) DEFERRABLE INITIALLY DEFERRED;


--
-- Name: messaging_conversation messaging_conversati_related_service_id_cd37ac7a_fk_services_; Type: FK CONSTRAINT; Schema: public; Owner: estuary
--

ALTER TABLE ONLY public.messaging_conversation
    ADD CONSTRAINT messaging_conversati_related_service_id_cd37ac7a_fk_services_ FOREIGN KEY (related_service_id) REFERENCES public.services_service(id) DEFERRABLE INITIALLY DEFERRED;


--
-- Name: messaging_conversationparticipant messaging_conversati_user_id_0512230a_fk_users_use; Type: FK CONSTRAINT; Schema: public; Owner: estuary
--

ALTER TABLE ONLY public.messaging_conversationparticipant
    ADD CONSTRAINT messaging_conversati_user_id_0512230a_fk_users_use FOREIGN KEY (user_id) REFERENCES public.users_user(id) DEFERRABLE INITIALLY DEFERRED;


--
-- Name: messaging_message messaging_message_conversation_id_3db4d3d1_fk_messaging; Type: FK CONSTRAINT; Schema: public; Owner: estuary
--

ALTER TABLE ONLY public.messaging_message
    ADD CONSTRAINT messaging_message_conversation_id_3db4d3d1_fk_messaging FOREIGN KEY (conversation_id) REFERENCES public.messaging_conversation(id) DEFERRABLE INITIALLY DEFERRED;


--
-- Name: messaging_message messaging_message_sender_id_7a7088e6_fk_users_user_id; Type: FK CONSTRAINT; Schema: public; Owner: estuary
--

ALTER TABLE ONLY public.messaging_message
    ADD CONSTRAINT messaging_message_sender_id_7a7088e6_fk_users_user_id FOREIGN KEY (sender_id) REFERENCES public.users_user(id) DEFERRABLE INITIALLY DEFERRED;


--
-- Name: messaging_messagenotificationpreference messaging_messagenot_user_id_7dc1da59_fk_users_use; Type: FK CONSTRAINT; Schema: public; Owner: estuary
--

ALTER TABLE ONLY public.messaging_messagenotificationpreference
    ADD CONSTRAINT messaging_messagenot_user_id_7dc1da59_fk_users_use FOREIGN KEY (user_id) REFERENCES public.users_user(id) DEFERRABLE INITIALLY DEFERRED;


--
-- Name: messaging_messagereceipt messaging_messagerec_message_id_5118d9f3_fk_messaging; Type: FK CONSTRAINT; Schema: public; Owner: estuary
--

ALTER TABLE ONLY public.messaging_messagereceipt
    ADD CONSTRAINT messaging_messagerec_message_id_5118d9f3_fk_messaging FOREIGN KEY (message_id) REFERENCES public.messaging_message(id) DEFERRABLE INITIALLY DEFERRED;


--
-- Name: messaging_messagereceipt messaging_messagereceipt_user_id_d53b1f30_fk_users_user_id; Type: FK CONSTRAINT; Schema: public; Owner: estuary
--

ALTER TABLE ONLY public.messaging_messagereceipt
    ADD CONSTRAINT messaging_messagereceipt_user_id_d53b1f30_fk_users_user_id FOREIGN KEY (user_id) REFERENCES public.users_user(id) DEFERRABLE INITIALLY DEFERRED;


--
-- Name: messaging_typingindicator messaging_typingindi_conversation_id_34dcb1a8_fk_messaging; Type: FK CONSTRAINT; Schema: public; Owner: estuary
--

ALTER TABLE ONLY public.messaging_typingindicator
    ADD CONSTRAINT messaging_typingindi_conversation_id_34dcb1a8_fk_messaging FOREIGN KEY (conversation_id) REFERENCES public.messaging_conversation(id) DEFERRABLE INITIALLY DEFERRED;


--
-- Name: messaging_typingindicator messaging_typingindicator_user_id_555a6ada_fk_users_user_id; Type: FK CONSTRAINT; Schema: public; Owner: estuary
--

ALTER TABLE ONLY public.messaging_typingindicator
    ADD CONSTRAINT messaging_typingindicator_user_id_555a6ada_fk_users_user_id FOREIGN KEY (user_id) REFERENCES public.users_user(id) DEFERRABLE INITIALLY DEFERRED;


--
-- Name: out_of_office out_of_office_practitioner_id_3e8de284_fk_practitio; Type: FK CONSTRAINT; Schema: public; Owner: estuary
--

ALTER TABLE ONLY public.out_of_office
    ADD CONSTRAINT out_of_office_practitioner_id_3e8de284_fk_practitio FOREIGN KEY (practitioner_id) REFERENCES public.practitioners_practitioner(id) DEFERRABLE INITIALLY DEFERRED;


--
-- Name: package_completion_records package_completion_r_package_booking_id_f33bb63b_fk_bookings_; Type: FK CONSTRAINT; Schema: public; Owner: estuary
--

ALTER TABLE ONLY public.package_completion_records
    ADD CONSTRAINT package_completion_r_package_booking_id_f33bb63b_fk_bookings_ FOREIGN KEY (package_booking_id) REFERENCES public.bookings_booking(id) DEFERRABLE INITIALLY DEFERRED;


--
-- Name: payments_earningstransaction payments_earningstra_booking_id_8fbbfa83_fk_bookings_; Type: FK CONSTRAINT; Schema: public; Owner: estuary
--

ALTER TABLE ONLY public.payments_earningstransaction
    ADD CONSTRAINT payments_earningstra_booking_id_8fbbfa83_fk_bookings_ FOREIGN KEY (booking_id) REFERENCES public.bookings_booking(id) DEFERRABLE INITIALLY DEFERRED;


--
-- Name: payments_earningstransaction payments_earningstra_payout_id_9b7f99bb_fk_payments_; Type: FK CONSTRAINT; Schema: public; Owner: estuary
--

ALTER TABLE ONLY public.payments_earningstransaction
    ADD CONSTRAINT payments_earningstra_payout_id_9b7f99bb_fk_payments_ FOREIGN KEY (payout_id) REFERENCES public.payments_practitionerpayout(id) DEFERRABLE INITIALLY DEFERRED;


--
-- Name: payments_earningstransaction payments_earningstra_practitioner_id_d408a763_fk_practitio; Type: FK CONSTRAINT; Schema: public; Owner: estuary
--

ALTER TABLE ONLY public.payments_earningstransaction
    ADD CONSTRAINT payments_earningstra_practitioner_id_d408a763_fk_practitio FOREIGN KEY (practitioner_id) REFERENCES public.practitioners_practitioner(id) DEFERRABLE INITIALLY DEFERRED;


--
-- Name: payments_order payments_order_practitioner_id_9a46a991_fk_practitio; Type: FK CONSTRAINT; Schema: public; Owner: estuary
--

ALTER TABLE ONLY public.payments_order
    ADD CONSTRAINT payments_order_practitioner_id_9a46a991_fk_practitio FOREIGN KEY (practitioner_id) REFERENCES public.practitioners_practitioner(id) DEFERRABLE INITIALLY DEFERRED;


--
-- Name: payments_order payments_order_service_id_b1dc65dd_fk_services_service_id; Type: FK CONSTRAINT; Schema: public; Owner: estuary
--

ALTER TABLE ONLY public.payments_order
    ADD CONSTRAINT payments_order_service_id_b1dc65dd_fk_services_service_id FOREIGN KEY (service_id) REFERENCES public.services_service(id) DEFERRABLE INITIALLY DEFERRED;


--
-- Name: payments_order payments_order_user_id_50e0f630_fk_users_user_id; Type: FK CONSTRAINT; Schema: public; Owner: estuary
--

ALTER TABLE ONLY public.payments_order
    ADD CONSTRAINT payments_order_user_id_50e0f630_fk_users_user_id FOREIGN KEY (user_id) REFERENCES public.users_user(id) DEFERRABLE INITIALLY DEFERRED;


--
-- Name: payments_paymentmethod payments_paymentmethod_user_id_920d7ec9_fk_users_user_id; Type: FK CONSTRAINT; Schema: public; Owner: estuary
--

ALTER TABLE ONLY public.payments_paymentmethod
    ADD CONSTRAINT payments_paymentmethod_user_id_920d7ec9_fk_users_user_id FOREIGN KEY (user_id) REFERENCES public.users_user(id) DEFERRABLE INITIALLY DEFERRED;


--
-- Name: payments_practitionerearnings payments_practitione_practitioner_id_5416c85b_fk_practitio; Type: FK CONSTRAINT; Schema: public; Owner: estuary
--

ALTER TABLE ONLY public.payments_practitionerearnings
    ADD CONSTRAINT payments_practitione_practitioner_id_5416c85b_fk_practitio FOREIGN KEY (practitioner_id) REFERENCES public.practitioners_practitioner(id) DEFERRABLE INITIALLY DEFERRED;


--
-- Name: payments_practitionerpayout payments_practitione_practitioner_id_e6d2c581_fk_practitio; Type: FK CONSTRAINT; Schema: public; Owner: estuary
--

ALTER TABLE ONLY public.payments_practitionerpayout
    ADD CONSTRAINT payments_practitione_practitioner_id_e6d2c581_fk_practitio FOREIGN KEY (practitioner_id) REFERENCES public.practitioners_practitioner(id) DEFERRABLE INITIALLY DEFERRED;


--
-- Name: payments_practitionerpayout payments_practitione_processed_by_id_2cd750d3_fk_users_use; Type: FK CONSTRAINT; Schema: public; Owner: estuary
--

ALTER TABLE ONLY public.payments_practitionerpayout
    ADD CONSTRAINT payments_practitione_processed_by_id_2cd750d3_fk_users_use FOREIGN KEY (processed_by_id) REFERENCES public.users_user(id) DEFERRABLE INITIALLY DEFERRED;


--
-- Name: payments_usercreditbalance payments_usercreditb_last_transaction_id_09eb1613_fk_payments_; Type: FK CONSTRAINT; Schema: public; Owner: estuary
--

ALTER TABLE ONLY public.payments_usercreditbalance
    ADD CONSTRAINT payments_usercreditb_last_transaction_id_09eb1613_fk_payments_ FOREIGN KEY (last_transaction_id) REFERENCES public.payments_usercredittransaction(id) DEFERRABLE INITIALLY DEFERRED;


--
-- Name: payments_usercreditbalance payments_usercreditbalance_user_id_7fedf5f0_fk_users_user_id; Type: FK CONSTRAINT; Schema: public; Owner: estuary
--

ALTER TABLE ONLY public.payments_usercreditbalance
    ADD CONSTRAINT payments_usercreditbalance_user_id_7fedf5f0_fk_users_user_id FOREIGN KEY (user_id) REFERENCES public.users_user(id) DEFERRABLE INITIALLY DEFERRED;


--
-- Name: payments_usercredittransaction payments_usercreditt_booking_id_f9d60fd0_fk_bookings_; Type: FK CONSTRAINT; Schema: public; Owner: estuary
--

ALTER TABLE ONLY public.payments_usercredittransaction
    ADD CONSTRAINT payments_usercreditt_booking_id_f9d60fd0_fk_bookings_ FOREIGN KEY (booking_id) REFERENCES public.bookings_booking(id) DEFERRABLE INITIALLY DEFERRED;


--
-- Name: payments_usercredittransaction payments_usercreditt_order_id_e5119af3_fk_payments_; Type: FK CONSTRAINT; Schema: public; Owner: estuary
--

ALTER TABLE ONLY public.payments_usercredittransaction
    ADD CONSTRAINT payments_usercreditt_order_id_e5119af3_fk_payments_ FOREIGN KEY (order_id) REFERENCES public.payments_order(id) DEFERRABLE INITIALLY DEFERRED;


--
-- Name: payments_usercredittransaction payments_usercreditt_practitioner_id_ed811c3f_fk_practitio; Type: FK CONSTRAINT; Schema: public; Owner: estuary
--

ALTER TABLE ONLY public.payments_usercredittransaction
    ADD CONSTRAINT payments_usercreditt_practitioner_id_ed811c3f_fk_practitio FOREIGN KEY (practitioner_id) REFERENCES public.practitioners_practitioner(id) DEFERRABLE INITIALLY DEFERRED;


--
-- Name: payments_usercredittransaction payments_usercreditt_reference_transactio_9e1ebd2b_fk_payments_; Type: FK CONSTRAINT; Schema: public; Owner: estuary
--

ALTER TABLE ONLY public.payments_usercredittransaction
    ADD CONSTRAINT payments_usercreditt_reference_transactio_9e1ebd2b_fk_payments_ FOREIGN KEY (reference_transaction_id) REFERENCES public.payments_usercredittransaction(id) DEFERRABLE INITIALLY DEFERRED;


--
-- Name: payments_usercredittransaction payments_usercreditt_service_id_847b60de_fk_services_; Type: FK CONSTRAINT; Schema: public; Owner: estuary
--

ALTER TABLE ONLY public.payments_usercredittransaction
    ADD CONSTRAINT payments_usercreditt_service_id_847b60de_fk_services_ FOREIGN KEY (service_id) REFERENCES public.services_service(id) DEFERRABLE INITIALLY DEFERRED;


--
-- Name: payments_usercredittransaction payments_usercreditt_user_id_480e90b2_fk_users_use; Type: FK CONSTRAINT; Schema: public; Owner: estuary
--

ALTER TABLE ONLY public.payments_usercredittransaction
    ADD CONSTRAINT payments_usercreditt_user_id_480e90b2_fk_users_use FOREIGN KEY (user_id) REFERENCES public.users_user(id) DEFERRABLE INITIALLY DEFERRED;


--
-- Name: practitioner_onboarding_progress practitioner_onboard_practitioner_id_7c75653f_fk_practitio; Type: FK CONSTRAINT; Schema: public; Owner: estuary
--

ALTER TABLE ONLY public.practitioner_onboarding_progress
    ADD CONSTRAINT practitioner_onboard_practitioner_id_7c75653f_fk_practitio FOREIGN KEY (practitioner_id) REFERENCES public.practitioners_practitioner(id) DEFERRABLE INITIALLY DEFERRED;


--
-- Name: practitioner_performance practitioner_perform_practitioner_id_3ee50010_fk_practitio; Type: FK CONSTRAINT; Schema: public; Owner: estuary
--

ALTER TABLE ONLY public.practitioner_performance
    ADD CONSTRAINT practitioner_perform_practitioner_id_3ee50010_fk_practitio FOREIGN KEY (practitioner_id) REFERENCES public.practitioners_practitioner(id) DEFERRABLE INITIALLY DEFERRED;


--
-- Name: practitioner_subscriptions practitioner_subscri_practitioner_id_f66cfee7_fk_practitio; Type: FK CONSTRAINT; Schema: public; Owner: estuary
--

ALTER TABLE ONLY public.practitioner_subscriptions
    ADD CONSTRAINT practitioner_subscri_practitioner_id_f66cfee7_fk_practitio FOREIGN KEY (practitioner_id) REFERENCES public.practitioners_practitioner(id) DEFERRABLE INITIALLY DEFERRED;


--
-- Name: practitioner_subscriptions practitioner_subscri_tier_id_9fb8d97d_fk_subscript; Type: FK CONSTRAINT; Schema: public; Owner: estuary
--

ALTER TABLE ONLY public.practitioner_subscriptions
    ADD CONSTRAINT practitioner_subscri_tier_id_9fb8d97d_fk_subscript FOREIGN KEY (tier_id) REFERENCES public.subscription_tiers(id) DEFERRABLE INITIALLY DEFERRED;


--
-- Name: practitioners_clientnote practitioners_client_practitioner_id_4a49fcad_fk_practitio; Type: FK CONSTRAINT; Schema: public; Owner: estuary
--

ALTER TABLE ONLY public.practitioners_clientnote
    ADD CONSTRAINT practitioners_client_practitioner_id_4a49fcad_fk_practitio FOREIGN KEY (practitioner_id) REFERENCES public.practitioners_practitioner(id) DEFERRABLE INITIALLY DEFERRED;


--
-- Name: practitioners_clientnote practitioners_clientnote_client_id_171eeed9_fk_users_user_id; Type: FK CONSTRAINT; Schema: public; Owner: estuary
--

ALTER TABLE ONLY public.practitioners_clientnote
    ADD CONSTRAINT practitioners_clientnote_client_id_171eeed9_fk_users_user_id FOREIGN KEY (client_id) REFERENCES public.users_user(id) DEFERRABLE INITIALLY DEFERRED;


--
-- Name: practitioners_practitioner_certifications practitioners_practi_certification_id_a905db91_fk_certifica; Type: FK CONSTRAINT; Schema: public; Owner: estuary
--

ALTER TABLE ONLY public.practitioners_practitioner_certifications
    ADD CONSTRAINT practitioners_practi_certification_id_a905db91_fk_certifica FOREIGN KEY (certification_id) REFERENCES public.certifications(id) DEFERRABLE INITIALLY DEFERRED;


--
-- Name: practitioners_practitioner_educations practitioners_practi_education_id_fda80aec_fk_education; Type: FK CONSTRAINT; Schema: public; Owner: estuary
--

ALTER TABLE ONLY public.practitioners_practitioner_educations
    ADD CONSTRAINT practitioners_practi_education_id_fda80aec_fk_education FOREIGN KEY (education_id) REFERENCES public.educations(id) DEFERRABLE INITIALLY DEFERRED;


--
-- Name: practitioners_practitioner_modalities practitioners_practi_modality_id_db21fea5_fk_common_mo; Type: FK CONSTRAINT; Schema: public; Owner: estuary
--

ALTER TABLE ONLY public.practitioners_practitioner_modalities
    ADD CONSTRAINT practitioners_practi_modality_id_db21fea5_fk_common_mo FOREIGN KEY (modality_id) REFERENCES public.common_modality(id) DEFERRABLE INITIALLY DEFERRED;


--
-- Name: practitioners_practitioner_certifications practitioners_practi_practitioner_id_3f366398_fk_practitio; Type: FK CONSTRAINT; Schema: public; Owner: estuary
--

ALTER TABLE ONLY public.practitioners_practitioner_certifications
    ADD CONSTRAINT practitioners_practi_practitioner_id_3f366398_fk_practitio FOREIGN KEY (practitioner_id) REFERENCES public.practitioners_practitioner(id) DEFERRABLE INITIALLY DEFERRED;


--
-- Name: practitioners_practitioner_topics practitioners_practi_practitioner_id_52be70ce_fk_practitio; Type: FK CONSTRAINT; Schema: public; Owner: estuary
--

ALTER TABLE ONLY public.practitioners_practitioner_topics
    ADD CONSTRAINT practitioners_practi_practitioner_id_52be70ce_fk_practitio FOREIGN KEY (practitioner_id) REFERENCES public.practitioners_practitioner(id) DEFERRABLE INITIALLY DEFERRED;


--
-- Name: practitioners_practitioner_educations practitioners_practi_practitioner_id_5abe08ea_fk_practitio; Type: FK CONSTRAINT; Schema: public; Owner: estuary
--

ALTER TABLE ONLY public.practitioners_practitioner_educations
    ADD CONSTRAINT practitioners_practi_practitioner_id_5abe08ea_fk_practitio FOREIGN KEY (practitioner_id) REFERENCES public.practitioners_practitioner(id) DEFERRABLE INITIALLY DEFERRED;


--
-- Name: practitioners_practitioner_styles practitioners_practi_practitioner_id_63365fc0_fk_practitio; Type: FK CONSTRAINT; Schema: public; Owner: estuary
--

ALTER TABLE ONLY public.practitioners_practitioner_styles
    ADD CONSTRAINT practitioners_practi_practitioner_id_63365fc0_fk_practitio FOREIGN KEY (practitioner_id) REFERENCES public.practitioners_practitioner(id) DEFERRABLE INITIALLY DEFERRED;


--
-- Name: practitioners_practitioner_modalities practitioners_practi_practitioner_id_730c678a_fk_practitio; Type: FK CONSTRAINT; Schema: public; Owner: estuary
--

ALTER TABLE ONLY public.practitioners_practitioner_modalities
    ADD CONSTRAINT practitioners_practi_practitioner_id_730c678a_fk_practitio FOREIGN KEY (practitioner_id) REFERENCES public.practitioners_practitioner(id) DEFERRABLE INITIALLY DEFERRED;


--
-- Name: practitioners_practitioner_specializations practitioners_practi_practitioner_id_762fa13e_fk_practitio; Type: FK CONSTRAINT; Schema: public; Owner: estuary
--

ALTER TABLE ONLY public.practitioners_practitioner_specializations
    ADD CONSTRAINT practitioners_practi_practitioner_id_762fa13e_fk_practitio FOREIGN KEY (practitioner_id) REFERENCES public.practitioners_practitioner(id) DEFERRABLE INITIALLY DEFERRED;


--
-- Name: practitioners_practitioner_questions practitioners_practi_practitioner_id_c6081ff5_fk_practitio; Type: FK CONSTRAINT; Schema: public; Owner: estuary
--

ALTER TABLE ONLY public.practitioners_practitioner_questions
    ADD CONSTRAINT practitioners_practi_practitioner_id_c6081ff5_fk_practitio FOREIGN KEY (practitioner_id) REFERENCES public.practitioners_practitioner(id) DEFERRABLE INITIALLY DEFERRED;


--
-- Name: practitioners_practitioner practitioners_practi_primary_location_id_74fff835_fk_locations; Type: FK CONSTRAINT; Schema: public; Owner: estuary
--

ALTER TABLE ONLY public.practitioners_practitioner
    ADD CONSTRAINT practitioners_practi_primary_location_id_74fff835_fk_locations FOREIGN KEY (primary_location_id) REFERENCES public.locations_practitionerlocation(id) DEFERRABLE INITIALLY DEFERRED;


--
-- Name: practitioners_practitioner_questions practitioners_practi_question_id_405534b9_fk_questions; Type: FK CONSTRAINT; Schema: public; Owner: estuary
--

ALTER TABLE ONLY public.practitioners_practitioner_questions
    ADD CONSTRAINT practitioners_practi_question_id_405534b9_fk_questions FOREIGN KEY (question_id) REFERENCES public.questions(id) DEFERRABLE INITIALLY DEFERRED;


--
-- Name: practitioners_practitioner_specializations practitioners_practi_specialize_id_465b80cc_fk_specializ; Type: FK CONSTRAINT; Schema: public; Owner: estuary
--

ALTER TABLE ONLY public.practitioners_practitioner_specializations
    ADD CONSTRAINT practitioners_practi_specialize_id_465b80cc_fk_specializ FOREIGN KEY (specialize_id) REFERENCES public.specializations(id) DEFERRABLE INITIALLY DEFERRED;


--
-- Name: practitioners_practitioner_styles practitioners_practi_style_id_ab6e0561_fk_styles_id; Type: FK CONSTRAINT; Schema: public; Owner: estuary
--

ALTER TABLE ONLY public.practitioners_practitioner_styles
    ADD CONSTRAINT practitioners_practi_style_id_ab6e0561_fk_styles_id FOREIGN KEY (style_id) REFERENCES public.styles(id) DEFERRABLE INITIALLY DEFERRED;


--
-- Name: practitioners_practitioner_topics practitioners_practi_topic_id_be30d960_fk_topics_id; Type: FK CONSTRAINT; Schema: public; Owner: estuary
--

ALTER TABLE ONLY public.practitioners_practitioner_topics
    ADD CONSTRAINT practitioners_practi_topic_id_be30d960_fk_topics_id FOREIGN KEY (topic_id) REFERENCES public.topics(id) DEFERRABLE INITIALLY DEFERRED;


--
-- Name: practitioners_practitioner practitioners_practitioner_user_id_26bf9055_fk_users_user_id; Type: FK CONSTRAINT; Schema: public; Owner: estuary
--

ALTER TABLE ONLY public.practitioners_practitioner
    ADD CONSTRAINT practitioners_practitioner_user_id_26bf9055_fk_users_user_id FOREIGN KEY (user_id) REFERENCES public.users_user(id) DEFERRABLE INITIALLY DEFERRED;


--
-- Name: practitioners_schedulepreference practitioners_schedu_country_id_b67d47d8_fk_locations; Type: FK CONSTRAINT; Schema: public; Owner: estuary
--

ALTER TABLE ONLY public.practitioners_schedulepreference
    ADD CONSTRAINT practitioners_schedu_country_id_b67d47d8_fk_locations FOREIGN KEY (country_id) REFERENCES public.locations_country(id) DEFERRABLE INITIALLY DEFERRED;


--
-- Name: practitioners_schedule practitioners_schedu_practitioner_id_2627aa03_fk_practitio; Type: FK CONSTRAINT; Schema: public; Owner: estuary
--

ALTER TABLE ONLY public.practitioners_schedule
    ADD CONSTRAINT practitioners_schedu_practitioner_id_2627aa03_fk_practitio FOREIGN KEY (practitioner_id) REFERENCES public.practitioners_practitioner(id) DEFERRABLE INITIALLY DEFERRED;


--
-- Name: practitioners_schedulepreference practitioners_schedu_practitioner_id_b325fd78_fk_practitio; Type: FK CONSTRAINT; Schema: public; Owner: estuary
--

ALTER TABLE ONLY public.practitioners_schedulepreference
    ADD CONSTRAINT practitioners_schedu_practitioner_id_b325fd78_fk_practitio FOREIGN KEY (practitioner_id) REFERENCES public.practitioners_practitioner(id) DEFERRABLE INITIALLY DEFERRED;


--
-- Name: practitioners_scheduletimeslot practitioners_schedu_schedule_id_34768378_fk_practitio; Type: FK CONSTRAINT; Schema: public; Owner: estuary
--

ALTER TABLE ONLY public.practitioners_scheduletimeslot
    ADD CONSTRAINT practitioners_schedu_schedule_id_34768378_fk_practitio FOREIGN KEY (schedule_id) REFERENCES public.practitioners_schedule(id) DEFERRABLE INITIALLY DEFERRED;


--
-- Name: practitioners_serviceschedule practitioners_servic_practitioner_id_5b5aa5b0_fk_practitio; Type: FK CONSTRAINT; Schema: public; Owner: estuary
--

ALTER TABLE ONLY public.practitioners_serviceschedule
    ADD CONSTRAINT practitioners_servic_practitioner_id_5b5aa5b0_fk_practitio FOREIGN KEY (practitioner_id) REFERENCES public.practitioners_practitioner(id) DEFERRABLE INITIALLY DEFERRED;


--
-- Name: practitioners_serviceschedule practitioners_servic_service_id_63c02767_fk_services_; Type: FK CONSTRAINT; Schema: public; Owner: estuary
--

ALTER TABLE ONLY public.practitioners_serviceschedule
    ADD CONSTRAINT practitioners_servic_service_id_63c02767_fk_services_ FOREIGN KEY (service_id) REFERENCES public.services_service(id) DEFERRABLE INITIALLY DEFERRED;


--
-- Name: reviews_review reviews_review_booking_id_c8b83bac_fk_bookings_booking_id; Type: FK CONSTRAINT; Schema: public; Owner: estuary
--

ALTER TABLE ONLY public.reviews_review
    ADD CONSTRAINT reviews_review_booking_id_c8b83bac_fk_bookings_booking_id FOREIGN KEY (booking_id) REFERENCES public.bookings_booking(id) DEFERRABLE INITIALLY DEFERRED;


--
-- Name: reviews_review reviews_review_practitioner_id_42c3b7bf_fk_practitio; Type: FK CONSTRAINT; Schema: public; Owner: estuary
--

ALTER TABLE ONLY public.reviews_review
    ADD CONSTRAINT reviews_review_practitioner_id_42c3b7bf_fk_practitio FOREIGN KEY (practitioner_id) REFERENCES public.practitioners_practitioner(id) DEFERRABLE INITIALLY DEFERRED;


--
-- Name: reviews_review reviews_review_service_id_8aaf292d_fk_services_service_id; Type: FK CONSTRAINT; Schema: public; Owner: estuary
--

ALTER TABLE ONLY public.reviews_review
    ADD CONSTRAINT reviews_review_service_id_8aaf292d_fk_services_service_id FOREIGN KEY (service_id) REFERENCES public.services_service(id) DEFERRABLE INITIALLY DEFERRED;


--
-- Name: reviews_review reviews_review_user_id_875caff2_fk_users_user_id; Type: FK CONSTRAINT; Schema: public; Owner: estuary
--

ALTER TABLE ONLY public.reviews_review
    ADD CONSTRAINT reviews_review_user_id_875caff2_fk_users_user_id FOREIGN KEY (user_id) REFERENCES public.users_user(id) DEFERRABLE INITIALLY DEFERRED;


--
-- Name: reviews_reviewanswer reviews_reviewanswer_question_id_59b5487e_fk_reviews_r; Type: FK CONSTRAINT; Schema: public; Owner: estuary
--

ALTER TABLE ONLY public.reviews_reviewanswer
    ADD CONSTRAINT reviews_reviewanswer_question_id_59b5487e_fk_reviews_r FOREIGN KEY (question_id) REFERENCES public.reviews_reviewquestion(id) DEFERRABLE INITIALLY DEFERRED;


--
-- Name: reviews_reviewanswer reviews_reviewanswer_review_id_78a8b911_fk_reviews_review_id; Type: FK CONSTRAINT; Schema: public; Owner: estuary
--

ALTER TABLE ONLY public.reviews_reviewanswer
    ADD CONSTRAINT reviews_reviewanswer_review_id_78a8b911_fk_reviews_review_id FOREIGN KEY (review_id) REFERENCES public.reviews_review(id) DEFERRABLE INITIALLY DEFERRED;


--
-- Name: reviews_reviewreport reviews_reviewreport_resolved_by_id_a6a79622_fk_users_user_id; Type: FK CONSTRAINT; Schema: public; Owner: estuary
--

ALTER TABLE ONLY public.reviews_reviewreport
    ADD CONSTRAINT reviews_reviewreport_resolved_by_id_a6a79622_fk_users_user_id FOREIGN KEY (resolved_by_id) REFERENCES public.users_user(id) DEFERRABLE INITIALLY DEFERRED;


--
-- Name: reviews_reviewreport reviews_reviewreport_review_id_b7dfcfca_fk_reviews_review_id; Type: FK CONSTRAINT; Schema: public; Owner: estuary
--

ALTER TABLE ONLY public.reviews_reviewreport
    ADD CONSTRAINT reviews_reviewreport_review_id_b7dfcfca_fk_reviews_review_id FOREIGN KEY (review_id) REFERENCES public.reviews_review(id) DEFERRABLE INITIALLY DEFERRED;


--
-- Name: reviews_reviewreport reviews_reviewreport_user_id_d02051fa_fk_users_user_id; Type: FK CONSTRAINT; Schema: public; Owner: estuary
--

ALTER TABLE ONLY public.reviews_reviewreport
    ADD CONSTRAINT reviews_reviewreport_user_id_d02051fa_fk_users_user_id FOREIGN KEY (user_id) REFERENCES public.users_user(id) DEFERRABLE INITIALLY DEFERRED;


--
-- Name: reviews_reviewvote reviews_reviewvote_review_id_0cdb7cab_fk_reviews_review_id; Type: FK CONSTRAINT; Schema: public; Owner: estuary
--

ALTER TABLE ONLY public.reviews_reviewvote
    ADD CONSTRAINT reviews_reviewvote_review_id_0cdb7cab_fk_reviews_review_id FOREIGN KEY (review_id) REFERENCES public.reviews_review(id) DEFERRABLE INITIALLY DEFERRED;


--
-- Name: reviews_reviewvote reviews_reviewvote_user_id_595149a6_fk_users_user_id; Type: FK CONSTRAINT; Schema: public; Owner: estuary
--

ALTER TABLE ONLY public.reviews_reviewvote
    ADD CONSTRAINT reviews_reviewvote_user_id_595149a6_fk_users_user_id FOREIGN KEY (user_id) REFERENCES public.users_user(id) DEFERRABLE INITIALLY DEFERRED;


--
-- Name: rooms_room rooms_room_booking_id_27870882_fk_bookings_booking_id; Type: FK CONSTRAINT; Schema: public; Owner: estuary
--

ALTER TABLE ONLY public.rooms_room
    ADD CONSTRAINT rooms_room_booking_id_27870882_fk_bookings_booking_id FOREIGN KEY (booking_id) REFERENCES public.bookings_booking(id) DEFERRABLE INITIALLY DEFERRED;


--
-- Name: rooms_room rooms_room_service_session_id_7b767033_fk_service_sessions_id; Type: FK CONSTRAINT; Schema: public; Owner: estuary
--

ALTER TABLE ONLY public.rooms_room
    ADD CONSTRAINT rooms_room_service_session_id_7b767033_fk_service_sessions_id FOREIGN KEY (service_session_id) REFERENCES public.service_sessions(id) DEFERRABLE INITIALLY DEFERRED;


--
-- Name: rooms_room rooms_room_template_id_add9921f_fk_rooms_roomtemplate_id; Type: FK CONSTRAINT; Schema: public; Owner: estuary
--

ALTER TABLE ONLY public.rooms_room
    ADD CONSTRAINT rooms_room_template_id_add9921f_fk_rooms_roomtemplate_id FOREIGN KEY (template_id) REFERENCES public.rooms_roomtemplate(id) DEFERRABLE INITIALLY DEFERRED;


--
-- Name: rooms_roombookingrelation rooms_roombookingrel_booking_id_738ce854_fk_bookings_; Type: FK CONSTRAINT; Schema: public; Owner: estuary
--

ALTER TABLE ONLY public.rooms_roombookingrelation
    ADD CONSTRAINT rooms_roombookingrel_booking_id_738ce854_fk_bookings_ FOREIGN KEY (booking_id) REFERENCES public.bookings_booking(id) DEFERRABLE INITIALLY DEFERRED;


--
-- Name: rooms_roombookingrelation rooms_roombookingrelation_room_id_26c86fec_fk_rooms_room_id; Type: FK CONSTRAINT; Schema: public; Owner: estuary
--

ALTER TABLE ONLY public.rooms_roombookingrelation
    ADD CONSTRAINT rooms_roombookingrelation_room_id_26c86fec_fk_rooms_room_id FOREIGN KEY (room_id) REFERENCES public.rooms_room(id) DEFERRABLE INITIALLY DEFERRED;


--
-- Name: rooms_roomparticipant rooms_roomparticipant_room_id_03271fa5_fk_rooms_room_id; Type: FK CONSTRAINT; Schema: public; Owner: estuary
--

ALTER TABLE ONLY public.rooms_roomparticipant
    ADD CONSTRAINT rooms_roomparticipant_room_id_03271fa5_fk_rooms_room_id FOREIGN KEY (room_id) REFERENCES public.rooms_room(id) DEFERRABLE INITIALLY DEFERRED;


--
-- Name: rooms_roomparticipant rooms_roomparticipant_user_id_5a5ff12b_fk_users_user_id; Type: FK CONSTRAINT; Schema: public; Owner: estuary
--

ALTER TABLE ONLY public.rooms_roomparticipant
    ADD CONSTRAINT rooms_roomparticipant_user_id_5a5ff12b_fk_users_user_id FOREIGN KEY (user_id) REFERENCES public.users_user(id) DEFERRABLE INITIALLY DEFERRED;


--
-- Name: rooms_roomrecording rooms_roomrecording_room_id_2cd7cc18_fk_rooms_room_id; Type: FK CONSTRAINT; Schema: public; Owner: estuary
--

ALTER TABLE ONLY public.rooms_roomrecording
    ADD CONSTRAINT rooms_roomrecording_room_id_2cd7cc18_fk_rooms_room_id FOREIGN KEY (room_id) REFERENCES public.rooms_room(id) DEFERRABLE INITIALLY DEFERRED;


--
-- Name: rooms_roomtoken rooms_roomtoken_participant_id_e8745e53_fk_rooms_roo; Type: FK CONSTRAINT; Schema: public; Owner: estuary
--

ALTER TABLE ONLY public.rooms_roomtoken
    ADD CONSTRAINT rooms_roomtoken_participant_id_e8745e53_fk_rooms_roo FOREIGN KEY (participant_id) REFERENCES public.rooms_roomparticipant(id) DEFERRABLE INITIALLY DEFERRED;


--
-- Name: rooms_roomtoken rooms_roomtoken_room_id_10b43fac_fk_rooms_room_id; Type: FK CONSTRAINT; Schema: public; Owner: estuary
--

ALTER TABLE ONLY public.rooms_roomtoken
    ADD CONSTRAINT rooms_roomtoken_room_id_10b43fac_fk_rooms_room_id FOREIGN KEY (room_id) REFERENCES public.rooms_room(id) DEFERRABLE INITIALLY DEFERRED;


--
-- Name: rooms_roomtoken rooms_roomtoken_user_id_9acf1a73_fk_users_user_id; Type: FK CONSTRAINT; Schema: public; Owner: estuary
--

ALTER TABLE ONLY public.rooms_roomtoken
    ADD CONSTRAINT rooms_roomtoken_user_id_9acf1a73_fk_users_user_id FOREIGN KEY (user_id) REFERENCES public.users_user(id) DEFERRABLE INITIALLY DEFERRED;


--
-- Name: rooms_videotoken rooms_videotoken_booking_id_551ffa92_fk_bookings_booking_id; Type: FK CONSTRAINT; Schema: public; Owner: estuary
--

ALTER TABLE ONLY public.rooms_videotoken
    ADD CONSTRAINT rooms_videotoken_booking_id_551ffa92_fk_bookings_booking_id FOREIGN KEY (booking_id) REFERENCES public.bookings_booking(id) DEFERRABLE INITIALLY DEFERRED;


--
-- Name: rooms_videotoken rooms_videotoken_room_id_7511464d_fk_rooms_room_id; Type: FK CONSTRAINT; Schema: public; Owner: estuary
--

ALTER TABLE ONLY public.rooms_videotoken
    ADD CONSTRAINT rooms_videotoken_room_id_7511464d_fk_rooms_room_id FOREIGN KEY (room_id) REFERENCES public.rooms_room(id) DEFERRABLE INITIALLY DEFERRED;


--
-- Name: rooms_videotoken rooms_videotoken_user_id_4f8c7a7c_fk_users_user_id; Type: FK CONSTRAINT; Schema: public; Owner: estuary
--

ALTER TABLE ONLY public.rooms_videotoken
    ADD CONSTRAINT rooms_videotoken_user_id_4f8c7a7c_fk_users_user_id FOREIGN KEY (user_id) REFERENCES public.users_user(id) DEFERRABLE INITIALLY DEFERRED;


--
-- Name: schedule_availabilities schedule_availabilit_practitioner_id_8319a633_fk_practitio; Type: FK CONSTRAINT; Schema: public; Owner: estuary
--

ALTER TABLE ONLY public.schedule_availabilities
    ADD CONSTRAINT schedule_availabilit_practitioner_id_8319a633_fk_practitio FOREIGN KEY (practitioner_id) REFERENCES public.practitioners_practitioner(id) DEFERRABLE INITIALLY DEFERRED;


--
-- Name: schedule_availabilities schedule_availabilit_service_schedule_id_8c7c4277_fk_practitio; Type: FK CONSTRAINT; Schema: public; Owner: estuary
--

ALTER TABLE ONLY public.schedule_availabilities
    ADD CONSTRAINT schedule_availabilit_service_schedule_id_8c7c4277_fk_practitio FOREIGN KEY (service_schedule_id) REFERENCES public.practitioners_serviceschedule(id) DEFERRABLE INITIALLY DEFERRED;


--
-- Name: search_analytics search_analytics_user_id_c799382d_fk_users_user_id; Type: FK CONSTRAINT; Schema: public; Owner: estuary
--

ALTER TABLE ONLY public.search_analytics
    ADD CONSTRAINT search_analytics_user_id_c799382d_fk_users_user_id FOREIGN KEY (user_id) REFERENCES public.users_user(id) DEFERRABLE INITIALLY DEFERRED;


--
-- Name: search_logs search_logs_user_id_a26c986c_fk_users_user_id; Type: FK CONSTRAINT; Schema: public; Owner: estuary
--

ALTER TABLE ONLY public.search_logs
    ADD CONSTRAINT search_logs_user_id_a26c986c_fk_users_user_id FOREIGN KEY (user_id) REFERENCES public.users_user(id) DEFERRABLE INITIALLY DEFERRED;


--
-- Name: service_analytics service_analytics_service_id_2c9f9fb5_fk_services_service_id; Type: FK CONSTRAINT; Schema: public; Owner: estuary
--

ALTER TABLE ONLY public.service_analytics
    ADD CONSTRAINT service_analytics_service_id_2c9f9fb5_fk_services_service_id FOREIGN KEY (service_id) REFERENCES public.services_service(id) DEFERRABLE INITIALLY DEFERRED;


--
-- Name: service_benefits service_benefits_service_id_522c03e8_fk_services_service_id; Type: FK CONSTRAINT; Schema: public; Owner: estuary
--

ALTER TABLE ONLY public.service_benefits
    ADD CONSTRAINT service_benefits_service_id_522c03e8_fk_services_service_id FOREIGN KEY (service_id) REFERENCES public.services_service(id) DEFERRABLE INITIALLY DEFERRED;


--
-- Name: service_benefits service_benefits_session_id_cfbb777d_fk_service_sessions_id; Type: FK CONSTRAINT; Schema: public; Owner: estuary
--

ALTER TABLE ONLY public.service_benefits
    ADD CONSTRAINT service_benefits_session_id_cfbb777d_fk_service_sessions_id FOREIGN KEY (session_id) REFERENCES public.service_sessions(id) DEFERRABLE INITIALLY DEFERRED;


--
-- Name: service_relationships service_relationship_child_service_id_969ae838_fk_services_; Type: FK CONSTRAINT; Schema: public; Owner: estuary
--

ALTER TABLE ONLY public.service_relationships
    ADD CONSTRAINT service_relationship_child_service_id_969ae838_fk_services_ FOREIGN KEY (child_service_id) REFERENCES public.services_service(id) DEFERRABLE INITIALLY DEFERRED;


--
-- Name: service_relationships service_relationship_parent_service_id_578da3a4_fk_services_; Type: FK CONSTRAINT; Schema: public; Owner: estuary
--

ALTER TABLE ONLY public.service_relationships
    ADD CONSTRAINT service_relationship_parent_service_id_578da3a4_fk_services_ FOREIGN KEY (parent_service_id) REFERENCES public.services_service(id) DEFERRABLE INITIALLY DEFERRED;


--
-- Name: service_sessions service_sessions_address_id_19729d42_fk_utils_address_id; Type: FK CONSTRAINT; Schema: public; Owner: estuary
--

ALTER TABLE ONLY public.service_sessions
    ADD CONSTRAINT service_sessions_address_id_19729d42_fk_utils_address_id FOREIGN KEY (address_id) REFERENCES public.utils_address(id) DEFERRABLE INITIALLY DEFERRED;


--
-- Name: service_sessions service_sessions_room_id_1546776b_fk_rooms_room_id; Type: FK CONSTRAINT; Schema: public; Owner: estuary
--

ALTER TABLE ONLY public.service_sessions
    ADD CONSTRAINT service_sessions_room_id_1546776b_fk_rooms_room_id FOREIGN KEY (room_id) REFERENCES public.rooms_room(id) DEFERRABLE INITIALLY DEFERRED;


--
-- Name: service_sessions service_sessions_service_id_6ab8fcf7_fk_services_service_id; Type: FK CONSTRAINT; Schema: public; Owner: estuary
--

ALTER TABLE ONLY public.service_sessions
    ADD CONSTRAINT service_sessions_service_id_6ab8fcf7_fk_services_service_id FOREIGN KEY (service_id) REFERENCES public.services_service(id) DEFERRABLE INITIALLY DEFERRED;


--
-- Name: service_type_commissions service_type_commiss_service_type_id_94b2b076_fk_services_; Type: FK CONSTRAINT; Schema: public; Owner: estuary
--

ALTER TABLE ONLY public.service_type_commissions
    ADD CONSTRAINT service_type_commiss_service_type_id_94b2b076_fk_services_ FOREIGN KEY (service_type_id) REFERENCES public.services_servicetype(id) DEFERRABLE INITIALLY DEFERRED;


--
-- Name: service_views service_views_service_id_4fa46a9c_fk_services_service_id; Type: FK CONSTRAINT; Schema: public; Owner: estuary
--

ALTER TABLE ONLY public.service_views
    ADD CONSTRAINT service_views_service_id_4fa46a9c_fk_services_service_id FOREIGN KEY (service_id) REFERENCES public.services_service(id) DEFERRABLE INITIALLY DEFERRED;


--
-- Name: service_views service_views_user_id_c236f800_fk_users_user_id; Type: FK CONSTRAINT; Schema: public; Owner: estuary
--

ALTER TABLE ONLY public.service_views
    ADD CONSTRAINT service_views_user_id_c236f800_fk_users_user_id FOREIGN KEY (user_id) REFERENCES public.users_user(id) DEFERRABLE INITIALLY DEFERRED;


--
-- Name: services_practitionerservicecategory services_practitione_practitioner_id_e6a5367b_fk_practitio; Type: FK CONSTRAINT; Schema: public; Owner: estuary
--

ALTER TABLE ONLY public.services_practitionerservicecategory
    ADD CONSTRAINT services_practitione_practitioner_id_e6a5367b_fk_practitio FOREIGN KEY (practitioner_id) REFERENCES public.practitioners_practitioner(id) DEFERRABLE INITIALLY DEFERRED;


--
-- Name: services_service services_service_address_id_2bd4f710_fk_utils_address_id; Type: FK CONSTRAINT; Schema: public; Owner: estuary
--

ALTER TABLE ONLY public.services_service
    ADD CONSTRAINT services_service_address_id_2bd4f710_fk_utils_address_id FOREIGN KEY (address_id) REFERENCES public.utils_address(id) DEFERRABLE INITIALLY DEFERRED;


--
-- Name: services_service services_service_category_id_e15f8b7e_fk_services_; Type: FK CONSTRAINT; Schema: public; Owner: estuary
--

ALTER TABLE ONLY public.services_service
    ADD CONSTRAINT services_service_category_id_e15f8b7e_fk_services_ FOREIGN KEY (category_id) REFERENCES public.services_servicecategory(id) DEFERRABLE INITIALLY DEFERRED;


--
-- Name: services_service_languages services_service_lan_language_id_b5245e8b_fk_utils_lan; Type: FK CONSTRAINT; Schema: public; Owner: estuary
--

ALTER TABLE ONLY public.services_service_languages
    ADD CONSTRAINT services_service_lan_language_id_b5245e8b_fk_utils_lan FOREIGN KEY (language_id) REFERENCES public.utils_language(id) DEFERRABLE INITIALLY DEFERRED;


--
-- Name: services_service_languages services_service_lan_service_id_8eaa9edd_fk_services_; Type: FK CONSTRAINT; Schema: public; Owner: estuary
--

ALTER TABLE ONLY public.services_service_languages
    ADD CONSTRAINT services_service_lan_service_id_8eaa9edd_fk_services_ FOREIGN KEY (service_id) REFERENCES public.services_service(id) DEFERRABLE INITIALLY DEFERRED;


--
-- Name: services_service services_service_practitioner_categor_445eb8b3_fk_services_; Type: FK CONSTRAINT; Schema: public; Owner: estuary
--

ALTER TABLE ONLY public.services_service
    ADD CONSTRAINT services_service_practitioner_categor_445eb8b3_fk_services_ FOREIGN KEY (practitioner_category_id) REFERENCES public.services_practitionerservicecategory(id) DEFERRABLE INITIALLY DEFERRED;


--
-- Name: services_service services_service_primary_practitioner_144fe45d_fk_practitio; Type: FK CONSTRAINT; Schema: public; Owner: estuary
--

ALTER TABLE ONLY public.services_service
    ADD CONSTRAINT services_service_primary_practitioner_144fe45d_fk_practitio FOREIGN KEY (primary_practitioner_id) REFERENCES public.practitioners_practitioner(id) DEFERRABLE INITIALLY DEFERRED;


--
-- Name: services_service services_service_schedule_id_26f7e468_fk_practitio; Type: FK CONSTRAINT; Schema: public; Owner: estuary
--

ALTER TABLE ONLY public.services_service
    ADD CONSTRAINT services_service_schedule_id_26f7e468_fk_practitio FOREIGN KEY (schedule_id) REFERENCES public.practitioners_schedule(id) DEFERRABLE INITIALLY DEFERRED;


--
-- Name: services_service services_service_service_type_id_6d1ff243_fk_services_; Type: FK CONSTRAINT; Schema: public; Owner: estuary
--

ALTER TABLE ONLY public.services_service
    ADD CONSTRAINT services_service_service_type_id_6d1ff243_fk_services_ FOREIGN KEY (service_type_id) REFERENCES public.services_servicetype(id) DEFERRABLE INITIALLY DEFERRED;


--
-- Name: services_servicepractitioner services_serviceprac_practitioner_id_f0a24cba_fk_practitio; Type: FK CONSTRAINT; Schema: public; Owner: estuary
--

ALTER TABLE ONLY public.services_servicepractitioner
    ADD CONSTRAINT services_serviceprac_practitioner_id_f0a24cba_fk_practitio FOREIGN KEY (practitioner_id) REFERENCES public.practitioners_practitioner(id) DEFERRABLE INITIALLY DEFERRED;


--
-- Name: services_servicepractitioner services_serviceprac_service_id_5299bb35_fk_services_; Type: FK CONSTRAINT; Schema: public; Owner: estuary
--

ALTER TABLE ONLY public.services_servicepractitioner
    ADD CONSTRAINT services_serviceprac_service_id_5299bb35_fk_services_ FOREIGN KEY (service_id) REFERENCES public.services_service(id) DEFERRABLE INITIALLY DEFERRED;


--
-- Name: services_serviceresource services_servicereso_booking_id_f9f2564f_fk_bookings_; Type: FK CONSTRAINT; Schema: public; Owner: estuary
--

ALTER TABLE ONLY public.services_serviceresource
    ADD CONSTRAINT services_servicereso_booking_id_f9f2564f_fk_bookings_ FOREIGN KEY (booking_id) REFERENCES public.bookings_booking(id) DEFERRABLE INITIALLY DEFERRED;


--
-- Name: services_serviceresourceaccess services_servicereso_resource_id_faf7ad82_fk_services_; Type: FK CONSTRAINT; Schema: public; Owner: estuary
--

ALTER TABLE ONLY public.services_serviceresourceaccess
    ADD CONSTRAINT services_servicereso_resource_id_faf7ad82_fk_services_ FOREIGN KEY (resource_id) REFERENCES public.services_serviceresource(id) DEFERRABLE INITIALLY DEFERRED;


--
-- Name: services_serviceresource services_servicereso_service_id_327188f7_fk_services_; Type: FK CONSTRAINT; Schema: public; Owner: estuary
--

ALTER TABLE ONLY public.services_serviceresource
    ADD CONSTRAINT services_servicereso_service_id_327188f7_fk_services_ FOREIGN KEY (service_id) REFERENCES public.services_service(id) DEFERRABLE INITIALLY DEFERRED;


--
-- Name: services_serviceresource services_servicereso_service_session_id_a074d578_fk_service_s; Type: FK CONSTRAINT; Schema: public; Owner: estuary
--

ALTER TABLE ONLY public.services_serviceresource
    ADD CONSTRAINT services_servicereso_service_session_id_a074d578_fk_service_s FOREIGN KEY (service_session_id) REFERENCES public.service_sessions(id) DEFERRABLE INITIALLY DEFERRED;


--
-- Name: services_serviceresource services_servicereso_uploaded_by_id_f051dcd4_fk_practitio; Type: FK CONSTRAINT; Schema: public; Owner: estuary
--

ALTER TABLE ONLY public.services_serviceresource
    ADD CONSTRAINT services_servicereso_uploaded_by_id_f051dcd4_fk_practitio FOREIGN KEY (uploaded_by_id) REFERENCES public.practitioners_practitioner(id) DEFERRABLE INITIALLY DEFERRED;


--
-- Name: services_serviceresourceaccess services_servicereso_user_id_6a433c90_fk_users_use; Type: FK CONSTRAINT; Schema: public; Owner: estuary
--

ALTER TABLE ONLY public.services_serviceresourceaccess
    ADD CONSTRAINT services_servicereso_user_id_6a433c90_fk_users_use FOREIGN KEY (user_id) REFERENCES public.users_user(id) DEFERRABLE INITIALLY DEFERRED;


--
-- Name: services_servicetype services_servicetype_category_id_7a4a71b9_fk_services_; Type: FK CONSTRAINT; Schema: public; Owner: estuary
--

ALTER TABLE ONLY public.services_servicetype
    ADD CONSTRAINT services_servicetype_category_id_7a4a71b9_fk_services_ FOREIGN KEY (category_id) REFERENCES public.services_servicecategory(id) DEFERRABLE INITIALLY DEFERRED;


--
-- Name: session_agenda_items session_agenda_items_service_id_5c1d5f59_fk_services_service_id; Type: FK CONSTRAINT; Schema: public; Owner: estuary
--

ALTER TABLE ONLY public.session_agenda_items
    ADD CONSTRAINT session_agenda_items_service_id_5c1d5f59_fk_services_service_id FOREIGN KEY (service_id) REFERENCES public.services_service(id) DEFERRABLE INITIALLY DEFERRED;


--
-- Name: session_agenda_items session_agenda_items_session_id_4065cb34_fk_service_sessions_id; Type: FK CONSTRAINT; Schema: public; Owner: estuary
--

ALTER TABLE ONLY public.session_agenda_items
    ADD CONSTRAINT session_agenda_items_session_id_4065cb34_fk_service_sessions_id FOREIGN KEY (session_id) REFERENCES public.service_sessions(id) DEFERRABLE INITIALLY DEFERRED;


--
-- Name: session_participants session_participants_booking_id_81649126_fk_bookings_booking_id; Type: FK CONSTRAINT; Schema: public; Owner: estuary
--

ALTER TABLE ONLY public.session_participants
    ADD CONSTRAINT session_participants_booking_id_81649126_fk_bookings_booking_id FOREIGN KEY (booking_id) REFERENCES public.bookings_booking(id) DEFERRABLE INITIALLY DEFERRED;


--
-- Name: session_participants session_participants_session_id_12edbd63_fk_service_sessions_id; Type: FK CONSTRAINT; Schema: public; Owner: estuary
--

ALTER TABLE ONLY public.session_participants
    ADD CONSTRAINT session_participants_session_id_12edbd63_fk_service_sessions_id FOREIGN KEY (session_id) REFERENCES public.service_sessions(id) DEFERRABLE INITIALLY DEFERRED;


--
-- Name: session_participants session_participants_user_id_8fc38540_fk_users_user_id; Type: FK CONSTRAINT; Schema: public; Owner: estuary
--

ALTER TABLE ONLY public.session_participants
    ADD CONSTRAINT session_participants_user_id_8fc38540_fk_users_user_id FOREIGN KEY (user_id) REFERENCES public.users_user(id) DEFERRABLE INITIALLY DEFERRED;


--
-- Name: streams_livestream streams_livestream_practitioner_id_7e24494f_fk_practitio; Type: FK CONSTRAINT; Schema: public; Owner: estuary
--

ALTER TABLE ONLY public.streams_livestream
    ADD CONSTRAINT streams_livestream_practitioner_id_7e24494f_fk_practitio FOREIGN KEY (practitioner_id) REFERENCES public.practitioners_practitioner(id) DEFERRABLE INITIALLY DEFERRED;


--
-- Name: streams_livestream streams_livestream_room_id_100282e0_fk_rooms_room_id; Type: FK CONSTRAINT; Schema: public; Owner: estuary
--

ALTER TABLE ONLY public.streams_livestream
    ADD CONSTRAINT streams_livestream_room_id_100282e0_fk_rooms_room_id FOREIGN KEY (room_id) REFERENCES public.rooms_room(id) DEFERRABLE INITIALLY DEFERRED;


--
-- Name: streams_livestream streams_livestream_stream_id_4222eee6_fk_streams_stream_id; Type: FK CONSTRAINT; Schema: public; Owner: estuary
--

ALTER TABLE ONLY public.streams_livestream
    ADD CONSTRAINT streams_livestream_stream_id_4222eee6_fk_streams_stream_id FOREIGN KEY (stream_id) REFERENCES public.streams_stream(id) DEFERRABLE INITIALLY DEFERRED;


--
-- Name: streams_livestreamanalytics streams_livestreaman_live_stream_id_34994ad9_fk_streams_l; Type: FK CONSTRAINT; Schema: public; Owner: estuary
--

ALTER TABLE ONLY public.streams_livestreamanalytics
    ADD CONSTRAINT streams_livestreaman_live_stream_id_34994ad9_fk_streams_l FOREIGN KEY (live_stream_id) REFERENCES public.streams_livestream(id) DEFERRABLE INITIALLY DEFERRED;


--
-- Name: streams_livestreamviewer streams_livestreamvi_live_stream_id_e437cb95_fk_streams_l; Type: FK CONSTRAINT; Schema: public; Owner: estuary
--

ALTER TABLE ONLY public.streams_livestreamviewer
    ADD CONSTRAINT streams_livestreamvi_live_stream_id_e437cb95_fk_streams_l FOREIGN KEY (live_stream_id) REFERENCES public.streams_livestream(id) DEFERRABLE INITIALLY DEFERRED;


--
-- Name: streams_livestreamviewer streams_livestreamviewer_user_id_30da6767_fk_users_user_id; Type: FK CONSTRAINT; Schema: public; Owner: estuary
--

ALTER TABLE ONLY public.streams_livestreamviewer
    ADD CONSTRAINT streams_livestreamviewer_user_id_30da6767_fk_users_user_id FOREIGN KEY (user_id) REFERENCES public.users_user(id) DEFERRABLE INITIALLY DEFERRED;


--
-- Name: streams_stream_categories streams_stream_categ_stream_id_67fc080c_fk_streams_s; Type: FK CONSTRAINT; Schema: public; Owner: estuary
--

ALTER TABLE ONLY public.streams_stream_categories
    ADD CONSTRAINT streams_stream_categ_stream_id_67fc080c_fk_streams_s FOREIGN KEY (stream_id) REFERENCES public.streams_stream(id) DEFERRABLE INITIALLY DEFERRED;


--
-- Name: streams_stream_categories streams_stream_categ_streamcategory_id_dac6f434_fk_streams_s; Type: FK CONSTRAINT; Schema: public; Owner: estuary
--

ALTER TABLE ONLY public.streams_stream_categories
    ADD CONSTRAINT streams_stream_categ_streamcategory_id_dac6f434_fk_streams_s FOREIGN KEY (streamcategory_id) REFERENCES public.streams_streamcategory(id) DEFERRABLE INITIALLY DEFERRED;


--
-- Name: streams_stream streams_stream_practitioner_id_3099ae7d_fk_practitio; Type: FK CONSTRAINT; Schema: public; Owner: estuary
--

ALTER TABLE ONLY public.streams_stream
    ADD CONSTRAINT streams_stream_practitioner_id_3099ae7d_fk_practitio FOREIGN KEY (practitioner_id) REFERENCES public.practitioners_practitioner(id) DEFERRABLE INITIALLY DEFERRED;


--
-- Name: streams_streamanalytics streams_streamanalytics_stream_id_b38153a4_fk_streams_stream_id; Type: FK CONSTRAINT; Schema: public; Owner: estuary
--

ALTER TABLE ONLY public.streams_streamanalytics
    ADD CONSTRAINT streams_streamanalytics_stream_id_b38153a4_fk_streams_stream_id FOREIGN KEY (stream_id) REFERENCES public.streams_stream(id) DEFERRABLE INITIALLY DEFERRED;


--
-- Name: streams_streampost streams_streampost_stream_id_d48395d2_fk_streams_stream_id; Type: FK CONSTRAINT; Schema: public; Owner: estuary
--

ALTER TABLE ONLY public.streams_streampost
    ADD CONSTRAINT streams_streampost_stream_id_d48395d2_fk_streams_stream_id FOREIGN KEY (stream_id) REFERENCES public.streams_stream(id) DEFERRABLE INITIALLY DEFERRED;


--
-- Name: streams_streampostcomment streams_streampostco_parent_comment_id_bdff8d14_fk_streams_s; Type: FK CONSTRAINT; Schema: public; Owner: estuary
--

ALTER TABLE ONLY public.streams_streampostcomment
    ADD CONSTRAINT streams_streampostco_parent_comment_id_bdff8d14_fk_streams_s FOREIGN KEY (parent_comment_id) REFERENCES public.streams_streampostcomment(id) DEFERRABLE INITIALLY DEFERRED;


--
-- Name: streams_streampostcomment streams_streampostco_post_id_b38f1554_fk_streams_s; Type: FK CONSTRAINT; Schema: public; Owner: estuary
--

ALTER TABLE ONLY public.streams_streampostcomment
    ADD CONSTRAINT streams_streampostco_post_id_b38f1554_fk_streams_s FOREIGN KEY (post_id) REFERENCES public.streams_streampost(id) DEFERRABLE INITIALLY DEFERRED;


--
-- Name: streams_streampostcomment streams_streampostcomment_user_id_e133e5c3_fk_users_user_id; Type: FK CONSTRAINT; Schema: public; Owner: estuary
--

ALTER TABLE ONLY public.streams_streampostcomment
    ADD CONSTRAINT streams_streampostcomment_user_id_e133e5c3_fk_users_user_id FOREIGN KEY (user_id) REFERENCES public.users_user(id) DEFERRABLE INITIALLY DEFERRED;


--
-- Name: streams_streampostlike streams_streampostli_post_id_f5c87721_fk_streams_s; Type: FK CONSTRAINT; Schema: public; Owner: estuary
--

ALTER TABLE ONLY public.streams_streampostlike
    ADD CONSTRAINT streams_streampostli_post_id_f5c87721_fk_streams_s FOREIGN KEY (post_id) REFERENCES public.streams_streampost(id) DEFERRABLE INITIALLY DEFERRED;


--
-- Name: streams_streampostlike streams_streampostlike_user_id_db495252_fk_users_user_id; Type: FK CONSTRAINT; Schema: public; Owner: estuary
--

ALTER TABLE ONLY public.streams_streampostlike
    ADD CONSTRAINT streams_streampostlike_user_id_db495252_fk_users_user_id FOREIGN KEY (user_id) REFERENCES public.users_user(id) DEFERRABLE INITIALLY DEFERRED;


--
-- Name: streams_streampostmedia streams_streampostme_post_id_b77a1dec_fk_streams_s; Type: FK CONSTRAINT; Schema: public; Owner: estuary
--

ALTER TABLE ONLY public.streams_streampostmedia
    ADD CONSTRAINT streams_streampostme_post_id_b77a1dec_fk_streams_s FOREIGN KEY (post_id) REFERENCES public.streams_streampost(id) DEFERRABLE INITIALLY DEFERRED;


--
-- Name: streams_streampostview streams_streampostvi_post_id_1d5fb7af_fk_streams_s; Type: FK CONSTRAINT; Schema: public; Owner: estuary
--

ALTER TABLE ONLY public.streams_streampostview
    ADD CONSTRAINT streams_streampostvi_post_id_1d5fb7af_fk_streams_s FOREIGN KEY (post_id) REFERENCES public.streams_streampost(id) DEFERRABLE INITIALLY DEFERRED;


--
-- Name: streams_streampostview streams_streampostview_user_id_794cbe84_fk_users_user_id; Type: FK CONSTRAINT; Schema: public; Owner: estuary
--

ALTER TABLE ONLY public.streams_streampostview
    ADD CONSTRAINT streams_streampostview_user_id_794cbe84_fk_users_user_id FOREIGN KEY (user_id) REFERENCES public.users_user(id) DEFERRABLE INITIALLY DEFERRED;


--
-- Name: streams_streamschedule streams_streamschedule_stream_id_81214abf_fk_streams_stream_id; Type: FK CONSTRAINT; Schema: public; Owner: estuary
--

ALTER TABLE ONLY public.streams_streamschedule
    ADD CONSTRAINT streams_streamschedule_stream_id_81214abf_fk_streams_stream_id FOREIGN KEY (stream_id) REFERENCES public.streams_stream(id) DEFERRABLE INITIALLY DEFERRED;


--
-- Name: streams_streamsubscription streams_streamsubscr_stream_id_4a2249f8_fk_streams_s; Type: FK CONSTRAINT; Schema: public; Owner: estuary
--

ALTER TABLE ONLY public.streams_streamsubscription
    ADD CONSTRAINT streams_streamsubscr_stream_id_4a2249f8_fk_streams_s FOREIGN KEY (stream_id) REFERENCES public.streams_stream(id) DEFERRABLE INITIALLY DEFERRED;


--
-- Name: streams_streamsubscription streams_streamsubscription_user_id_cd506f56_fk_users_user_id; Type: FK CONSTRAINT; Schema: public; Owner: estuary
--

ALTER TABLE ONLY public.streams_streamsubscription
    ADD CONSTRAINT streams_streamsubscription_user_id_cd506f56_fk_users_user_id FOREIGN KEY (user_id) REFERENCES public.users_user(id) DEFERRABLE INITIALLY DEFERRED;


--
-- Name: streams_streamtip streams_streamtip_post_id_be001b3a_fk_streams_streampost_id; Type: FK CONSTRAINT; Schema: public; Owner: estuary
--

ALTER TABLE ONLY public.streams_streamtip
    ADD CONSTRAINT streams_streamtip_post_id_be001b3a_fk_streams_streampost_id FOREIGN KEY (post_id) REFERENCES public.streams_streampost(id) DEFERRABLE INITIALLY DEFERRED;


--
-- Name: streams_streamtip streams_streamtip_stream_id_9d91305b_fk_streams_stream_id; Type: FK CONSTRAINT; Schema: public; Owner: estuary
--

ALTER TABLE ONLY public.streams_streamtip
    ADD CONSTRAINT streams_streamtip_stream_id_9d91305b_fk_streams_stream_id FOREIGN KEY (stream_id) REFERENCES public.streams_stream(id) DEFERRABLE INITIALLY DEFERRED;


--
-- Name: streams_streamtip streams_streamtip_user_id_a6c4867a_fk_users_user_id; Type: FK CONSTRAINT; Schema: public; Owner: estuary
--

ALTER TABLE ONLY public.streams_streamtip
    ADD CONSTRAINT streams_streamtip_user_id_a6c4867a_fk_users_user_id FOREIGN KEY (user_id) REFERENCES public.users_user(id) DEFERRABLE INITIALLY DEFERRED;


--
-- Name: tier_commission_adjustments tier_commission_adju_service_type_commiss_a1bef6b5_fk_service_t; Type: FK CONSTRAINT; Schema: public; Owner: estuary
--

ALTER TABLE ONLY public.tier_commission_adjustments
    ADD CONSTRAINT tier_commission_adju_service_type_commiss_a1bef6b5_fk_service_t FOREIGN KEY (service_type_commission_id) REFERENCES public.service_type_commissions(id) DEFERRABLE INITIALLY DEFERRED;


--
-- Name: tier_commission_adjustments tier_commission_adju_tier_id_6080f048_fk_subscript; Type: FK CONSTRAINT; Schema: public; Owner: estuary
--

ALTER TABLE ONLY public.tier_commission_adjustments
    ADD CONSTRAINT tier_commission_adju_tier_id_6080f048_fk_subscript FOREIGN KEY (tier_id) REFERENCES public.subscription_tiers(id) DEFERRABLE INITIALLY DEFERRED;


--
-- Name: token_blacklist_blacklistedtoken token_blacklist_blacklistedtoken_token_id_3cc7fe56_fk; Type: FK CONSTRAINT; Schema: public; Owner: estuary
--

ALTER TABLE ONLY public.token_blacklist_blacklistedtoken
    ADD CONSTRAINT token_blacklist_blacklistedtoken_token_id_3cc7fe56_fk FOREIGN KEY (token_id) REFERENCES public.token_blacklist_outstandingtoken(id) DEFERRABLE INITIALLY DEFERRED;


--
-- Name: token_blacklist_outstandingtoken token_blacklist_outs_user_id_83bc629a_fk_users_use; Type: FK CONSTRAINT; Schema: public; Owner: estuary
--

ALTER TABLE ONLY public.token_blacklist_outstandingtoken
    ADD CONSTRAINT token_blacklist_outs_user_id_83bc629a_fk_users_use FOREIGN KEY (user_id) REFERENCES public.users_user(id) DEFERRABLE INITIALLY DEFERRED;


--
-- Name: user_engagement user_engagement_user_id_6cfc5493_fk_users_user_id; Type: FK CONSTRAINT; Schema: public; Owner: estuary
--

ALTER TABLE ONLY public.user_engagement
    ADD CONSTRAINT user_engagement_user_id_6cfc5493_fk_users_user_id FOREIGN KEY (user_id) REFERENCES public.users_user(id) DEFERRABLE INITIALLY DEFERRED;


--
-- Name: users_user_groups users_user_groups_group_id_9afc8d0e_fk_auth_group_id; Type: FK CONSTRAINT; Schema: public; Owner: estuary
--

ALTER TABLE ONLY public.users_user_groups
    ADD CONSTRAINT users_user_groups_group_id_9afc8d0e_fk_auth_group_id FOREIGN KEY (group_id) REFERENCES public.auth_group(id) DEFERRABLE INITIALLY DEFERRED;


--
-- Name: users_user_groups users_user_groups_user_id_5f6f5a90_fk_users_user_id; Type: FK CONSTRAINT; Schema: public; Owner: estuary
--

ALTER TABLE ONLY public.users_user_groups
    ADD CONSTRAINT users_user_groups_user_id_5f6f5a90_fk_users_user_id FOREIGN KEY (user_id) REFERENCES public.users_user(id) DEFERRABLE INITIALLY DEFERRED;


--
-- Name: users_user_user_permissions users_user_user_perm_permission_id_0b93982e_fk_auth_perm; Type: FK CONSTRAINT; Schema: public; Owner: estuary
--

ALTER TABLE ONLY public.users_user_user_permissions
    ADD CONSTRAINT users_user_user_perm_permission_id_0b93982e_fk_auth_perm FOREIGN KEY (permission_id) REFERENCES public.auth_permission(id) DEFERRABLE INITIALLY DEFERRED;


--
-- Name: users_user_user_permissions users_user_user_permissions_user_id_20aca447_fk_users_user_id; Type: FK CONSTRAINT; Schema: public; Owner: estuary
--

ALTER TABLE ONLY public.users_user_user_permissions
    ADD CONSTRAINT users_user_user_permissions_user_id_20aca447_fk_users_user_id FOREIGN KEY (user_id) REFERENCES public.users_user(id) DEFERRABLE INITIALLY DEFERRED;


--
-- Name: users_userfavoritepractitioner users_userfavoritepr_practitioner_id_35a886a4_fk_practitio; Type: FK CONSTRAINT; Schema: public; Owner: estuary
--

ALTER TABLE ONLY public.users_userfavoritepractitioner
    ADD CONSTRAINT users_userfavoritepr_practitioner_id_35a886a4_fk_practitio FOREIGN KEY (practitioner_id) REFERENCES public.practitioners_practitioner(id) DEFERRABLE INITIALLY DEFERRED;


--
-- Name: users_userfavoritepractitioner users_userfavoritepr_user_id_969d5769_fk_users_use; Type: FK CONSTRAINT; Schema: public; Owner: estuary
--

ALTER TABLE ONLY public.users_userfavoritepractitioner
    ADD CONSTRAINT users_userfavoritepr_user_id_969d5769_fk_users_use FOREIGN KEY (user_id) REFERENCES public.users_user(id) DEFERRABLE INITIALLY DEFERRED;


--
-- Name: users_userfavoriteservice users_userfavoritese_service_id_90960c13_fk_services_; Type: FK CONSTRAINT; Schema: public; Owner: estuary
--

ALTER TABLE ONLY public.users_userfavoriteservice
    ADD CONSTRAINT users_userfavoritese_service_id_90960c13_fk_services_ FOREIGN KEY (service_id) REFERENCES public.services_service(id) DEFERRABLE INITIALLY DEFERRED;


--
-- Name: users_userfavoriteservice users_userfavoriteservice_user_id_653d7711_fk_users_user_id; Type: FK CONSTRAINT; Schema: public; Owner: estuary
--

ALTER TABLE ONLY public.users_userfavoriteservice
    ADD CONSTRAINT users_userfavoriteservice_user_id_653d7711_fk_users_user_id FOREIGN KEY (user_id) REFERENCES public.users_user(id) DEFERRABLE INITIALLY DEFERRED;


--
-- Name: users_userpaymentprofile users_userpaymentprofile_user_id_c92ba887_fk_users_user_id; Type: FK CONSTRAINT; Schema: public; Owner: estuary
--

ALTER TABLE ONLY public.users_userpaymentprofile
    ADD CONSTRAINT users_userpaymentprofile_user_id_c92ba887_fk_users_user_id FOREIGN KEY (user_id) REFERENCES public.users_user(id) DEFERRABLE INITIALLY DEFERRED;


--
-- Name: users_userprofile users_userprofile_address_id_83ef79d9_fk_utils_address_id; Type: FK CONSTRAINT; Schema: public; Owner: estuary
--

ALTER TABLE ONLY public.users_userprofile
    ADD CONSTRAINT users_userprofile_address_id_83ef79d9_fk_utils_address_id FOREIGN KEY (address_id) REFERENCES public.utils_address(id) DEFERRABLE INITIALLY DEFERRED;


--
-- Name: users_userprofile users_userprofile_user_id_87251ef1_fk_users_user_id; Type: FK CONSTRAINT; Schema: public; Owner: estuary
--

ALTER TABLE ONLY public.users_userprofile
    ADD CONSTRAINT users_userprofile_user_id_87251ef1_fk_users_user_id FOREIGN KEY (user_id) REFERENCES public.users_user(id) DEFERRABLE INITIALLY DEFERRED;


--
-- Name: users_usersociallinks users_usersociallinks_user_id_f26307d2_fk_users_user_id; Type: FK CONSTRAINT; Schema: public; Owner: estuary
--

ALTER TABLE ONLY public.users_usersociallinks
    ADD CONSTRAINT users_usersociallinks_user_id_f26307d2_fk_users_user_id FOREIGN KEY (user_id) REFERENCES public.users_user(id) DEFERRABLE INITIALLY DEFERRED;


--
-- Name: utils_address utils_address_country_id_eaa8af30_fk_locations_country_id; Type: FK CONSTRAINT; Schema: public; Owner: estuary
--

ALTER TABLE ONLY public.utils_address
    ADD CONSTRAINT utils_address_country_id_eaa8af30_fk_locations_country_id FOREIGN KEY (country_id) REFERENCES public.locations_country(id) DEFERRABLE INITIALLY DEFERRED;


--
-- Name: utils_holiday utils_holiday_country_id_0e00e220_fk_locations_country_id; Type: FK CONSTRAINT; Schema: public; Owner: estuary
--

ALTER TABLE ONLY public.utils_holiday
    ADD CONSTRAINT utils_holiday_country_id_0e00e220_fk_locations_country_id FOREIGN KEY (country_id) REFERENCES public.locations_country(id) DEFERRABLE INITIALLY DEFERRED;


--
-- Name: verification_documents verification_documen_practitioner_id_52638102_fk_practitio; Type: FK CONSTRAINT; Schema: public; Owner: estuary
--

ALTER TABLE ONLY public.verification_documents
    ADD CONSTRAINT verification_documen_practitioner_id_52638102_fk_practitio FOREIGN KEY (practitioner_id) REFERENCES public.practitioners_practitioner(id) DEFERRABLE INITIALLY DEFERRED;


--
-- Name: waitlists waitlists_service_id_f3465be7_fk_services_service_id; Type: FK CONSTRAINT; Schema: public; Owner: estuary
--

ALTER TABLE ONLY public.waitlists
    ADD CONSTRAINT waitlists_service_id_f3465be7_fk_services_service_id FOREIGN KEY (service_id) REFERENCES public.services_service(id) DEFERRABLE INITIALLY DEFERRED;


--
-- Name: waitlists waitlists_service_session_id_356e7a66_fk_service_sessions_id; Type: FK CONSTRAINT; Schema: public; Owner: estuary
--

ALTER TABLE ONLY public.waitlists
    ADD CONSTRAINT waitlists_service_session_id_356e7a66_fk_service_sessions_id FOREIGN KEY (service_session_id) REFERENCES public.service_sessions(id) DEFERRABLE INITIALLY DEFERRED;


--
-- Name: waitlists waitlists_user_id_a61cea2a_fk_users_user_id; Type: FK CONSTRAINT; Schema: public; Owner: estuary
--

ALTER TABLE ONLY public.waitlists
    ADD CONSTRAINT waitlists_user_id_a61cea2a_fk_users_user_id FOREIGN KEY (user_id) REFERENCES public.users_user(id) DEFERRABLE INITIALLY DEFERRED;


--
-- Name: SCHEMA public; Type: ACL; Schema: -; Owner: pg_database_owner
--

GRANT CREATE ON SCHEMA public TO estuary;


--
-- PostgreSQL database dump complete
--

